tag_name,pi_sensor,scope,blr_unit,measurement_type,pi_found
BOILER_FG_CH4_CONCENTRATION_ARRAZI,AR.AR5.DCS.Process.AI51211.PV,boiler_equipment,ARRAZI,Flue Gas Composition (Arrazi),True
BOILER_FG_ETHANE_CONCENTRATION_ARRAZI,AR.AR5.DCS.Process.AI51212.PV,boiler_equipment,ARRAZI,Flue Gas Composition (Arrazi),True
BOILER_FG_IC4_CONCENTRATION_ARRAZI,AR.AR5.DCS.Process.AI51215.PV,boiler_equipment,ARRAZI,Flue Gas Composition (Arrazi),True
BOILER_FG_IC5_CONCENTRATION_ARRAZI,AR.AR5.DCS.Process.AI512111.PV,boiler_equipment,ARRAZI,Flue Gas Composition (Arrazi),True
BOILER_FG_N2_CONCENTRATION_ARRAZI,AR.AR5.DCS.Process.AI51219.PV,boiler_equipment,ARRAZI,Flue Gas Composition (Arrazi),True
BOILER_FG_NC4_CONCENTRATION_ARRAZI,AR.AR5.DCS.Process.AI51214.PV,boiler_equipment,ARRAZI,Flue Gas Composition (Arrazi),True
BOILER_FG_NC5_CONCENTRATION_ARRAZI,AR.AR5.DCS.Process.AI512110.PV,boiler_equipment,ARRAZI,Flue Gas Composition (Arrazi),True
BOILER_FG_PROPANE_CONCENTRATION_ARRAZI,AR.AR5.DCS.Process.AI51213.PV,boiler_equipment,ARRAZI,Flue Gas Composition (Arrazi),True
BLR_1_HPS_Gen_raw,UN.UO.71FI1101.PV,boiler_equipment,BLR_1,Steam Generation,True
BOILER_A_CBD,UN.UO.71FC1100.PV,boiler_equipment,BLR_1,Continuous Blowdown,True
BOILER_A_CO2_Fuel_Emission_Factor,UN.UO.BO-7101A.Boiler_Co2_Formed_PEEO_CALC_OUTPUT,boiler_equipment,BLR_1,CO2 Emission Factor (PEEO),True
BOILER_A_CONDUCTIVITY,UN.UO.71AC1101.PV,boiler_equipment,BLR_1,Boiler Water Conductivity,True
BOILER_A_FLUE_GAS_OXGYGEN,UN.UO.71AC1104.PV,boiler_equipment,BLR_1,Other,True
BOILER_A_PH_ANALYZER,UN.UO.71AI1102.PV,boiler_equipment,BLR_1,Boiler Water pH,True
BOILER_A_STACK_TEMPERATURE,UN.UO.71TI1107.PV,boiler_equipment,BLR_1,Stack Temperature,True
Boielr_A_Fuel_Gas_Flow,UN.UO.71FC1104.PV,boiler_equipment,BLR_1,Fuel Gas Flow,True
Boiler_A_Combustion_Air_Temperature,UN.UO.71TI1114B.PV,boiler_equipment,BLR_1,Combustion Air Temperature,True
Boiler_A_Main_Fuel_Gas_Temperature,UN.UO.71TI1113.PV,boiler_equipment,BLR_1,Fuel Gas Temperature,True
FD_Fan_BLR_1_Steam_raw,UN.UO.71FI1108.PV,boiler_equipment,BLR_1,FD Fan Inlet Steam,True
Fuel_BLR_1_raw,UN.UO.BO-7101A.Boiler_Corrected_Fuel_Flow_PEEO_CALC_OUTPUT,boiler_equipment,BLR_1,Fuel Flow (PEEO corrected),True
BFW_B_Turb_Steam_raw,UN.UO.71FI1812.PV,boiler_equipment,BLR_2,BFW Pump Driver Steam,True
BLR_2_HPS_Gen_raw,UN.UO.71FI1201.PV,boiler_equipment,BLR_2,Steam Generation,True
BOILER_B_CBD,UN.UO.71FC1200.PV,boiler_equipment,BLR_2,Continuous Blowdown,True
BOILER_B_CO2_Fuel_Emission_Factor,UN.UO.BO-7101B.Boiler_Co2_Formed_PEEO_CALC_OUTPUT,boiler_equipment,BLR_2,CO2 Emission Factor (PEEO),True
BOILER_B_CONDUCTIVITY,UN.UO.71AC1201.PV,boiler_equipment,BLR_2,Boiler Water Conductivity,True
BOILER_B_FLUE_GAS_OXGYGEN,UN.UO.71AC1204.PV,boiler_equipment,BLR_2,Other,True
BOILER_B_PH_ANALYZER,UN.UO.71AI1202.PV,boiler_equipment,BLR_2,Boiler Water pH,True
BOILER_B_STACK_TEMPERATURE,UN.UO.71TI1207.PV,boiler_equipment,BLR_2,Stack Temperature,True
Boielr_B_Fuel_Gas_Flow,UN.UO.71FC1204.PV,boiler_equipment,BLR_2,Fuel Gas Flow,True
Boiler_B_Combustion_Air_Temperature,UN.UO.71TI1214B.PV,boiler_equipment,BLR_2,Combustion Air Temperature,True
Boiler_B_Main_Fuel_Gas_Temperature,UN.UO.71TI1213.PV,boiler_equipment,BLR_2,Fuel Gas Temperature,True
FD_Fan_BLR_2_Steam_raw,UN.UO.71FI1208.PV,boiler_equipment,BLR_2,FD Fan Inlet Steam,True
Fuel_BLR_2_raw,UN.UO.BO-7101B.Boiler_Corrected_Fuel_Flow_PEEO_CALC_OUTPUT,boiler_equipment,BLR_2,Fuel Flow (PEEO corrected),True
VHP_BFW_B_Turb_Steam_raw,UN.UO.71FI1814.PV,boiler_equipment,BLR_2,BFW Pump Driver Steam,True
BFW_C_Turb_Steam_raw,UN.UO.71FI1813.PV,boiler_equipment,BLR_3,BFW Pump Driver Steam,True
BLR_3_HPS_Gen_raw,UN.UO.71FI1301.PV,boiler_equipment,BLR_3,Steam Generation,True
BOILER_C_CBD,UN.UO.71FC1300.PV,boiler_equipment,BLR_3,Continuous Blowdown,True
BOILER_C_CO2_Fuel_Emission_Factor,UN.UO.BO-7101C.Boiler_Co2_Formed_PEEO_CALC_OUTPUT,boiler_equipment,BLR_3,CO2 Emission Factor (PEEO),True
BOILER_C_CONDUCTIVITY,UN.UO.71AC1301.PV,boiler_equipment,BLR_3,Boiler Water Conductivity,True
BOILER_C_FLUE_GAS_OXGYGEN,UN.UO.71AC1304.PV,boiler_equipment,BLR_3,Other,True
BOILER_C_PH_ANALYZER,UN.UO.71AI1302.PV,boiler_equipment,BLR_3,Boiler Water pH,True
BOILER_C_STACK_TEMPERATURE,UN.UO.71TI1307.PV,boiler_equipment,BLR_3,Stack Temperature,True
Boielr_C_Fuel_Gas_Flow,UN.UO.71FC1304.PV,boiler_equipment,BLR_3,Fuel Gas Flow,True
Boiler_C_Combustion_Air_Temperature,UN.UO.71TI1314B.PV,boiler_equipment,BLR_3,Combustion Air Temperature,True
Boiler_C_Main_Fuel_Gas_Temperature,UN.UO.71TI1313.PV,boiler_equipment,BLR_3,Fuel Gas Temperature,True
FD_Fan_BLR_3_Steam_raw,UN.UO.71FI1308.PV,boiler_equipment,BLR_3,FD Fan Inlet Steam,True
Fuel_BLR_3_raw,UN.UO.BO-7101C.Boiler_Corrected_Fuel_Flow_PEEO_CALC_OUTPUT,boiler_equipment,BLR_3,Fuel Flow (PEEO corrected),True
VHP_BFW_C_Turb_Steam_raw,UN.UO.71FI1815.PV,boiler_equipment,BLR_3,BFW Pump Driver Steam,True
BLR_4_HPS_Gen_raw,UN.UO.71FI1401.PV,boiler_equipment,BLR_4,Steam Generation,True
BOILER_D_CBD,UN.UO.71FC1400.PV,boiler_equipment,BLR_4,Continuous Blowdown,True
BOILER_D_CO2_Fuel_Emission_Factor,UN.UO.BO-7101D.Boiler_Co2_Formed_PEEO_CALC_OUTPUT,boiler_equipment,BLR_4,CO2 Emission Factor (PEEO),True
BOILER_D_CONDUCTIVITY,UN.UO.71AC1401.PV,boiler_equipment,BLR_4,Boiler Water Conductivity,True
BOILER_D_FLUE_GAS_OXGYGEN,UN.UO.71AC1404.PV,boiler_equipment,BLR_4,Other,True
BOILER_D_PH_ANALYZER,UN.UO.71AI1402.PV,boiler_equipment,BLR_4,Boiler Water pH,True
BOILER_D_STACK_TEMPERATURE,UN.UO.71TI1407.PV,boiler_equipment,BLR_4,Stack Temperature,True
Boielr_D_Fuel_Gas_Flow,UN.UO.71FC1404.PV,boiler_equipment,BLR_4,Fuel Gas Flow,True
Boiler_D_Combustion_Air_Temperature,UN.UO.71TI1414B.PV,boiler_equipment,BLR_4,Combustion Air Temperature,True
Boiler_D_Main_Fuel_Gas_Temperature,UN.UO.71TI1413.PV,boiler_equipment,BLR_4,Fuel Gas Temperature,True
FD_Fan_BLR_4_Steam_raw,UN.UO.71FI1408.PV,boiler_equipment,BLR_4,FD Fan Inlet Steam,True
Fuel_BLR_4_raw,UN.UO.BO-7101D.Boiler_Corrected_Fuel_Flow_PEEO_CALC_OUTPUT,boiler_equipment,BLR_4,Fuel Flow (PEEO corrected),True
BFW_E_Turb_Steam_raw,UN.UO.71FI1604.PV,boiler_equipment,BLR_5,BFW Pump Driver Steam,True
BLR_5_HPS_Gen_raw,UN.UO.71FI1501A.PV,boiler_equipment,BLR_5,Steam Generation,True
BOILER_E_CBD,UN.UO.71FC1500.PV,boiler_equipment,BLR_5,Continuous Blowdown,True
BOILER_E_CO2_Fuel_Emission_Factor,UN.UO.PK-7104E.Boiler_Co2_Formed_PEEO_CALC_OUTPUT,boiler_equipment,BLR_5,CO2 Emission Factor (PEEO),True
BOILER_E_CONDUCTIVITY,UN.UO.71AC1501A.PV,boiler_equipment,BLR_5,Boiler Water Conductivity,True
BOILER_E_FLUE_GAS_OXGYGEN,UN.UO.71AI1501C.PV,boiler_equipment,BLR_5,Other,True
BOILER_E_PH_ANALYZER,UN.UO.71AI1502.PV,boiler_equipment,BLR_5,Boiler Water pH,True
BOILER_E_STACK_TEMPERATURE,UN.UO.71TI1507.PV,boiler_equipment,BLR_5,Stack Temperature,True
Boielr_E_Fuel_Gas_Flow,UN.UO.71FC1504.PV,boiler_equipment,BLR_5,Fuel Gas Flow,True
Boiler_5_O2,UN.UO.71AC1504AA.PV,boiler_equipment,BLR_5,Flue Gas O2,True
Boiler_E_Combustion_Air_Temp,UN.UO.71TI1514.PV,boiler_equipment,BLR_5,Combustion Air Temperature,True
Boiler_E_Main_Fuel_Gas_Temperature,UN.UO.71TI1513.PV,boiler_equipment,BLR_5,Fuel Gas Temperature,True
FD_Fan_BLR_5_Steam_raw,UN.UO.71FI1508.PV,boiler_equipment,BLR_5,FD Fan Inlet Steam,True
Fuel_BLR_5_raw,UN.UO.PK-7104E.Boiler_Corrected_Fuel_Flow_PEEO_CALC_OUTPUT,boiler_equipment,BLR_5,Fuel Flow (PEEO corrected),True
AC_A_Flow_To_Header_raw,UN.UO.72FI2001.PV,air_compressor,,,True
AC_B_Flow_To_Header_raw,UN.UO.72FI2002.PV,air_compressor,,,True
AC_C_Flow_To_Header_raw,UN.UO.72FI2003.PV,air_compressor,,,True
AC_D_Flow_To_Header_raw,UN.UO.72FI2004.PV,air_compressor,,,True
Air_Compressor_B_Discharge_Pressure,UN.UO.72PC2009.PV,air_compressor,,,True
Air_Compressor_C_Discharge_Pressure,UN.UO.72PC2015.PV,air_compressor,,,True
Air_Compressor_Motor_B_Amperes,UN.UO.72II2001A.PV,air_compressor,,,True
Air_Compressor_Motor_C_Amperes,UN.UO.72II2002A.PV,air_compressor,,,True
Air_Compressor_Turbine_A_RPM,UN.UO.72SI2001.PV,air_compressor,,,True
Air_Compressor_Turbine_A_Steam_raw,UN.UO.72FI2007.PV,air_compressor,,,True
Air_Compressor_Turbine_D_RPM,UN.UO.72SI2002.PV,air_compressor,,,True
Air_Compressor_Turbine_D_Steam_raw,UN.UO.72FI2008.PV,air_compressor,,,True
Air_compressor_A_Discharge_flow_raw,UN.UO.72FI2094.PV,air_compressor,,,True
Air_compressor_B_Discharge_flow_raw,UN.UO.72FI2117.PV,air_compressor,,,True
Air_compressor_C_Discharge_flow_raw,UN.UO.72FI2140.PV,air_compressor,,,True
Air_compressor_D_Discharge_flow_raw,UN.UO.72FI2163.PV,air_compressor,,,True
Fuel_Gas_C2H4_Concentration,UN.ETH.12AI2206C.PV,fuel_gas_composition,,,True
Fuel_Gas_C2H6_Concentration,UN.ETH.12AI2206D.PV,fuel_gas_composition,,,True
Fuel_Gas_C3H8_Concentration,UN.ETH.12AI2206E.PV,fuel_gas_composition,,,True
LHV,UN.UO.LHV_EO_CALC_OUTPUT,fuel_gas_composition,,,True
BFW_TO_LAO_raw,UN.LAO.39FI9002A.PV,bfw_system,,,True
BFW_to_EOEG_1_raw,UN.EG1.29FI9205.PV,bfw_system,,,True
BFW_to_EOEG_2_raw,UN.EG2.49FI9205.PV,bfw_system,,,True
BFW_to_EOEG_3_raw,UN.EG3.69FI9214.PV,bfw_system,,,True
VHP_BFW_FROM_U_O,UN.ETH.17FI7068.PV,bfw_system,,,True
LP_steam_pressure_to_saturator,UN.ETH.11PI1042.PV,steam_headers,,,True
HP_Steam_Vent_Valve_PC7027_Opening_ETH,UN.ETH.17PC7027.MV,steam_letdown,,,True
HP_Steam_Vent_valve_PV0012_Opening_UO,UN.UO.70PC0012A.MV,steam_letdown,,,True
HP_to_LP_Let_Down_Valve_Opening_HC7262_ETH,UN.ETH.17HC7262.MV,steam_letdown,,,True
HP_to_LP_Let_Down_Valve_Opening_PC7026_ETH,UN.ETH.17PC7026.MV,steam_letdown,,,True
HP_to_MP_Letdown_Valve_Opening_PV0007A_UO,UN.UO.70PV0007A.MV,steam_letdown,,,True
HP_to_MP_Letdown_Valve_Opening_PV0007B_UO,UN.UO.70PV0007B.MV,steam_letdown,,,True
LP_Steam_Vent_valve_PV0024B_Opening_UO,UN.UO.70PC0024B.MV,steam_letdown,,,True
MP_to_LP_Letdown_Valve_Opening_PV013A_UO,UN.UO.70PC0013A.MV,steam_letdown,,,True
MP_to_LP_Letdown_Valve_Opening_PV013B_UO,UN.UO.70PC0013B.MV,steam_letdown,,,True
MP_to_LP_Letdown_Valve_Opening_PV31_UO,UN.UO.70PY0031.MV,steam_letdown,,,True
MP_to_LP_Letdown_Valve_Opening_PV32_UO,UN.UO.70PY0032.MV,steam_letdown,,,True
VHP_to_HP_Let_Down_Valve_Opening_PX7024A_ETH,UN.ETH.17PX7024A.MV,steam_letdown,,,True
VHP_to_HP_Let_Down_Valve_Opening_PX7024B_ETH,UN.ETH.17PX7024B.MV,steam_letdown,,,True
C2R_turbine_Inlet_steam_flow,UN.ETH.15FI5165.PV,steam_turbines,,,True
C3R_turbine_Inlet_steam_flow,UN.ETH.16FI6065.PV,steam_turbines,,,True
CW_Turbine_A_Steam,UN.UO.78FI8085.PV,steam_turbines,,,True
CW_Turbine_B_Steam,UN.UO.78FI8086.PV,steam_turbines,,,True
CW_Turbine_G_Steam,UN.UO.78FI8623.PV,steam_turbines,,,True
DMW_Turbine_A_Steam_raw,UN.UO.73FI3025.PV,steam_turbines,,,True
DMW_Turbine_C_Steam_raw,UN.UO.73FI3026.PV,steam_turbines,,,True
Quench_water_pump_turbine_Inlet_steam_flow,UN.ETH.11FI1259.PV,steam_turbines,,,True
Deaerator_A_LPS_raw,UN.UO.71FI1002.PV,deaerator_water,,,True
Deaerator_B_LPS_raw,UN.UO.71FI1004.PV,deaerator_water,,,True
Polished_Condenstae_to_Deaerator,UN.UO.71FC1839.PV,deaerator_water,,,True
EOEG_1_LPS_Demand_raw,UN.EG1.29FI9203.PV,eoeg_steam_consumers,,,True
EOEG_1_MPS_Demand_raw,UN.EG1.29FI9202.PV,eoeg_steam_consumers,,,True
EOEG_2_LPS_Demand_raw,UN.EG2.49FI9203.PV,eoeg_steam_consumers,,,True
EOEG_2_MPS_Demand_raw,UN.EG2.49FI9202.PV,eoeg_steam_consumers,,,True
EOEG_3_LPS_Demand_raw,UN.EG3.69FI9209.PV,eoeg_steam_consumers,,,True
EOEG_3_MPS_Demand_raw,UN.EG3.69FI9208.PV,eoeg_steam_consumers,,,True
EOEG_1_HPS_Demand_raw,UN.EG1.29FI9201.PV,eoeg_plants,,,True
EOEG_2_HPS_Demand_raw,UN.EG2.49FI9201.PV,eoeg_plants,,,True
EOEG_3_HPS_Demand_raw,UN.EG3.69FI9201.PV,eoeg_plants,,,True
EG1_CLEAN_COND_TO_U_O_raw,UN.EG1.29FI9208.PV,eg_plants,,,True
EG1_DEG_production_flow,UN.EG1.27FC7301.PV,eg_plants,,,True
EG1_Drying_column_reboiler_Duty,UN.EG1.E-2610.Drying_Column_Reboiler_Duty_PEEO_CALC_OUTPUT,eg_plants,,,True
EG1_Fresh_Ethylene,UN.EG1.21FC1838C.PV,eg_plants,,,True
EG1_Fresh_Oxygen,UN.EG1.21FC1619BFast.PV,eg_plants,,,True
EG1_HEG_production_flow,UN.EG1.27FC7406.PV,eg_plants,,,True
EG1_LP_Steam_from_V_2112,UN.EG1.21FI1354.PV,eg_plants,,,True
EG1_LP_Steam_from_V_2122,UN.EG1.21FI1454.PV,eg_plants,,,True
EG1_LP_Steam_from_V_2920,UN.EG1.29FI9206.PV,eg_plants,,,True
EG1_LP_to_C_2220,UN.EG1.22FC2208.PV,eg_plants,,,True
EG1_LP_to_C_2310,UN.EG1.23FI3215.PV,eg_plants,,,True
EG1_LP_to_C_2510,UN.EG1.25FC5103.PV,eg_plants,,,True
EG1_LP_to_C_2570,UN.EG1.25FC5230.PV,eg_plants,,,True
EG1_LP_to_E_2220,UN.EG1.22FC2209.PV,eg_plants,,,True
EG1_LP_to_E_2310,UN.EG1.23FC3206.PV,eg_plants,,,True
EG1_LP_to_E_2523,UN.EG1.25FC5304.PV,eg_plants,,,True
EG1_MEG_column_reboiler_Duty,UN.EG1.E-2620.MEG_Column_Reboiler_Duty_PEEO_CALC_OUTPUT,eg_plants,,,True
EG1_MEG_production_flow,UN.EG1.26FC6415.PV,eg_plants,,,True
EG1_MP_to_E_2620,UN.EG1.26FC6308.PV,eg_plants,,,True
EG1_MP_to_E_2624,UN.EG1.26FC6388.PV,eg_plants,,,True
EG1_TEG_production_flow,UN.EG1.27FC7501.PV,eg_plants,,,True
EG1_first_effect_reboiler_Duty,UN.EG1.E-2531.Primary_Evaporator_Reboiler_Duty_PEEO_CALC_OUTPUT,eg_plants,,,True
EG1_suspect_COND_TO_U_O_raw,UN.EG1.29FI9209.PV,eg_plants,,,True
EG2_CLEAN_COND_TO_U_O_raw,UN.EG2.49FI9208.PV,eg_plants,,,True
EG2_DEG_production_flow,UN.EG2.47FC7301.PV,eg_plants,,,True
EG2_Drying_column_reboiler_Duty,UN.EG2.E-4610.Drying_Column_Reboiler_Duty_PEEO_CALC_OUTPUT,eg_plants,,,True
EG2_HEG_production_flow,UN.EG2.47FC7406.PV,eg_plants,,,True
EG2_MEG_column_reboiler_Duty,UN.EG2.E-4620.MEG_Column_Reboiler_Duty_PEEO_CALC_OUTPUT,eg_plants,,,True
EG2_MEG_production_flow,UN.EG2.46FC6415.PV,eg_plants,,,True
EG2_MP_to_E_4620,UN.EG2.46FC6308.PV,eg_plants,,,True
EG2_MP_to_E_4624,UN.EG2.46FC6388.PV,eg_plants,,,True
EG2_Regeneration_reboiler_Duty,UN.EG2.E-4220.Regenerator_Reboiler_Duty_PEEO_CALC_OUTPUT,eg_plants,,,True
EG2_TEG_production_flow,UN.EG2.47FC7501.PV,eg_plants,,,True
EG2_first_effect_reboiler_Duty,UN.EG2.E-4531.Primary_Evaporator_Reboiler_Duty_PEEO_CALC_OUTPUT,eg_plants,,,True
EG2_stripping_column_reboiler_Duty,UN.EG2.E-4310.Stripping_Column_Reboiler_Duty_PEEO_CALC_OUTPUT,eg_plants,,,True
EG2_suspect_COND_TO_U_O_raw,UN.EG2.49FI9209.PV,eg_plants,,,True
EG3_CLEAN_COND_TO_U_O_raw,UN.EG3.69FI9210.PV,eg_plants,,,True
EG3_DEG_production_flow,UN.EG3.67FC7301.PV,eg_plants,,,True
EG3_HEG_production_flow,UN.EG3.67FC7421.PV,eg_plants,,,True
EG3_MEG_column_reboiler_Duty,UN.EG3.E-6620.MEG_Column_Reboiler_Duty_PEEO_CALC_OUTPUT,eg_plants,,,True
EG3_MEG_production_flow,UN.EG3.66FC6415.PV,eg_plants,,,True
EG3_MP_to_E_6620,UN.EG3.66FC6308.PV,eg_plants,,,True
EG3_MP_to_E_6624,UN.EG3.66FC6388.PV,eg_plants,,,True
EG3_Regeneration_reboiler_Duty,UN.EG3.E-6220.Regenerator_Reboiler_Duty_PEEO_CALC_OUTPUT,eg_plants,,,True
EG3_TEG_production_flow,UN.EG3.67FC7501.PV,eg_plants,,,True
EG3_first_effect_reboiler_Duty,UN.EG3.E-6531.Primary_Evaporator_Reboiler_Duty_PEEO_CALC_OUTPUT,eg_plants,,,True
EG3_suspect_COND_TO_U_O_raw,UN.EG3.69FI9231.PV,eg_plants,,,True
Instr_air_to_EG1_in_kgph,UN.EG1.29FI9303.PV,eg_plants,,,True
Instr_air_to_EG2_in_kgph,UN.EG2.49FI9303.PV,eg_plants,,,True
Instr_air_to_EG3_in_kgph,UN.EG3.69FI9303.PV,eg_plants,,,True
NG_Fuel_to_EG1_raw,UN.EG1.29FC9301.PV,eg_plants,,,True
NG_Fuel_to_EG2_raw,UN.EG2.49FC9301.PV,eg_plants,,,True
NG_Fuel_to_EG3_raw,UN.EG3.69FI9304.PV,eg_plants,,,True
Plant_air_to_EG1_in_kgph,UN.EG1.29FI9901.PV,eg_plants,,,True
Plant_air_to_EG2_in_kgph,UN.EG2.49FI9901.PV,eg_plants,,,True
Plant_air_to_EG3_in_kgph,UN.EG3.69FI9102.PV,eg_plants,,,True
TAILGAS_From_EG1_to_UO_raw,UN.EG1.29FI9304.PV,eg_plants,,,True
TAILGAS_From_EG2_to_UO_raw,UN.EG2.49FI9304.PV,eg_plants,,,True
TAILGAS_From_EG3_to_UO_raw,UN.EG3.69FI9305.PV,eg_plants,,,True
ETHANE_Fuel_From_ETH_to_UO_raw,UN.UO.74FI4001.PV,eth_lao_plant,,,True
ETH_CLEAN_COND_TO_U_O_raw,UN.ETH.17FI7067.PV,eth_lao_plant,,,True
ETH_LPS_Demand_raw,UN.UO.17FI7065,eth_lao_plant,,,True
ETH_suspect_COND_TO_U_O_raw,UN.ETH.17FI7066.PV,eth_lao_plant,,,True
FUEL_GAS_From_UO_to_ETH_raw,UN.ETH.17FI7161.PV,eth_lao_plant,,,True
FUEL_GAS_From_UO_to_LAO_A,UN.LAO.38FI8108.PV,eth_lao_plant,,,True
FUEL_GAS_From_UO_to_LAO_B,UN.LAO.38FIC8109.PV,eth_lao_plant,,,True
Instr_air_to_Eth_in_tph,UN.ETH.17FI7162.PV,eth_lao_plant,,,True
Instr_air_to_LAO_in_kgph,UN.LAO.39FI9402A.PV,eth_lao_plant,,,True
LAO_Load_raw,UN.LAO.31FI1014A.PV,eth_lao_plant,,,True
LAO_STACK_TEMPERATURE,UN.LAO.X38TI8469A.PV,eth_lao_plant,,,True
LAO_oxygen,UN.LAO.38AI8460.PV,eth_lao_plant,,,True
Plant_air_to_LAO_in_kgph,UN.LAO.39FI9406A.PV,eth_lao_plant,,,True
Total_Ethylene_Production_ETH_Plant,UN.ETH.CURRPRODRATE.CPV,eth_lao_plant,,,True
FUEL_GAS_From_UO_to_Flare_raw,UN.UO.79FC9081.PV,uo_plant,,,True
FUEL_GAS_From_UO_to_Incinerator_raw,UN.UO.79FC9281.PV,uo_plant,,,True
FUEL_GAS_From_UO_to_WTO_raw,UN.UO.79FI9584.PV,uo_plant,,,True
LP_Steam_Dumping_Valve_PC0024A_Opening_UO,UN.UO.70PC0024A.MV,uo_plant,,,True
UO_HP_MP_Desuperheater1_opening,UN.UO.70PC0007A.MV,uo_plant,,,True
Arrazi_Plant_Load,AR.AR5.DCS.Process.REFLOAD5.CPV,arrazi_plant,,,True
Ambient_Temperature_1,UN.UO.86XI6024.PV,ambient_conditions,,,True
BFW_A_AMPS,UN.UO.71II1001.PV,other_system,,,True
BFW_A_Bearing_temp,UN.UO.71TI1016A.PV,other_system,,,True
BFW_A_Vibrations,UN.UO.71VI1002A.PV,other_system,,,True
BFW_CONDUCTIVITY,UN.UO.71AI1005B.PV,other_system,,,True
BFW_Conductivity,UN.UO.71AI1005B.PV,other_system,,,True
BFW_D_AMPS,UN.UO.71II1002.PV,other_system,,,True
BFW_D_Bearing_temp,UN.UO.71TI1020A.PV,other_system,,,True
BFW_D_Vibrations,UN.UO.71VI1006A.PV,other_system,,,True
BFW_OXYGEN,UN.UO.71AI1001.PV,other_system,,,True
BFW_PH,UN.UO.71AI1005A.PV,other_system,,,True
BFW_SILICA,UN.UO.71AI1002.PV,other_system,,,True
BFW_SODIUM,UN.UO.71AI1004.PV,other_system,,,True
DMW_MAKEUP_Near_Clean_Condensate_Header,UN.UO.71FI1051.PV,other_system,,,True
DMW_MAKEUP_Near_Suspect_Condensate_Header,UN.UO.71FI1095.PV,other_system,,,True
Decoke_Air_Pressure_Furnace_A,UN.ETH.11PI1045A.PV,other_system,,,True
Decoke_Air_Pressure_Furnace_B,UN.ETH.11PI1045B.PV,other_system,,,True
Decoke_Air_Pressure_Furnace_C,UN.ETH.11PI1045C.PV,other_system,,,True
Decoke_Air_Pressure_Furnace_D,UN.ETH.11PI1045D.PV,other_system,,,True
Decoke_Air_Pressure_Furnace_E,UN.ETH.11PI1045E.PV,other_system,,,True
Decoke_Air_Pressure_Furnace_F,UN.ETH.11PI1045F.PV,other_system,,,True
Decoke_Air_Pressure_Furnace_G,UN.ETH.11PI1045G.PV,other_system,,,True
Decoke_Air_Pressure_Furnace_H,UN.ETH.11PI1045H.PV,other_system,,,True
Decoke_Air_Pressure_Furnace_J,UN.ETH.11PI1045J.PV,other_system,,,True
Decoke_check,UN.ETH.17FI7163.PV,other_system,,,True
Deethaniser_reboiler_Inlet_steam_flow,UN.ETH.13FC3060.PV,other_system,,,True
Ethane_Feed_Saturator_Duty,UN.ETH.E-1102A.Saturator_Duty_PEEO_CALC_OUTPUT,other_system,,,True
Ethane_feed_saturator_inlet_steam_flow,UN.ETH.11FC1021.PV,other_system,,,True
FDF_A_AMPS,UN.UO.71II1101A.PV,other_system,,,True
FDF_B_AMPS,UN.UO.71II1201A.PV,other_system,,,True
FUR_1_FLUE_GAS_O2,UN.ETH.11AI1068A.PV,other_system,,,True
FUR_1_PASS_1_ETHANE_FEED,UN.ETH.11FC1162A.PV,other_system,,,True
FUR_1_PASS_2_ETHANE_FEED,UN.ETH.11FC1262A.PV,other_system,,,True
FUR_1_PASS_3_ETHANE_FEED,UN.ETH.11FC1362A.PV,other_system,,,True
FUR_1_PASS_4_ETHANE_FEED,UN.ETH.11FC1462A.PV,other_system,,,True
FUR_1_PASS_5_ETHANE_FEED,UN.ETH.11FC1562A.PV,other_system,,,True
FUR_1_PASS_6_ETHANE_FEED,UN.ETH.11FC1662A.PV,other_system,,,True
FUR_1_PASS_7_ETHANE_FEED,UN.ETH.11FC1762A.PV,other_system,,,True
FUR_1_PASS_8_ETHANE_FEED,UN.ETH.11FC1862A.PV,other_system,,,True
FUR_1_STACK_TEMPERATURE,UN.ETH.11TI1011A.PV,other_system,,,True
FUR_2_FLUE_GAS_O2,UN.ETH.11AI1068B.PV,other_system,,,True
FUR_2_PASS_1_ETHANE_FEED,UN.ETH.11FC1162B.PV,other_system,,,True
FUR_2_PASS_2_ETHANE_FEED,UN.ETH.11FC1262B.PV,other_system,,,True
FUR_2_PASS_3_ETHANE_FEED,UN.ETH.11FC1362B.PV,other_system,,,True
FUR_2_PASS_4_ETHANE_FEED,UN.ETH.11FC1462B.PV,other_system,,,True
FUR_2_PASS_5_ETHANE_FEED,UN.ETH.11FC1562B.PV,other_system,,,True
FUR_2_PASS_6_ETHANE_FEED,UN.ETH.11FC1662B.PV,other_system,,,True
FUR_2_PASS_7_ETHANE_FEED,UN.ETH.11FC1762B.PV,other_system,,,True
FUR_2_PASS_8_ETHANE_FEED,UN.ETH.11FC1862B.PV,other_system,,,True
FUR_2_STACK_TEMPERATURE,UN.ETH.11TI1011B.PV,other_system,,,True
FUR_3_FLUE_GAS_O2,UN.ETH.11AI1068C.PV,other_system,,,True
FUR_3_PASS_1_ETHANE_FEED,UN.ETH.11FC1162C.PV,other_system,,,True
FUR_3_PASS_2_ETHANE_FEED,UN.ETH.11FC1262C.PV,other_system,,,True
FUR_3_PASS_3_ETHANE_FEED,UN.ETH.11FC1362C.PV,other_system,,,True
FUR_3_PASS_4_ETHANE_FEED,UN.ETH.11FC1462C.PV,other_system,,,True
FUR_3_PASS_5_ETHANE_FEED,UN.ETH.11FC1562C.PV,other_system,,,True
FUR_3_PASS_6_ETHANE_FEED,UN.ETH.11FC1662C.PV,other_system,,,True
FUR_3_PASS_7_ETHANE_FEED,UN.ETH.11FC1762C.PV,other_system,,,True
FUR_3_PASS_8_ETHANE_FEED,UN.ETH.11FC1862C.PV,other_system,,,True
FUR_3_STACK_TEMPERATURE,UN.ETH.11TI1011C.PV,other_system,,,True
FUR_4_FLUE_GAS_O2,UN.ETH.11AI1068D.PV,other_system,,,True
FUR_4_PASS_1_ETHANE_FEED,UN.ETH.11FC1162D.PV,other_system,,,True
FUR_4_PASS_2_ETHANE_FEED,UN.ETH.11FC1262D.PV,other_system,,,True
FUR_4_PASS_3_ETHANE_FEED,UN.ETH.11FC1362D.PV,other_system,,,True
FUR_4_PASS_4_ETHANE_FEED,UN.ETH.11FC1462D.PV,other_system,,,True
FUR_4_PASS_5_ETHANE_FEED,UN.ETH.11FC1562D.PV,other_system,,,True
FUR_4_PASS_6_ETHANE_FEED,UN.ETH.11FC1662D.PV,other_system,,,True
FUR_4_PASS_7_ETHANE_FEED,UN.ETH.11FC1762D.PV,other_system,,,True
FUR_4_PASS_8_ETHANE_FEED,UN.ETH.11FC1862D.PV,other_system,,,True
FUR_4_STACK_TEMPERATURE,UN.ETH.11TI1011D.PV,other_system,,,True
FUR_5_FLUE_GAS_O2,UN.ETH.11AI1068E.PV,other_system,,,True
FUR_5_PASS_1_ETHANE_FEED,UN.ETH.11FC1162E.PV,other_system,,,True
FUR_5_PASS_2_ETHANE_FEED,UN.ETH.11FC1262E.PV,other_system,,,True
FUR_5_PASS_3_ETHANE_FEED,UN.ETH.11FC1362E.PV,other_system,,,True
FUR_5_PASS_4_ETHANE_FEED,UN.ETH.11FC1462E.PV,other_system,,,True
FUR_5_PASS_5_ETHANE_FEED,UN.ETH.11FC1562E.PV,other_system,,,True
FUR_5_PASS_6_ETHANE_FEED,UN.ETH.11FC1662E.PV,other_system,,,True
FUR_5_PASS_7_ETHANE_FEED,UN.ETH.11FC1762E.PV,other_system,,,True
FUR_5_PASS_8_ETHANE_FEED,UN.ETH.11FC1862E.PV,other_system,,,True
FUR_5_STACK_TEMPERATURE,UN.ETH.11TI1011E.PV,other_system,,,True
FUR_6_FLUE_GAS_O2,UN.ETH.11AI1068F.PV,other_system,,,True
FUR_6_PASS_1_ETHANE_FEED,UN.ETH.11FC1162F.PV,other_system,,,True
FUR_6_PASS_2_ETHANE_FEED,UN.ETH.11FC1262F.PV,other_system,,,True
FUR_6_PASS_3_ETHANE_FEED,UN.ETH.11FC1362F.PV,other_system,,,True
FUR_6_PASS_4_ETHANE_FEED,UN.ETH.11FC1462F.PV,other_system,,,True
FUR_6_PASS_5_ETHANE_FEED,UN.ETH.11FC1562F.PV,other_system,,,True
FUR_6_PASS_6_ETHANE_FEED,UN.ETH.11FC1662F.PV,other_system,,,True
FUR_6_PASS_7_ETHANE_FEED,UN.ETH.11FC1762F.PV,other_system,,,True
FUR_6_PASS_8_ETHANE_FEED,UN.ETH.11FC1862F.PV,other_system,,,True
FUR_6_STACK_TEMPERATURE,UN.ETH.11TI1011F.PV,other_system,,,True
FUR_7_FLUE_GAS_O2,UN.ETH.11AI1068G.PV,other_system,,,True
FUR_7_PASS_1_ETHANE_FEED,UN.ETH.11FC1162G.PV,other_system,,,True
FUR_7_PASS_2_ETHANE_FEED,UN.ETH.11FC1262G.PV,other_system,,,True
FUR_7_PASS_3_ETHANE_FEED,UN.ETH.11FC1362G.PV,other_system,,,True
FUR_7_PASS_4_ETHANE_FEED,UN.ETH.11FC1462G.PV,other_system,,,True
FUR_7_PASS_5_ETHANE_FEED,UN.ETH.11FC1562G.PV,other_system,,,True
FUR_7_PASS_6_ETHANE_FEED,UN.ETH.11FC1662G.PV,other_system,,,True
FUR_7_PASS_7_ETHANE_FEED,UN.ETH.11FC1762G.PV,other_system,,,True
FUR_7_PASS_8_ETHANE_FEED,UN.ETH.11FC1862G.PV,other_system,,,True
FUR_7_STACK_TEMPERATURE,UN.ETH.11TI1011G.PV,other_system,,,True
FUR_8_FLUE_GAS_O2,UN.ETH.11AI1068H.PV,other_system,,,True
FUR_8_PASS_1_ETHANE_FEED,UN.ETH.11FC1162H.PV,other_system,,,True
FUR_8_PASS_2_ETHANE_FEED,UN.ETH.11FC1262H.PV,other_system,,,True
FUR_8_PASS_3_ETHANE_FEED,UN.ETH.11FC1362H.PV,other_system,,,True
FUR_8_PASS_4_ETHANE_FEED,UN.ETH.11FC1462H.PV,other_system,,,True
FUR_8_PASS_5ETHANE_FEED,UN.ETH.11FC1562H.PV,other_system,,,True
FUR_8_PASS_6_ETHANE_FEED,UN.ETH.11FC1662H.PV,other_system,,,True
FUR_8_PASS_7_ETHANE_FEED,UN.ETH.11FC1762H.PV,other_system,,,True
FUR_8_PASS_8_ETHANE_FEED,UN.ETH.11FC1862H.PV,other_system,,,True
FUR_8_STACK_TEMPERATURE,UN.ETH.11TI1011H.PV,other_system,,,True
FUR_9_FLUE_GAS_O2,UN.ETH.11AI1068J.PV,other_system,,,True
FUR_9_PASS_1_ETHANE_FEED,UN.ETH.11FC1162J.PV,other_system,,,True
FUR_9_PASS_2_ETHANE_FEED,UN.ETH.11FC1262J.PV,other_system,,,True
FUR_9_PASS_3_ETHANE_FEED,UN.ETH.11FC1362J.PV,other_system,,,True
FUR_9_PASS_4_ETHANE_FEED,UN.ETH.11FC1462J.PV,other_system,,,True
FUR_9_PASS_5ETHANE_FEED,UN.ETH.11FC1562J.PV,other_system,,,True
FUR_9_PASS_6_ETHANE_FEED,UN.ETH.11FC1662J.PV,other_system,,,True
FUR_9_PASS_7_ETHANE_FEED,UN.ETH.11FC1762J.PV,other_system,,,True
FUR_9_PASS_8_ETHANE_FEED,UN.ETH.11FC1862J.PV,other_system,,,True
FUR_9_STACK_TEMPERATURE,UN.ETH.11TI1011J.PV,other_system,,,True
Fuel_Gas_CH4_Concentration,UN.ETH.12AI2206B.PV,other_system,,,True
Fuel_Gas_H2_Concentration,UN.ETH.12AI2206A.PV,other_system,,,True
Furnace_A_COT,UN.ETH.11TC1000A.PV,other_system,,,True
Furnace_A_Fuel_gas_flow,UN.ETH.11FI1029AA.PV,other_system,,,True
Furnace_B_COT,UN.ETH.11TC1000B.PV,other_system,,,True
Furnace_B_Fuel_gas_flow,UN.ETH.11FI1029BA.PV,other_system,,,True
Furnace_C_COT,UN.ETH.11TC1000C.PV,other_system,,,True
Furnace_C_Fuel_gas_flow,UN.ETH.11FI1029CA.PV,other_system,,,True
Furnace_D_COT,UN.ETH.11TC1000D.PV,other_system,,,True
Furnace_D_Fuel_gas_flow,UN.ETH.11FI1029DA.PV,other_system,,,True
Furnace_E_COT,UN.ETH.11TC1000E.PV,other_system,,,True
Furnace_E_Fuel_gas_flow,UN.ETH.11FI1029EA.PV,other_system,,,True
Furnace_F_COT,UN.ETH.11TC1000F.PV,other_system,,,True
Furnace_F_Fuel_gas_flow,UN.ETH.11FI1029FA.PV,other_system,,,True
Furnace_G_COT,UN.ETH.11TC1000G.PV,other_system,,,True
Furnace_G_Fuel_gas_flow,UN.ETH.11FI1029GA.PV,other_system,,,True
Furnace_H_COT,UN.ETH.11TC1000H.PV,other_system,,,True
Furnace_H_Fuel_gas_flow,UN.ETH.11FI1029HA.PV,other_system,,,True
Furnace_J_COT,UN.ETH.11TC1000J.PV,other_system,,,True
Furnace_J_Fuel_gas_flow,UN.ETH.11FI1029JA.PV,other_system,,,True
H3831_inlet_temp,UN.LAO.38TI8303.PV,other_system,,,True
H3831_steam_flow,UN.LAO.38FIC8302A.PV,other_system,,,True
HP_Steam_Enthalpy,UN.UO.HP_Steam_Enthalpy_Kcal_kg_EO_CALC_OUTPUT,other_system,,,True
HP_Steam_from_CGC_Extraction,UN.ETH.12FI2158.PV,other_system,,,True
Instr_air_to_CW_in_m3ph,UN.UO.78FI8081.PV,other_system,,,True
LP_Steam_Enthalpy,UN.UO.LP_Steam_Enthalpy_Kcal_kg_EO_CALC_OUTPUT,other_system,,,True
LP_Steam_To_Stripping_Column_reboiler_Duty,UN.EG1.E-2310.Stripping_Column_Reboiler_Duty_PEEO_CALC_OUTPUT,other_system,,,True
MP_Steam_Enthalpy,UN.UO.MP_Steam_Enthalpy_Kcal_kg_EO_CALC_OUTPUT,other_system,,,True
Mixed_Feed_MOV_Opening_Furnace_A,UN.ETH.11HC1085A.MV,other_system,,,True
Mixed_Feed_MOV_Opening_Furnace_B,UN.ETH.11HC1085B.MV,other_system,,,True
Mixed_Feed_MOV_Opening_Furnace_C,UN.ETH.11HC1085C.MV,other_system,,,True
Mixed_Feed_MOV_Opening_Furnace_D,UN.ETH.11HC1085D.MV,other_system,,,True
Mixed_Feed_MOV_Opening_Furnace_E,UN.ETH.11HC1085E.MV,other_system,,,True
Mixed_Feed_MOV_Opening_Furnace_F,UN.ETH.11HC1085F.MV,other_system,,,True
Mixed_Feed_MOV_Opening_Furnace_G,UN.ETH.11HC1085G.MV,other_system,,,True
Mixed_Feed_MOV_Opening_Furnace_H,UN.ETH.11HC1085H.MV,other_system,,,True
Mixed_Feed_MOV_Opening_Furnace_J,UN.ETH.11HC1085J.MV,other_system,,,True
NATURAL_GAS_Import_CTM_raw,UN.UO.83FI0002TOT.Input,other_system,,,True
Overall_SHC_Ratio,UN.ETH.STM_HC_RATIO.CPV,other_system,,,True
PM7103F_CWP_MTR_BEARING,UN.UO.71TI1861.PV,other_system,,,True
Pass1_Decoke_Air_Flow_Furnace_A,UN.ETH.11FC1161A.PV,other_system,,,True
Pass1_Decoke_Air_Flow_Furnace_B,UN.ETH.11FC1161B.PV,other_system,,,True
Pass1_Decoke_Air_Flow_Furnace_C,UN.ETH.11FC1161C.PV,other_system,,,True
Pass1_Decoke_Air_Flow_Furnace_D,UN.ETH.11FC1161D.PV,other_system,,,True
Pass1_Decoke_Air_Flow_Furnace_E,UN.ETH.11FC1161E.PV,other_system,,,True
Pass1_Decoke_Air_Flow_Furnace_F,UN.ETH.11FC1161F.PV,other_system,,,True
Pass1_Decoke_Air_Flow_Furnace_G,UN.ETH.11FC1161G.PV,other_system,,,True
Pass1_Decoke_Air_Flow_Furnace_H,UN.ETH.11FC1161H.PV,other_system,,,True
Pass1_Decoke_Air_Flow_Furnace_J,UN.ETH.11FC1161J.PV,other_system,,,True
Pass1_Mixed_Feed_Pressure_Furnace_A,UN.ETH.11PI1586AA.PV,other_system,,,True
Pass1_Mixed_Feed_Pressure_Furnace_B,UN.ETH.11PI1586BA.PV,other_system,,,True
Pass1_Mixed_Feed_Pressure_Furnace_C,UN.ETH.11PI1586CA.PV,other_system,,,True
Pass1_Mixed_Feed_Pressure_Furnace_D,UN.ETH.11PI1586DA.PV,other_system,,,True
Pass1_Mixed_Feed_Pressure_Furnace_E,UN.ETH.11PI1586EA.PV,other_system,,,True
Pass1_Mixed_Feed_Pressure_Furnace_F,UN.ETH.11PI1586FA.PV,other_system,,,True
Pass1_Mixed_Feed_Pressure_Furnace_G,UN.ETH.11PI1586GA.PV,other_system,,,True
Pass1_Mixed_Feed_Pressure_Furnace_H,UN.ETH.11PI1586HA.PV,other_system,,,True
Pass1_Mixed_Feed_Pressure_Furnace_J,UN.ETH.11PI1586JA.PV,other_system,,,True
Pass2_Decoke_Air_Flow_Furnace_A,UN.ETH.11FC1261A.PV,other_system,,,True
Pass2_Decoke_Air_Flow_Furnace_B,UN.ETH.11FC1261B.PV,other_system,,,True
Pass2_Decoke_Air_Flow_Furnace_C,UN.ETH.11FC1261C.PV,other_system,,,True
Pass2_Decoke_Air_Flow_Furnace_D,UN.ETH.11FC1261D.PV,other_system,,,True
Pass2_Decoke_Air_Flow_Furnace_E,UN.ETH.11FC1261E.PV,other_system,,,True
Pass2_Decoke_Air_Flow_Furnace_F,UN.ETH.11FC1261F.PV,other_system,,,True
Pass2_Decoke_Air_Flow_Furnace_G,UN.ETH.11FC1261G.PV,other_system,,,True
Pass2_Decoke_Air_Flow_Furnace_H,UN.ETH.11FC1261H.PV,other_system,,,True
Pass2_Decoke_Air_Flow_Furnace_J,UN.ETH.11FC1261J.PV,other_system,,,True
Pass2_Mixed_Feed_Pressure_Furnace_A,UN.ETH.11PI1586AB.PV,other_system,,,True
Pass2_Mixed_Feed_Pressure_Furnace_B,UN.ETH.11PI1586BB.PV,other_system,,,True
Pass2_Mixed_Feed_Pressure_Furnace_C,UN.ETH.11PI1586CB.PV,other_system,,,True
Pass2_Mixed_Feed_Pressure_Furnace_D,UN.ETH.11PI1586DB.PV,other_system,,,True
Pass2_Mixed_Feed_Pressure_Furnace_E,UN.ETH.11PI1586EB.PV,other_system,,,True
Pass2_Mixed_Feed_Pressure_Furnace_F,UN.ETH.11PI1586FB.PV,other_system,,,True
Pass2_Mixed_Feed_Pressure_Furnace_G,UN.ETH.11PI1586GB.PV,other_system,,,True
Pass2_Mixed_Feed_Pressure_Furnace_H,UN.ETH.11PI1586HB.PV,other_system,,,True
Pass2_Mixed_Feed_Pressure_Furnace_J,UN.ETH.11PI1586JB.PV,other_system,,,True
Pass3_Decoke_Air_Flow_Furnace_A,UN.ETH.11FC1361A.PV,other_system,,,True
Pass3_Decoke_Air_Flow_Furnace_B,UN.ETH.11FC1361B.PV,other_system,,,True
Pass3_Decoke_Air_Flow_Furnace_C,UN.ETH.11FC1361C.PV,other_system,,,True
Pass3_Decoke_Air_Flow_Furnace_D,UN.ETH.11FC1361D.PV,other_system,,,True
Pass3_Decoke_Air_Flow_Furnace_E,UN.ETH.11FC1361E.PV,other_system,,,True
Pass3_Decoke_Air_Flow_Furnace_F,UN.ETH.11FC1361F.PV,other_system,,,True
Pass3_Decoke_Air_Flow_Furnace_G,UN.ETH.11FC1361G.PV,other_system,,,True
Pass3_Decoke_Air_Flow_Furnace_H,UN.ETH.11FC1361H.PV,other_system,,,True
Pass3_Decoke_Air_Flow_Furnace_J,UN.ETH.11FC1361J.PV,other_system,,,True
Pass3_Mixed_Feed_Pressure_Furnace_A,UN.ETH.11PI1586AC.PV,other_system,,,True
Pass3_Mixed_Feed_Pressure_Furnace_B,UN.ETH.11PI1586BC.PV,other_system,,,True
Pass3_Mixed_Feed_Pressure_Furnace_C,UN.ETH.11PI1586CC.PV,other_system,,,True
Pass3_Mixed_Feed_Pressure_Furnace_D,UN.ETH.11PI1586DC.PV,other_system,,,True
Pass3_Mixed_Feed_Pressure_Furnace_E,UN.ETH.11PI1586EC.PV,other_system,,,True
Pass3_Mixed_Feed_Pressure_Furnace_F,UN.ETH.11PI1586FC.PV,other_system,,,True
Pass3_Mixed_Feed_Pressure_Furnace_G,UN.ETH.11PI1586GC.PV,other_system,,,True
Pass3_Mixed_Feed_Pressure_Furnace_H,UN.ETH.11PI1586HC.PV,other_system,,,True
Pass3_Mixed_Feed_Pressure_Furnace_J,UN.ETH.11PI1586JC.PV,other_system,,,True
Pass4_Decoke_Air_Flow_Furnace_A,UN.ETH.11FC1461A.PV,other_system,,,True
Pass4_Decoke_Air_Flow_Furnace_B,UN.ETH.11FC1461B.PV,other_system,,,True
Pass4_Decoke_Air_Flow_Furnace_C,UN.ETH.11FC1461C.PV,other_system,,,True
Pass4_Decoke_Air_Flow_Furnace_D,UN.ETH.11FC1461D.PV,other_system,,,True
Pass4_Decoke_Air_Flow_Furnace_E,UN.ETH.11FC1461E.PV,other_system,,,True
Pass4_Decoke_Air_Flow_Furnace_F,UN.ETH.11FC1461F.PV,other_system,,,True
Pass4_Decoke_Air_Flow_Furnace_G,UN.ETH.11FC1461G.PV,other_system,,,True
Pass4_Decoke_Air_Flow_Furnace_H,UN.ETH.11FC1461H.PV,other_system,,,True
Pass4_Decoke_Air_Flow_Furnace_J,UN.ETH.11FC1461J.PV,other_system,,,True
Pass4_Mixed_Feed_Pressure_Furnace_A,UN.ETH.11PI1586AD.PV,other_system,,,True
Pass4_Mixed_Feed_Pressure_Furnace_B,UN.ETH.11PI1586BD.PV,other_system,,,True
Pass4_Mixed_Feed_Pressure_Furnace_C,UN.ETH.11PI1586CD.PV,other_system,,,True
Pass4_Mixed_Feed_Pressure_Furnace_D,UN.ETH.11PI1586DD.PV,other_system,,,True
Pass4_Mixed_Feed_Pressure_Furnace_E,UN.ETH.11PI1586ED.PV,other_system,,,True
Pass4_Mixed_Feed_Pressure_Furnace_F,UN.ETH.11PI1586FD.PV,other_system,,,True
Pass4_Mixed_Feed_Pressure_Furnace_G,UN.ETH.11PI1586GD.PV,other_system,,,True
Pass4_Mixed_Feed_Pressure_Furnace_H,UN.ETH.11PI1586HD.PV,other_system,,,True
Pass4_Mixed_Feed_Pressure_Furnace_J,UN.ETH.11PI1586JD.PV,other_system,,,True
Pass5_Decoke_Air_Flow_Furnace_A,UN.ETH.11FC1561A.PV,other_system,,,True
Pass5_Decoke_Air_Flow_Furnace_B,UN.ETH.11FC1561B.PV,other_system,,,True
Pass5_Decoke_Air_Flow_Furnace_C,UN.ETH.11FC1561C.PV,other_system,,,True
Pass5_Decoke_Air_Flow_Furnace_D,UN.ETH.11FC1561D.PV,other_system,,,True
Pass5_Decoke_Air_Flow_Furnace_E,UN.ETH.11FC1561E.PV,other_system,,,True
Pass5_Decoke_Air_Flow_Furnace_F,UN.ETH.11FC1561F.PV,other_system,,,True
Pass5_Decoke_Air_Flow_Furnace_G,UN.ETH.11FC1561G.PV,other_system,,,True
Pass5_Decoke_Air_Flow_Furnace_H,UN.ETH.11FC1561H.PV,other_system,,,True
Pass5_Decoke_Air_Flow_Furnace_J,UN.ETH.11FC1561J.PV,other_system,,,True
Pass5_Mixed_Feed_Pressure_Furnace_A,UN.ETH.11PI1586AE.PV,other_system,,,True
Pass5_Mixed_Feed_Pressure_Furnace_B,UN.ETH.11PI1586BE.PV,other_system,,,True
Pass5_Mixed_Feed_Pressure_Furnace_C,UN.ETH.11PI1586CE.PV,other_system,,,True
Pass5_Mixed_Feed_Pressure_Furnace_D,UN.ETH.11PI1586DE.PV,other_system,,,True
Pass5_Mixed_Feed_Pressure_Furnace_E,UN.ETH.11PI1586EE.PV,other_system,,,True
Pass5_Mixed_Feed_Pressure_Furnace_F,UN.ETH.11PI1586FE.PV,other_system,,,True
Pass5_Mixed_Feed_Pressure_Furnace_G,UN.ETH.11PI1586GE.PV,other_system,,,True
Pass5_Mixed_Feed_Pressure_Furnace_H,UN.ETH.11PI1586HE.PV,other_system,,,True
Pass5_Mixed_Feed_Pressure_Furnace_J,UN.ETH.11PI1586JE.PV,other_system,,,True
Pass6_Decoke_Air_Flow_Furnace_A,UN.ETH.11FC1661A.PV,other_system,,,True
Pass6_Decoke_Air_Flow_Furnace_B,UN.ETH.11FC1661B.PV,other_system,,,True
Pass6_Decoke_Air_Flow_Furnace_C,UN.ETH.11FC1661C.PV,other_system,,,True
Pass6_Decoke_Air_Flow_Furnace_D,UN.ETH.11FC1661D.PV,other_system,,,True
Pass6_Decoke_Air_Flow_Furnace_E,UN.ETH.11FC1661E.PV,other_system,,,True
Pass6_Decoke_Air_Flow_Furnace_F,UN.ETH.11FC1661F.PV,other_system,,,True
Pass6_Decoke_Air_Flow_Furnace_G,UN.ETH.11FC1661G.PV,other_system,,,True
Pass6_Decoke_Air_Flow_Furnace_H,UN.ETH.11FC1661H.PV,other_system,,,True
Pass6_Decoke_Air_Flow_Furnace_J,UN.ETH.11FC1661J.PV,other_system,,,True
Pass6_Mixed_Feed_Pressure_Furnace_A,UN.ETH.11PI1586AF.PV,other_system,,,True
Pass6_Mixed_Feed_Pressure_Furnace_B,UN.ETH.11PI1586BF.PV,other_system,,,True
Pass6_Mixed_Feed_Pressure_Furnace_C,UN.ETH.11PI1586CF.PV,other_system,,,True
Pass6_Mixed_Feed_Pressure_Furnace_D,UN.ETH.11PI1586DF.PV,other_system,,,True
Pass6_Mixed_Feed_Pressure_Furnace_E,UN.ETH.11PI1586EF.PV,other_system,,,True
Pass6_Mixed_Feed_Pressure_Furnace_F,UN.ETH.11PI1586FF.PV,other_system,,,True
Pass6_Mixed_Feed_Pressure_Furnace_G,UN.ETH.11PI1586GF.PV,other_system,,,True
Pass6_Mixed_Feed_Pressure_Furnace_H,UN.ETH.11PI1586HF.PV,other_system,,,True
Pass6_Mixed_Feed_Pressure_Furnace_J,UN.ETH.11PI1586JF.PV,other_system,,,True
Pass7_Decoke_Air_Flow_Furnace_A,UN.ETH.11FC1761A.PV,other_system,,,True
Pass7_Decoke_Air_Flow_Furnace_B,UN.ETH.11FC1761B.PV,other_system,,,True
Pass7_Decoke_Air_Flow_Furnace_C,UN.ETH.11FC1761C.PV,other_system,,,True
Pass7_Decoke_Air_Flow_Furnace_D,UN.ETH.11FC1761D.PV,other_system,,,True
Pass7_Decoke_Air_Flow_Furnace_E,UN.ETH.11FC1761E.PV,other_system,,,True
Pass7_Decoke_Air_Flow_Furnace_F,UN.ETH.11FC1761F.PV,other_system,,,True
Pass7_Decoke_Air_Flow_Furnace_G,UN.ETH.11FC1761G.PV,other_system,,,True
Pass7_Decoke_Air_Flow_Furnace_H,UN.ETH.11FC1761H.PV,other_system,,,True
Pass7_Decoke_Air_Flow_Furnace_J,UN.ETH.11FC1761J.PV,other_system,,,True
Pass7_Mixed_Feed_Pressure_Furnace_A,UN.ETH.11PI1586AG.PV,other_system,,,True
Pass7_Mixed_Feed_Pressure_Furnace_B,UN.ETH.11PI1586BG.PV,other_system,,,True
Pass7_Mixed_Feed_Pressure_Furnace_C,UN.ETH.11PI1586CG.PV,other_system,,,True
Pass7_Mixed_Feed_Pressure_Furnace_D,UN.ETH.11PI1586DG.PV,other_system,,,True
Pass7_Mixed_Feed_Pressure_Furnace_E,UN.ETH.11PI1586EG.PV,other_system,,,True
Pass7_Mixed_Feed_Pressure_Furnace_F,UN.ETH.11PI1586FG.PV,other_system,,,True
Pass7_Mixed_Feed_Pressure_Furnace_G,UN.ETH.11PI1586GG.PV,other_system,,,True
Pass7_Mixed_Feed_Pressure_Furnace_H,UN.ETH.11PI1586HG.PV,other_system,,,True
Pass7_Mixed_Feed_Pressure_Furnace_J,UN.ETH.11PI1586JG.PV,other_system,,,True
Pass8_Decoke_Air_Flow_Furnace_A,UN.ETH.11FC1861A.PV,other_system,,,True
Pass8_Decoke_Air_Flow_Furnace_B,UN.ETH.11FC1861B.PV,other_system,,,True
Pass8_Decoke_Air_Flow_Furnace_C,UN.ETH.11FC1861C.PV,other_system,,,True
Pass8_Decoke_Air_Flow_Furnace_D,UN.ETH.11FC1861D.PV,other_system,,,True
Pass8_Decoke_Air_Flow_Furnace_E,UN.ETH.11FC1861E.PV,other_system,,,True
Pass8_Decoke_Air_Flow_Furnace_F,UN.ETH.11FC1861F.PV,other_system,,,True
Pass8_Decoke_Air_Flow_Furnace_G,UN.ETH.11FC1861G.PV,other_system,,,True
Pass8_Decoke_Air_Flow_Furnace_H,UN.ETH.11FC1861H.PV,other_system,,,True
Pass8_Decoke_Air_Flow_Furnace_J,UN.ETH.11FC1861J.PV,other_system,,,True
Pass8_Mixed_Feed_Pressure_Furnace_A,UN.ETH.11PI1586AH.PV,other_system,,,True
Pass8_Mixed_Feed_Pressure_Furnace_B,UN.ETH.11PI1586BH.PV,other_system,,,True
Pass8_Mixed_Feed_Pressure_Furnace_C,UN.ETH.11PI1586CH.PV,other_system,,,True
Pass8_Mixed_Feed_Pressure_Furnace_D,UN.ETH.11PI1586DH.PV,other_system,,,True
Pass8_Mixed_Feed_Pressure_Furnace_E,UN.ETH.11PI1586EH.PV,other_system,,,True
Pass8_Mixed_Feed_Pressure_Furnace_F,UN.ETH.11PI1586FH.PV,other_system,,,True
Pass8_Mixed_Feed_Pressure_Furnace_G,UN.ETH.11PI1586GH.PV,other_system,,,True
Pass8_Mixed_Feed_Pressure_Furnace_H,UN.ETH.11PI1586HH.PV,other_system,,,True
Regeneration_Gas_Heater_Level,UN.ETH.12LC2142.MV,other_system,,,True
Relative_Humidity,UN.UO.86XI6025.PV,other_system,,,True
Suction_Press_1Stage,UN.ETH.12PI2030.PV,other_system,,,True
TQE_Outlet_Pressure_Furnace_A,UN.ETH.11PI1051A.PV,other_system,,,True
TQE_Outlet_Pressure_Furnace_B,UN.ETH.11PI1051B.PV,other_system,,,True
TQE_Outlet_Pressure_Furnace_C,UN.ETH.11PI1051C.PV,other_system,,,True
TQE_Outlet_Pressure_Furnace_D,UN.ETH.11PI1051D.PV,other_system,,,True
TQE_Outlet_Pressure_Furnace_E,UN.ETH.11PI1051E.PV,other_system,,,True
TQE_Outlet_Pressure_Furnace_F,UN.ETH.11PI1051F.PV,other_system,,,True
TQE_Outlet_Pressure_Furnace_G,UN.ETH.11PI1051G.PV,other_system,,,True
TQE_Outlet_Pressure_Furnace_H,UN.ETH.11PI1051H.PV,other_system,,,True
TQE_Outlet_Pressure_Furnace_J,UN.ETH.11PI1051J.PV,other_system,,,True
UNITED_LIMS_CBD_A_PH,UN.Lims.UN-UO-V-7105A_pH,other_system,,,True
UNITED_LIMS_CBD_B_PH,UN.Lims.UN-UO-V-7105B_pH,other_system,,,True
UNITED_LIMS_CBD_C_PH,UN.Lims.UN-UO-V-7105C_pH,other_system,,,True
UNITED_LIMS_CBD_D_PH,UN.Lims.UN-UO-V-7105D_pH,other_system,,,True
UNITED_LIMS_CBD_E_PH,UN.Lims.UN-UO-V-7105E_pH,other_system,,,True
DSP_BFW_TO_CAUSTIC_DILUTION_raw,UN.UO.75FC5026.PV,desuperheater,,,True
DSP_BFW_TO_EG1_raw,UN.EG1.29FI9204.PV,desuperheater,,,True
DSP_BFW_TO_EG2_raw,UN.EG2.49FI9204.PV,desuperheater,,,True
DSP_BFW_TO_EG3_raw,UN.EG3.69FI9216.PV,desuperheater,,,True
DSP_BFW_TO_ETH_raw,UN.ETH.17FI7160.PV,desuperheater,,,True
VHP_DESPHTR_BFW_FROM_U_O,UN.ETH.17FI7069.PV,desuperheater,,,True
