seec_kpi_output_id,case_id,time_stamp,seec_kpi_id,seec_kpi_value
1,1,2026-03-24 23:00:00.000,2,69.0332193776967
2,1,2026-03-24 23:00:00.000,1,70.11541
3,1,2026-03-24 23:00:00.000,3,154.492831198859
4,1,2026-03-24 23:00:00.000,4,65.7383804547762
5,1,2026-03-24 23:00:00.000,5,165.517414228622
6,1,2026-03-25 00:00:00.000,2,69.2454254410936
7,1,2026-03-25 00:00:00.000,1,70.11541
8,1,2026-03-25 00:00:00.000,3,147.535774277088
9,1,2026-03-25 00:00:00.000,4,65.9647619454641
10,1,2026-03-25 00:00:00.000,5,163.612400675079
11,1,2026-03-25 01:00:00.000,2,69.3319196454465
12,1,2026-03-25 01:00:00.000,1,70.11541
13,1,2026-03-25 01:00:00.000,3,149.691078287851
14,1,2026-03-25 01:00:00.000,4,66.0193511135051
15,1,2026-03-25 01:00:00.000,5,164.940545122978
16,1,2026-03-25 02:00:00.000,2,69.1104645414101
17,1,2026-03-25 02:00:00.000,1,70.11541
18,1,2026-03-25 02:00:00.000,3,167.012096445391
19,1,2026-03-25 02:00:00.000,4,65.7606178921889
20,1,2026-03-25 02:00:00.000,5,166.767060874988
21,1,2026-03-25 03:00:00.000,2,69.2212443357258
22,1,2026-03-25 03:00:00.000,1,70.11541
23,1,2026-03-25 03:00:00.000,3,155.792788673649
24,1,2026-03-25 03:00:00.000,4,65.9532971756173
25,1,2026-03-25 03:00:00.000,5,164.416357000633
26,1,2026-03-25 04:00:00.000,2,69.2521203777708
27,1,2026-03-25 04:00:00.000,1,70.11541
28,1,2026-03-25 04:00:00.000,3,151.929131347918
29,1,2026-03-25 04:00:00.000,4,66.0092330304375
30,1,2026-03-25 04:00:00.000,5,165.091899402008
31,1,2026-03-25 05:00:00.000,2,69.0817968824683
32,1,2026-03-25 05:00:00.000,1,70.11541
33,1,2026-03-25 05:00:00.000,3,163.112425515518
34,1,2026-03-25 05:00:00.000,4,65.8503054680709
35,1,2026-03-25 05:00:00.000,5,164.781710793443
36,1,2026-03-25 06:00:00.000,2,69.0257083108939
37,1,2026-03-25 06:00:00.000,1,70.11541
38,1,2026-03-25 06:00:00.000,3,159.043861766128
39,1,2026-03-25 06:00:00.000,4,65.7833818980056
40,1,2026-03-25 06:00:00.000,5,166.537618434862
41,1,2026-03-25 07:00:00.000,2,68.8567087741495
42,1,2026-03-25 07:00:00.000,1,70.11541
43,1,2026-03-25 07:00:00.000,3,158.846485204612
44,1,2026-03-25 07:00:00.000,4,65.6084527966613
45,1,2026-03-25 07:00:00.000,5,166.068934664916
46,1,2026-03-25 08:00:00.000,2,68.6350002430514
47,1,2026-03-25 08:00:00.000,1,70.11541
48,1,2026-03-25 08:00:00.000,3,180.804769424874
49,1,2026-03-25 08:00:00.000,4,65.4028079199449
50,1,2026-03-25 08:00:00.000,5,164.42214161521
51,1,2026-03-25 09:00:00.000,2,68.2723992934099
52,1,2026-03-25 09:00:00.000,1,70.11541
53,1,2026-03-25 09:00:00.000,3,202.946280519404
54,1,2026-03-25 09:00:00.000,4,65.0818113095814
55,1,2026-03-25 09:00:00.000,5,159.167719413364
56,1,2026-03-25 10:00:00.000,2,68.4471790544631
57,1,2026-03-25 10:00:00.000,1,70.11541
58,1,2026-03-25 10:00:00.000,3,195.183843969534
59,1,2026-03-25 10:00:00.000,4,65.227848479891
60,1,2026-03-25 10:00:00.000,5,162.898579875782
61,1,2026-03-25 11:00:00.000,2,68.8971516449654
62,1,2026-03-25 11:00:00.000,1,70.11541
63,1,2026-03-25 11:00:00.000,3,160.000784193219
64,1,2026-03-25 11:00:00.000,4,65.6909382104716
65,1,2026-03-25 11:00:00.000,5,161.286813772247
66,1,2026-03-25 12:00:00.000,2,68.7464965194094
67,1,2026-03-25 12:00:00.000,1,70.113141
68,1,2026-03-25 12:00:00.000,3,174.269687876908
69,1,2026-03-25 12:00:00.000,4,65.5575986076679
70,1,2026-03-25 12:00:00.000,5,158.574652782735
71,1,2026-03-25 13:00:00.000,2,69.6398040334759
72,1,2026-03-25 13:00:00.000,1,70.113141
73,1,2026-03-25 13:00:00.000,3,133.692502349302
74,1,2026-03-25 13:00:00.000,4,66.427734898169
75,1,2026-03-25 13:00:00.000,5,158.783359260062
76,1,2026-03-25 14:00:00.000,2,70.6697692224277
77,1,2026-03-25 14:00:00.000,1,70.113141
78,1,2026-03-25 14:00:00.000,3,92.246168774558
79,1,2026-03-25 14:00:00.000,4,67.4418900240351
80,1,2026-03-25 14:00:00.000,5,163.672960835811
81,1,2026-03-25 15:00:00.000,2,72.6032238433275
82,1,2026-03-25 15:00:00.000,1,70.113141
83,1,2026-03-25 15:00:00.000,3,-19.9622888114939
84,1,2026-03-25 15:00:00.000,4,69.3106948039058
85,1,2026-03-25 15:00:00.000,5,42.6376464571128
86,1,2026-03-25 16:00:00.000,2,71.6310911170531
87,1,2026-03-25 16:00:00.000,1,70.113141
88,1,2026-03-25 16:00:00.000,3,21.9228637504209
89,1,2026-03-25 16:00:00.000,4,68.2521650156254
90,1,2026-03-25 16:00:00.000,5,43.0758394488055
91,1,2026-03-25 17:00:00.000,2,71.4316239427072
92,1,2026-03-25 17:00:00.000,1,70.113141
93,1,2026-03-25 17:00:00.000,3,35.0553835024355
94,1,2026-03-25 17:00:00.000,4,68.1806063954083
95,1,2026-03-25 17:00:00.000,5,152.661186562665
96,1,2026-03-25 18:00:00.000,2,71.4488751622246
97,1,2026-03-25 18:00:00.000,1,70.113141
98,1,2026-03-25 18:00:00.000,3,32.75762603801
99,1,2026-03-25 18:00:00.000,4,68.1922613698915
100,1,2026-03-25 18:00:00.000,5,153.122791304335
101,1,2026-03-25 19:00:00.000,2,71.4488748056243
102,1,2026-03-25 19:00:00.000,1,70.113141
103,1,2026-03-25 19:00:00.000,3,32.75764613599
104,1,2026-03-25 19:00:00.000,4,68.1922610128764
105,1,2026-03-25 19:00:00.000,5,153.122789292651
106,1,2026-03-25 20:00:00.000,2,71.4488748056243
107,1,2026-03-25 20:00:00.000,1,70.113141
108,1,2026-03-25 20:00:00.000,3,32.75764613599
109,1,2026-03-25 20:00:00.000,4,68.1922610128764
110,1,2026-03-25 20:00:00.000,5,153.122789292651
111,1,2026-03-25 21:00:00.000,2,71.4488748056243
112,1,2026-03-25 21:00:00.000,1,70.113141
113,1,2026-03-25 21:00:00.000,3,32.75764613599
114,1,2026-03-25 21:00:00.000,4,68.1922610128764
115,1,2026-03-25 21:00:00.000,5,153.122789292651
116,1,2026-03-25 22:00:00.000,2,71.4488748056243
117,1,2026-03-25 22:00:00.000,1,70.113141
118,1,2026-03-25 22:00:00.000,3,32.75764613599
119,1,2026-03-25 22:00:00.000,4,68.1922610128764
120,1,2026-03-25 22:00:00.000,5,153.122789292651
121,1,2026-03-25 23:00:00.000,2,71.4488748056243
122,1,2026-03-25 23:00:00.000,1,70.113141
123,1,2026-03-25 23:00:00.000,3,32.75764613599
124,1,2026-03-25 23:00:00.000,4,68.1922610128764
125,1,2026-03-25 23:00:00.000,5,153.122789292651
126,1,2026-03-26 00:00:00.000,2,71.4488748056243
127,1,2026-03-26 00:00:00.000,1,70.113141
128,1,2026-03-26 00:00:00.000,3,32.75764613599
129,1,2026-03-26 00:00:00.000,4,68.1922610128764
130,1,2026-03-26 00:00:00.000,5,153.122789292651
131,1,2026-03-26 02:00:00.000,2,71.4488748056243
132,1,2026-03-26 02:00:00.000,1,70.113141
133,1,2026-03-26 02:00:00.000,3,32.75764613599
134,1,2026-03-26 02:00:00.000,4,68.1922610128764
135,1,2026-03-26 02:00:00.000,5,153.122789292651
136,1,2026-03-26 03:00:00.000,2,71.4488748056243
137,1,2026-03-26 03:00:00.000,1,70.113141
138,1,2026-03-26 03:00:00.000,3,32.75764613599
139,1,2026-03-26 03:00:00.000,4,68.1922610128764
140,1,2026-03-26 03:00:00.000,5,153.122789292651
141,1,2026-03-26 04:00:00.000,2,71.4488748056243
142,1,2026-03-26 04:00:00.000,1,70.113141
143,1,2026-03-26 04:00:00.000,3,32.75764613599
144,1,2026-03-26 04:00:00.000,4,68.1922610128764
145,1,2026-03-26 04:00:00.000,5,153.122789292651
146,1,2026-03-26 05:00:00.000,2,71.4488748056243
147,1,2026-03-26 05:00:00.000,1,70.113141
148,1,2026-03-26 05:00:00.000,3,32.75764613599
149,1,2026-03-26 05:00:00.000,4,68.1922610128764
150,1,2026-03-26 05:00:00.000,5,153.122789292651
151,1,2026-03-26 06:00:00.000,2,71.0616727602735
152,1,2026-03-26 06:00:00.000,1,70.113141
153,1,2026-03-26 06:00:00.000,3,47.4968713610824
154,1,2026-03-26 06:00:00.000,4,67.8040320826804
155,1,2026-03-26 06:00:00.000,5,33.6219353244653
156,1,2026-03-26 07:00:00.000,2,70.8622139997189
157,1,2026-03-26 07:00:00.000,1,70.113141
158,1,2026-03-26 07:00:00.000,3,49.5430691996694
159,1,2026-03-26 07:00:00.000,4,67.6543632956523
160,1,2026-03-26 07:00:00.000,5,157.355754921621
161,1,2026-03-26 08:00:00.000,2,70.5086234231141
162,1,2026-03-26 08:00:00.000,1,70.113141
163,1,2026-03-26 08:00:00.000,3,61.2033886929991
164,1,2026-03-26 08:00:00.000,4,67.268143530206
165,1,2026-03-26 08:00:00.000,5,163.186861238951
166,1,2026-03-26 09:00:00.000,2,70.6811434815847
167,1,2026-03-26 09:00:00.000,1,70.113141
168,1,2026-03-26 09:00:00.000,3,51.7261698296327
169,1,2026-03-26 09:00:00.000,4,67.475226923978
170,1,2026-03-26 09:00:00.000,5,158.638492788985
171,1,2026-03-26 10:00:00.000,2,70.5906440768527
172,1,2026-03-26 10:00:00.000,1,70.113141
173,1,2026-03-26 10:00:00.000,3,55.9071336693977
174,1,2026-03-26 10:00:00.000,4,67.3525100111046
175,1,2026-03-26 10:00:00.000,5,159.256318418558
176,1,2026-03-26 11:00:00.000,2,70.6205078187719
177,1,2026-03-26 11:00:00.000,1,70.120535
178,1,2026-03-26 11:00:00.000,3,51.6870362876178
179,1,2026-03-26 11:00:00.000,4,67.3943426296664
180,1,2026-03-26 11:00:00.000,5,211.20830507998
181,1,2026-03-26 12:00:00.000,2,70.6024563343859
182,1,2026-03-26 12:00:00.000,1,70.120535
183,1,2026-03-26 12:00:00.000,3,59.5629536474663
184,1,2026-03-26 12:00:00.000,4,67.3502100322508
185,1,2026-03-26 12:00:00.000,5,209.343977612562
186,1,2026-03-26 13:00:00.000,2,70.7804372911746
187,1,2026-03-26 13:00:00.000,1,70.120535
188,1,2026-03-26 13:00:00.000,3,48.2961594789873
189,1,2026-03-26 13:00:00.000,4,67.5754165252016
190,1,2026-03-26 13:00:00.000,5,211.283891453422
191,1,2026-03-26 14:00:00.000,2,70.965684377523
192,1,2026-03-26 14:00:00.000,1,70.120535
193,1,2026-03-26 14:00:00.000,3,46.3595387698403
194,1,2026-03-26 14:00:00.000,4,67.7587984085362
195,1,2026-03-26 14:00:00.000,5,209.328810221014
196,1,2026-03-26 15:00:00.000,2,70.7865649015683
197,1,2026-03-26 15:00:00.000,1,70.120535
198,1,2026-03-26 15:00:00.000,3,54.7140806379371
199,1,2026-03-26 15:00:00.000,4,67.5127511732716
200,1,2026-03-26 15:00:00.000,5,209.09232240806
201,1,2026-03-26 16:00:00.000,2,70.5265671486976
202,1,2026-03-26 16:00:00.000,1,70.120535
203,1,2026-03-26 16:00:00.000,3,69.5224508380754
204,1,2026-03-26 16:00:00.000,4,69.8700537561454
205,1,2026-03-26 16:00:00.000,5,216.646255393394
206,1,2026-03-26 17:00:00.000,2,70.9510324638687
207,1,2026-03-26 17:00:00.000,1,70.120535
208,1,2026-03-26 17:00:00.000,3,47.0117001790811
209,1,2026-03-26 17:00:00.000,4,67.607523394618
210,1,2026-03-26 17:00:00.000,5,228.669568039864
211,1,2026-03-26 18:00:00.000,2,70.5408740917556
212,1,2026-03-26 18:00:00.000,1,69.725671
213,1,2026-03-26 18:00:00.000,3,40.3844280849125
214,1,2026-03-26 18:00:00.000,4,67.5428003077804
215,1,2026-03-26 18:00:00.000,5,220.287644745714
216,1,2026-03-26 19:00:00.000,2,70.4366095996588
217,1,2026-03-26 19:00:00.000,1,69.725671
218,1,2026-03-26 19:00:00.000,3,54.3325541630346
219,1,2026-03-26 19:00:00.000,4,67.4109851200448
220,1,2026-03-26 19:00:00.000,5,220.850192473507
221,1,2026-03-26 20:00:00.000,2,70.2893399283679
222,1,2026-03-26 20:00:00.000,1,69.725671
223,1,2026-03-26 20:00:00.000,3,66.7460176909095
224,1,2026-03-26 20:00:00.000,4,67.4023160386736
225,1,2026-03-26 20:00:00.000,5,199.257229252029
226,1,2026-03-26 21:00:00.000,2,70.2392581320041
227,1,2026-03-26 21:00:00.000,1,69.725671
228,1,2026-03-26 21:00:00.000,3,62.7843070396019
229,1,2026-03-26 21:00:00.000,4,67.373094620334
230,1,2026-03-26 21:00:00.000,5,204.473234502999
231,1,2026-03-26 22:00:00.000,2,70.4911636127184
232,1,2026-03-26 22:00:00.000,1,69.725671
233,1,2026-03-26 22:00:00.000,3,48.3673188266106
234,1,2026-03-26 22:00:00.000,4,67.5117183981828
235,1,2026-03-26 22:00:00.000,5,84.4711414797555
236,1,2026-03-26 23:00:00.000,2,70.3422398765387
237,1,2026-03-26 23:00:00.000,1,69.725671
238,1,2026-03-26 23:00:00.000,3,58.0832144327954
239,1,2026-03-26 23:00:00.000,4,67.2439292297677
240,1,2026-03-26 23:00:00.000,5,232.391331837935
241,1,2026-03-27 00:00:00.000,2,70.3669912451161
242,1,2026-03-27 00:00:00.000,1,69.725671
243,1,2026-03-27 00:00:00.000,3,60.3379512501502
244,1,2026-03-27 00:00:00.000,4,67.2291841658472
245,1,2026-03-27 00:00:00.000,5,231.447711745322
246,1,2026-03-27 01:00:00.000,2,70.3588743644216
247,1,2026-03-27 01:00:00.000,1,69.725671
248,1,2026-03-27 01:00:00.000,3,56.8181236114375
249,1,2026-03-27 01:00:00.000,4,67.2060259221182
250,1,2026-03-27 01:00:00.000,5,230.29866730989
251,1,2026-03-27 02:00:00.000,2,70.7121201561692
252,1,2026-03-27 02:00:00.000,1,69.725671
253,1,2026-03-27 02:00:00.000,3,46.6970933601948
254,1,2026-03-27 02:00:00.000,4,67.5579714479525
255,1,2026-03-27 02:00:00.000,5,232.013394745154
256,1,2026-03-27 03:00:00.000,2,71.0335454747373
257,1,2026-03-27 03:00:00.000,1,69.725671
258,1,2026-03-27 03:00:00.000,3,33.9855623418638
259,1,2026-03-27 03:00:00.000,4,67.8782960299155
260,1,2026-03-27 03:00:00.000,5,230.239639701612
261,1,2026-03-27 04:00:00.000,2,70.9433081069795
262,1,2026-03-27 04:00:00.000,1,69.725671
263,1,2026-03-27 04:00:00.000,3,32.3423658594466
264,1,2026-03-27 04:00:00.000,4,67.8247823533013
265,1,2026-03-27 04:00:00.000,5,111.647168770847
266,1,2026-03-27 05:00:00.000,2,71.1442725434291
267,1,2026-03-27 05:00:00.000,1,69.725671
268,1,2026-03-27 05:00:00.000,3,22.5864108896386
269,1,2026-03-27 05:00:00.000,4,68.0896370089324
270,1,2026-03-27 05:00:00.000,5,110.575137681541
271,1,2026-03-27 06:00:00.000,2,71.1449994083061
272,1,2026-03-27 06:00:00.000,1,69.725671
273,1,2026-03-27 06:00:00.000,3,25.0192540245948
274,1,2026-03-27 06:00:00.000,4,68.2786224941588
275,1,2026-03-27 06:00:00.000,5,83.8118883006643
276,1,2026-03-27 07:00:00.000,2,71.1715305676232
277,1,2026-03-27 07:00:00.000,1,69.725671
278,1,2026-03-27 07:00:00.000,3,27.9569340236608
279,1,2026-03-27 07:00:00.000,4,68.298213195384
280,1,2026-03-27 07:00:00.000,5,203.865286244477
281,1,2026-03-27 08:00:00.000,2,71.771662443535
282,1,2026-03-27 08:00:00.000,1,69.725671
283,1,2026-03-27 08:00:00.000,3,-5.51644820884006
284,1,2026-03-27 08:00:00.000,4,68.737319740531
285,1,2026-03-27 08:00:00.000,5,232.447681223741
286,1,2026-03-27 09:00:00.000,2,72.1562153068333
287,1,2026-03-27 09:00:00.000,1,69.725671
288,1,2026-03-27 09:00:00.000,3,-30.8610708965246
289,1,2026-03-27 09:00:00.000,4,69.1404097275273
290,1,2026-03-27 09:00:00.000,5,227.203426786519
291,1,2026-03-27 10:00:00.000,2,71.9380323750521
292,1,2026-03-27 10:00:00.000,1,69.725671
293,1,2026-03-27 10:00:00.000,3,-19.3883396381778
294,1,2026-03-27 10:00:00.000,4,68.9399100752121
295,1,2026-03-27 10:00:00.000,5,229.696115977848
296,1,2026-03-27 11:00:00.000,2,71.9183974295747
297,1,2026-03-27 11:00:00.000,1,69.725671
298,1,2026-03-27 11:00:00.000,3,-22.0779444543594
299,1,2026-03-27 11:00:00.000,4,68.9138061048792
300,1,2026-03-27 11:00:00.000,5,231.015728002536
301,1,2026-03-27 12:00:00.000,2,71.8162160029646
302,1,2026-03-27 12:00:00.000,1,69.725671
303,1,2026-03-27 12:00:00.000,3,-31.9476730611742
304,1,2026-03-27 12:00:00.000,4,68.9904609669698
305,1,2026-03-27 12:00:00.000,5,203.491993151931
306,1,2026-03-27 13:00:00.000,2,71.6836192983456
307,1,2026-03-27 13:00:00.000,1,69.725671
308,1,2026-03-27 13:00:00.000,3,-29.1545768953713
309,1,2026-03-27 13:00:00.000,4,68.6889114809319
310,1,2026-03-27 13:00:00.000,5,230.492304015783
311,1,2026-03-27 14:00:00.000,2,71.7153396486506
312,1,2026-03-27 14:00:00.000,1,69.725671
313,1,2026-03-27 14:00:00.000,3,-28.9143810389204
314,1,2026-03-27 14:00:00.000,4,68.8735905442967
315,1,2026-03-27 14:00:00.000,5,205.337160081226
316,1,2026-03-27 15:00:00.000,2,71.5407212949333
317,1,2026-03-27 15:00:00.000,1,69.725671
318,1,2026-03-27 15:00:00.000,3,-19.0454979666956
319,1,2026-03-27 15:00:00.000,4,68.7106670001803
320,1,2026-03-27 15:00:00.000,5,205.14139771982
321,1,2026-03-27 16:00:00.000,2,70.9769663343323
322,1,2026-03-27 16:00:00.000,1,69.725671
323,1,2026-03-27 16:00:00.000,3,16.35325813165
324,1,2026-03-27 16:00:00.000,4,68.131659344077
325,1,2026-03-27 16:00:00.000,5,204.575988295103
326,1,2026-03-27 17:00:00.000,2,70.984288031475
327,1,2026-03-27 17:00:00.000,1,69.725671
328,1,2026-03-27 17:00:00.000,3,11.3916336865719
329,1,2026-03-27 17:00:00.000,4,67.8412687003042
330,1,2026-03-27 17:00:00.000,5,232.933878063007
331,1,2026-03-27 18:00:00.000,2,71.0215158964298
332,1,2026-03-27 18:00:00.000,1,69.725671
333,1,2026-03-27 18:00:00.000,3,16.7299531740123
334,1,2026-03-27 18:00:00.000,4,68.003769934716
335,1,2026-03-27 18:00:00.000,5,213.480506027747
336,1,2026-03-27 19:00:00.000,2,71.2133448188728
337,1,2026-03-27 19:00:00.000,1,69.725671
338,1,2026-03-27 19:00:00.000,3,15.4356368923863
339,1,2026-03-27 19:00:00.000,4,68.0845520577904
340,1,2026-03-27 19:00:00.000,5,111.138270317133
341,1,2026-03-27 20:00:00.000,2,71.1352593824484
342,1,2026-03-27 20:00:00.000,1,69.725671
343,1,2026-03-27 20:00:00.000,3,14.8476697415257
344,1,2026-03-27 20:00:00.000,4,68.1586690023461
345,1,2026-03-27 20:00:00.000,5,85.2887452159327
346,1,2026-03-27 21:00:00.000,2,71.1945564501874
347,1,2026-03-27 21:00:00.000,1,69.725671
348,1,2026-03-27 21:00:00.000,3,14.8664373549016
349,1,2026-03-27 21:00:00.000,4,68.2167353690452
350,1,2026-03-27 21:00:00.000,5,84.0823603727064
351,1,2026-03-27 22:00:00.000,2,70.9986168294586
352,1,2026-03-27 22:00:00.000,1,69.725671
353,1,2026-03-27 22:00:00.000,3,16.5025215770177
354,1,2026-03-27 22:00:00.000,4,67.9482473814766
355,1,2026-03-27 22:00:00.000,5,109.721703226751
356,1,2026-03-27 23:00:00.000,2,70.9246210204947
357,1,2026-03-27 23:00:00.000,1,69.725671
358,1,2026-03-27 23:00:00.000,3,17.0656027847554
359,1,2026-03-27 23:00:00.000,4,67.890551987015
360,1,2026-03-27 23:00:00.000,5,108.121013557073
361,1,2026-03-28 00:00:00.000,2,70.9917467563513
362,1,2026-03-28 00:00:00.000,1,69.725671
363,1,2026-03-28 00:00:00.000,3,13.7618062199829
364,1,2026-03-28 00:00:00.000,4,67.9631818312123
365,1,2026-03-28 00:00:00.000,5,107.147666998608
366,1,2026-03-28 01:00:00.000,2,71.1848870552165
367,1,2026-03-28 01:00:00.000,1,69.725671
368,1,2026-03-28 01:00:00.000,3,13.2584198172867
369,1,2026-03-28 01:00:00.000,4,68.145102232167
370,1,2026-03-28 01:00:00.000,5,109.613665219907
371,1,2026-03-28 02:00:00.000,2,71.0951583424864
372,1,2026-03-28 02:00:00.000,1,69.725671
373,1,2026-03-28 02:00:00.000,3,13.959322168955
374,1,2026-03-28 02:00:00.000,4,68.0718468551525
375,1,2026-03-28 02:00:00.000,5,107.973582502664
376,1,2026-03-28 03:00:00.000,2,71.0072980568305
377,1,2026-03-28 03:00:00.000,1,69.725671
378,1,2026-03-28 03:00:00.000,3,21.6862442237969
379,1,2026-03-28 03:00:00.000,4,67.948503083321
380,1,2026-03-28 03:00:00.000,5,110.202592377087
381,1,2026-03-28 04:00:00.000,2,71.0977243285803
382,1,2026-03-28 04:00:00.000,1,69.725671
383,1,2026-03-28 04:00:00.000,3,16.5362365558147
384,1,2026-03-28 04:00:00.000,4,67.974893592144
385,1,2026-03-28 04:00:00.000,5,110.770911784586
386,1,2026-03-28 05:00:00.000,2,71.068075957924
387,1,2026-03-28 05:00:00.000,1,69.725671
388,1,2026-03-28 05:00:00.000,3,18.7887409460129
389,1,2026-03-28 05:00:00.000,4,67.9105112707153
390,1,2026-03-28 05:00:00.000,5,110.744979832262
391,1,2026-03-28 06:00:00.000,2,70.9953638883005
392,1,2026-03-28 06:00:00.000,1,69.725671
393,1,2026-03-28 06:00:00.000,3,22.4585545473183
394,1,2026-03-28 06:00:00.000,4,67.9200680210721
395,1,2026-03-28 06:00:00.000,5,111.317074865198
396,1,2026-03-28 07:00:00.000,2,70.692003703944
397,1,2026-03-28 07:00:00.000,1,69.725671
398,1,2026-03-28 07:00:00.000,3,30.9244718053642
399,1,2026-03-28 07:00:00.000,4,67.6735901237052
400,1,2026-03-28 07:00:00.000,5,106.914863783135
401,1,2026-03-28 08:00:00.000,2,70.7918552999408
402,1,2026-03-28 08:00:00.000,1,69.725671
403,1,2026-03-28 08:00:00.000,3,25.8533711274359
404,1,2026-03-28 08:00:00.000,4,67.9580171372772
405,1,2026-03-28 08:00:00.000,5,82.4357635042925
406,1,2026-03-28 09:00:00.000,2,70.7745590100261
407,1,2026-03-28 09:00:00.000,1,69.725671
408,1,2026-03-28 09:00:00.000,3,23.8651354750929
409,1,2026-03-28 09:00:00.000,4,67.7740113406405
410,1,2026-03-28 09:00:00.000,5,109.561843360792
411,1,2026-03-28 10:00:00.000,2,70.4668466474851
412,1,2026-03-28 10:00:00.000,1,69.725671
413,1,2026-03-28 10:00:00.000,3,37.5794153589368
414,1,2026-03-28 10:00:00.000,4,67.4841761713388
415,1,2026-03-28 10:00:00.000,5,229.962135192741
416,1,2026-03-28 11:00:00.000,2,70.4267324173209
417,1,2026-03-28 11:00:00.000,1,69.725671
418,1,2026-03-28 11:00:00.000,3,29.7548829982474
419,1,2026-03-28 11:00:00.000,4,67.6143803226616
420,1,2026-03-28 11:00:00.000,5,203.242885718824
421,1,2026-03-28 12:00:00.000,2,70.3938492730646
422,1,2026-03-28 12:00:00.000,1,69.725671
423,1,2026-03-28 12:00:00.000,3,28.5446677510168
424,1,2026-03-28 12:00:00.000,4,67.3857725151161
425,1,2026-03-28 12:00:00.000,5,232.956635482241
426,1,2026-03-28 13:00:00.000,2,70.6192973491518
427,1,2026-03-28 13:00:00.000,1,69.725671
428,1,2026-03-28 13:00:00.000,3,24.0796986224238
429,1,2026-03-28 13:00:00.000,4,67.6180887675993
430,1,2026-03-28 13:00:00.000,5,230.478414788721
431,1,2026-03-28 14:00:00.000,2,71.1907667973591
432,1,2026-03-28 14:00:00.000,1,69.725671
433,1,2026-03-28 14:00:00.000,3,4.05491267128885
434,1,2026-03-28 14:00:00.000,4,68.0987618615203
435,1,2026-03-28 14:00:00.000,5,230.620844850803
436,1,2026-03-28 15:00:00.000,2,71.0017796842679
437,1,2026-03-28 15:00:00.000,1,69.725671
438,1,2026-03-28 15:00:00.000,3,16.6015469648206
439,1,2026-03-28 15:00:00.000,4,67.9000966569589
440,1,2026-03-28 15:00:00.000,5,232.302027887717
441,1,2026-03-28 16:00:00.000,2,70.6357675088029
442,1,2026-03-28 16:00:00.000,1,69.725671
443,1,2026-03-28 16:00:00.000,3,44.3801702557416
444,1,2026-03-28 16:00:00.000,4,67.7018688369305
445,1,2026-03-28 16:00:00.000,5,202.451969300642
446,1,2026-03-28 17:00:00.000,2,70.502191132953
447,1,2026-03-28 17:00:00.000,1,69.725671
448,1,2026-03-28 17:00:00.000,3,54.4685506764611
449,1,2026-03-28 17:00:00.000,4,67.5996374325823
450,1,2026-03-28 17:00:00.000,5,194.958659005764
451,1,2026-03-28 18:00:00.000,2,70.5020171089165
452,1,2026-03-28 18:00:00.000,1,69.725671
453,1,2026-03-28 18:00:00.000,3,54.7069177540615
454,1,2026-03-28 18:00:00.000,4,67.599506828502
455,1,2026-03-28 18:00:00.000,5,194.329344765061
456,1,2026-03-28 19:00:00.000,2,70.5020171089165
457,1,2026-03-28 19:00:00.000,1,69.725671
458,1,2026-03-28 19:00:00.000,3,54.7069177540615
459,1,2026-03-28 19:00:00.000,4,67.599506828502
460,1,2026-03-28 19:00:00.000,5,194.329344765061
461,1,2026-03-28 20:00:00.000,2,70.5020171089165
462,1,2026-03-28 20:00:00.000,1,69.725671
463,1,2026-03-28 20:00:00.000,3,54.7069177540615
464,1,2026-03-28 20:00:00.000,4,67.599506828502
465,1,2026-03-28 20:00:00.000,5,194.329344765061
466,1,2026-03-28 21:00:00.000,2,70.5020171089165
467,1,2026-03-28 21:00:00.000,1,69.725671
468,1,2026-03-28 21:00:00.000,3,54.7069177540615
469,1,2026-03-28 21:00:00.000,4,67.599506828502
470,1,2026-03-28 21:00:00.000,5,194.329344765061
471,1,2026-03-28 22:00:00.000,2,70.5020171089165
472,1,2026-03-28 22:00:00.000,1,69.725671
473,1,2026-03-28 22:00:00.000,3,54.7069177540615
474,1,2026-03-28 22:00:00.000,4,67.599506828502
475,1,2026-03-28 22:00:00.000,5,194.329344765061
476,1,2026-03-28 23:00:00.000,2,70.5020171089165
477,1,2026-03-28 23:00:00.000,1,69.725671
478,1,2026-03-28 23:00:00.000,3,54.7069177540615
479,1,2026-03-28 23:00:00.000,4,67.599506828502
480,1,2026-03-28 23:00:00.000,5,194.329344765061
481,1,2026-03-29 00:00:00.000,2,70.5020171089165
482,1,2026-03-29 00:00:00.000,1,69.725671
483,1,2026-03-29 00:00:00.000,3,54.7069177540615
484,1,2026-03-29 00:00:00.000,4,67.599506828502
485,1,2026-03-29 00:00:00.000,5,194.329344765061
486,1,2026-03-29 01:00:00.000,2,70.5020171089165
487,1,2026-03-29 01:00:00.000,1,69.725671
488,1,2026-03-29 01:00:00.000,3,54.7069177540615
489,1,2026-03-29 01:00:00.000,4,67.599506828502
490,1,2026-03-29 01:00:00.000,5,194.329344765061
491,1,2026-03-29 02:00:00.000,2,70.5020171089165
492,1,2026-03-29 02:00:00.000,1,69.725671
493,1,2026-03-29 02:00:00.000,3,54.7069177540615
494,1,2026-03-29 02:00:00.000,4,67.599506828502
495,1,2026-03-29 02:00:00.000,5,194.329344765061
496,1,2026-03-29 03:00:00.000,2,70.5020171089165
497,1,2026-03-29 03:00:00.000,1,69.725671
498,1,2026-03-29 03:00:00.000,3,54.7069177540615
499,1,2026-03-29 03:00:00.000,4,67.599506828502
500,1,2026-03-29 03:00:00.000,5,194.329344765061
501,1,2026-03-29 04:00:00.000,2,70.5020171089165
502,1,2026-03-29 04:00:00.000,1,69.725671
503,1,2026-03-29 04:00:00.000,3,54.7069177540615
504,1,2026-03-29 04:00:00.000,4,67.599506828502
505,1,2026-03-29 04:00:00.000,5,194.329344765061
506,1,2026-03-29 05:00:00.000,2,70.5020171089165
507,1,2026-03-29 05:00:00.000,1,69.725671
508,1,2026-03-29 05:00:00.000,3,54.7069177540615
509,1,2026-03-29 05:00:00.000,4,67.599506828502
510,1,2026-03-29 05:00:00.000,5,194.329344765061
511,1,2026-03-29 06:00:00.000,2,70.7616103501668
512,1,2026-03-29 06:00:00.000,1,69.725671
513,1,2026-03-29 06:00:00.000,3,33.1360227142781
514,1,2026-03-29 06:00:00.000,4,67.6578745078805
515,1,2026-03-29 06:00:00.000,5,39.5259128889252
516,1,2026-03-29 07:00:00.000,2,70.7190233075941
517,1,2026-03-29 07:00:00.000,1,69.725671
518,1,2026-03-29 07:00:00.000,3,28.221280449856
519,1,2026-03-29 07:00:00.000,4,67.7031070557365
520,1,2026-03-29 07:00:00.000,5,37.4707769282143
521,1,2026-03-29 08:00:00.000,2,70.6083225476137
522,1,2026-03-29 08:00:00.000,1,69.725671
523,1,2026-03-29 08:00:00.000,3,30.5966403814767
524,1,2026-03-29 08:00:00.000,4,67.7926949272863
525,1,2026-03-29 08:00:00.000,5,82.1345893707174
526,1,2026-03-29 09:00:00.000,2,70.5907405154954
527,1,2026-03-29 09:00:00.000,1,69.725671
528,1,2026-03-29 09:00:00.000,3,39.4059660653918
529,1,2026-03-29 09:00:00.000,4,67.7788945354008
530,1,2026-03-29 09:00:00.000,5,82.1481586929456
531,1,2026-03-29 10:00:00.000,2,70.5802186827527
532,1,2026-03-29 10:00:00.000,1,69.725671
533,1,2026-03-29 10:00:00.000,3,40.5524412449832
534,1,2026-03-29 10:00:00.000,4,67.7988662543252
535,1,2026-03-29 10:00:00.000,5,84.489249623763
536,1,2026-03-29 11:00:00.000,2,70.8079688189156
537,1,2026-03-29 11:00:00.000,1,69.725671
538,1,2026-03-29 11:00:00.000,3,32.9171146603237
539,1,2026-03-29 11:00:00.000,4,67.8488996188079
540,1,2026-03-29 11:00:00.000,5,103.186806582389
541,1,2026-03-29 12:00:00.000,2,70.8140138708265
542,1,2026-03-29 12:00:00.000,1,69.724929
543,1,2026-03-29 12:00:00.000,3,27.8464569810525
544,1,2026-03-29 12:00:00.000,4,67.8349054620648
545,1,2026-03-29 12:00:00.000,5,54.9571814191253
546,1,2026-03-29 13:00:00.000,2,70.64703861232
547,1,2026-03-29 13:00:00.000,1,69.724929
548,1,2026-03-29 13:00:00.000,3,40.4793088745202
549,1,2026-03-29 13:00:00.000,4,67.803413798121
550,1,2026-03-29 13:00:00.000,5,80.5757795607545
551,1,2026-03-29 14:00:00.000,2,70.4676607185609
552,1,2026-03-29 14:00:00.000,1,69.724929
553,1,2026-03-29 14:00:00.000,3,51.1482978065187
554,1,2026-03-29 14:00:00.000,4,67.4987068836996
555,1,2026-03-29 14:00:00.000,5,100.195173993912
556,1,2026-03-29 15:00:00.000,2,70.1815664296424
557,1,2026-03-29 15:00:00.000,1,69.724929
558,1,2026-03-29 15:00:00.000,3,47.2839544590307
559,1,2026-03-29 15:00:00.000,4,67.2067642396321
560,1,2026-03-29 15:00:00.000,5,103.54037505078
561,1,2026-03-29 16:00:00.000,2,70.186283874104
562,1,2026-03-29 16:00:00.000,1,69.724929
563,1,2026-03-29 16:00:00.000,3,51.9513742831319
564,1,2026-03-29 16:00:00.000,4,67.1144300466127
565,1,2026-03-29 16:00:00.000,5,154.422624330411
566,1,2026-03-29 17:00:00.000,2,70.212333826316
567,1,2026-03-29 17:00:00.000,1,69.724929
568,1,2026-03-29 17:00:00.000,3,54.4039098371188
569,1,2026-03-29 17:00:00.000,4,67.0915776327135
570,1,2026-03-29 17:00:00.000,5,150.596001073245
571,1,2026-03-29 18:00:00.000,2,70.3008091860758
572,1,2026-03-29 18:00:00.000,1,69.724929
573,1,2026-03-29 18:00:00.000,3,55.6026055528805
574,1,2026-03-29 18:00:00.000,4,67.1803152580021
575,1,2026-03-29 18:00:00.000,5,105.835619911667
576,1,2026-03-29 19:00:00.000,2,70.2283984989825
577,1,2026-03-29 19:00:00.000,1,69.724929
578,1,2026-03-29 19:00:00.000,3,50.1070239247216
579,1,2026-03-29 19:00:00.000,4,67.185264703666
580,1,2026-03-29 19:00:00.000,5,151.370994572919
581,1,2026-03-29 20:00:00.000,2,70.2079155554777
582,1,2026-03-29 20:00:00.000,1,69.724929
583,1,2026-03-29 20:00:00.000,3,50.20133662227
584,1,2026-03-29 20:00:00.000,4,67.3100675696328
585,1,2026-03-29 20:00:00.000,5,28.9629271862043
586,1,2026-03-29 21:00:00.000,2,70.207915477404
587,1,2026-03-29 21:00:00.000,1,69.724929
588,1,2026-03-29 21:00:00.000,3,50.208134951134
589,1,2026-03-29 21:00:00.000,4,67.310068749743
590,1,2026-03-29 21:00:00.000,5,28.9525780209207
591,1,2026-03-29 22:00:00.000,2,70.207915477404
592,1,2026-03-29 22:00:00.000,1,69.724929
593,1,2026-03-29 22:00:00.000,3,50.208134951134
594,1,2026-03-29 22:00:00.000,4,67.310068749743
595,1,2026-03-29 22:00:00.000,5,28.9525780209207
596,1,2026-03-29 23:00:00.000,2,70.207915477404
597,1,2026-03-29 23:00:00.000,1,69.724929
598,1,2026-03-29 23:00:00.000,3,50.208134951134
599,1,2026-03-29 23:00:00.000,4,67.310068749743
600,1,2026-03-29 23:00:00.000,5,28.9525780209207
601,1,2026-03-30 00:00:00.000,2,70.207915477404
602,1,2026-03-30 00:00:00.000,1,69.724929
603,1,2026-03-30 00:00:00.000,3,50.208134951134
604,1,2026-03-30 00:00:00.000,4,67.310068749743
605,1,2026-03-30 00:00:00.000,5,28.9525780209207
606,1,2026-03-30 01:00:00.000,2,70.207915477404
607,1,2026-03-30 01:00:00.000,1,69.724929
608,1,2026-03-30 01:00:00.000,3,50.208134951134
609,1,2026-03-30 01:00:00.000,4,67.310068749743
610,1,2026-03-30 01:00:00.000,5,28.9525780209207
611,1,2026-03-30 02:00:00.000,2,70.207915477404
612,1,2026-03-30 02:00:00.000,1,69.724929
613,1,2026-03-30 02:00:00.000,3,50.208134951134
614,1,2026-03-30 02:00:00.000,4,67.310068749743
615,1,2026-03-30 02:00:00.000,5,28.9525780209207
616,1,2026-03-30 03:00:00.000,2,70.207915477404
617,1,2026-03-30 03:00:00.000,1,69.724929
618,1,2026-03-30 03:00:00.000,3,50.208134951134
619,1,2026-03-30 03:00:00.000,4,67.310068749743
620,1,2026-03-30 03:00:00.000,5,28.9525780209207
621,1,2026-03-30 04:00:00.000,2,70.207915477404
622,1,2026-03-30 04:00:00.000,1,69.724929
623,1,2026-03-30 04:00:00.000,3,50.208134951134
624,1,2026-03-30 04:00:00.000,4,67.310068749743
625,1,2026-03-30 04:00:00.000,5,28.9525780209207
626,1,2026-03-30 05:00:00.000,2,70.207915477404
627,1,2026-03-30 05:00:00.000,1,69.724929
628,1,2026-03-30 05:00:00.000,3,50.208134951134
629,1,2026-03-30 05:00:00.000,4,67.310068749743
630,1,2026-03-30 05:00:00.000,5,28.9525780209207
631,1,2026-03-30 06:00:00.000,2,71.1271402362909
632,1,2026-03-30 06:00:00.000,1,69.725671
633,1,2026-03-30 06:00:00.000,3,37.8330519116281
634,1,2026-03-30 06:00:00.000,4,68.4526480417906
635,1,2026-03-30 06:00:00.000,5,32.6430591182905
636,1,2026-03-30 07:00:00.000,2,72.2710772991858
637,1,2026-03-30 07:00:00.000,1,69.725671
638,1,2026-03-30 07:00:00.000,3,-44.2627974000924
639,1,2026-03-30 07:00:00.000,4,69.5288225949579
640,1,2026-03-30 07:00:00.000,5,81.1235211799694
641,1,2026-03-30 08:00:00.000,2,72.7064693257935
642,1,2026-03-30 08:00:00.000,1,69.725671
643,1,2026-03-30 08:00:00.000,3,-74.9209635237985
644,1,2026-03-30 08:00:00.000,4,69.8938857466417
645,1,2026-03-30 08:00:00.000,5,202.981797477361
646,1,2026-03-30 09:00:00.000,2,72.5402557617571
647,1,2026-03-30 09:00:00.000,1,69.725671
648,1,2026-03-30 09:00:00.000,3,-58.7634780771041
649,1,2026-03-30 09:00:00.000,4,69.6851841571331
650,1,2026-03-30 09:00:00.000,5,37.7389346165416
651,1,2026-03-30 10:00:00.000,2,72.2696261721455
652,1,2026-03-30 10:00:00.000,1,69.725671
653,1,2026-03-30 10:00:00.000,3,-42.6405594761184
654,1,2026-03-30 10:00:00.000,4,69.5804175149477
655,1,2026-03-30 10:00:00.000,5,78.3408377847052
656,1,2026-03-30 11:00:00.000,2,72.1423008520755
657,1,2026-03-30 11:00:00.000,1,69.725671
658,1,2026-03-30 11:00:00.000,3,-41.8758511181549
659,1,2026-03-30 11:00:00.000,4,69.3603387342743
660,1,2026-03-30 11:00:00.000,5,201.232256132596
661,1,2026-03-30 12:00:00.000,2,72.0240936818862
662,1,2026-03-30 12:00:00.000,1,69.724882
663,1,2026-03-30 12:00:00.000,3,-37.6800033121903
664,1,2026-03-30 12:00:00.000,4,69.2052446458631
665,1,2026-03-30 12:00:00.000,5,78.5763683054957
666,1,2026-03-30 13:00:00.000,2,72.0162636623657
667,1,2026-03-30 13:00:00.000,1,69.724882
668,1,2026-03-30 13:00:00.000,3,-35.6975386068404
669,1,2026-03-30 13:00:00.000,4,69.2098647301578
670,1,2026-03-30 13:00:00.000,5,77.9293393373946
671,1,2026-03-30 14:00:00.000,2,72.2906179152429
672,1,2026-03-30 14:00:00.000,1,69.724882
673,1,2026-03-30 14:00:00.000,3,-39.6393033383855
674,1,2026-03-30 14:00:00.000,4,69.4533773257709
675,1,2026-03-30 14:00:00.000,5,79.2271124110484
676,1,2026-03-30 15:00:00.000,2,72.4360790191526
677,1,2026-03-30 15:00:00.000,1,69.724882
678,1,2026-03-30 15:00:00.000,3,-44.5854654702213
679,1,2026-03-30 15:00:00.000,4,69.5578877877257
680,1,2026-03-30 15:00:00.000,5,81.3027024202467
681,1,2026-03-30 16:00:00.000,2,72.5114692448386
682,1,2026-03-30 16:00:00.000,1,69.724882
683,1,2026-03-30 16:00:00.000,3,-55.0144020185961
684,1,2026-03-30 16:00:00.000,4,69.670327336225
685,1,2026-03-30 16:00:00.000,5,75.7238944691864
686,1,2026-03-30 17:00:00.000,2,72.5203247631812
687,1,2026-03-30 17:00:00.000,1,69.724882
688,1,2026-03-30 17:00:00.000,3,-56.176213750476
689,1,2026-03-30 17:00:00.000,4,69.687163350862
690,1,2026-03-30 17:00:00.000,5,73.3839328986756
691,1,2026-03-30 18:00:00.000,2,72.5203247965016
692,1,2026-03-30 18:00:00.000,1,69.724882
693,1,2026-03-30 18:00:00.000,3,-56.1423341956114
694,1,2026-03-30 18:00:00.000,4,69.6871633841824
695,1,2026-03-30 18:00:00.000,5,73.3839328986756
696,1,2026-03-30 19:00:00.000,2,72.5203247965016
697,1,2026-03-30 19:00:00.000,1,69.724882
698,1,2026-03-30 19:00:00.000,3,-56.1423341956114
699,1,2026-03-30 19:00:00.000,4,69.6871633841824
700,1,2026-03-30 19:00:00.000,5,73.3839328986756
701,1,2026-03-30 20:00:00.000,2,72.5203247965016
702,1,2026-03-30 20:00:00.000,1,69.724882
703,1,2026-03-30 20:00:00.000,3,-56.1423341956114
704,1,2026-03-30 20:00:00.000,4,69.6871633841824
705,1,2026-03-30 20:00:00.000,5,73.3839328986756
706,1,2026-03-30 21:00:00.000,2,72.5203247965016
707,1,2026-03-30 21:00:00.000,1,69.724882
708,1,2026-03-30 21:00:00.000,3,-56.1423341956114
709,1,2026-03-30 21:00:00.000,4,69.6871633841824
710,1,2026-03-30 21:00:00.000,5,73.3839328986756
711,1,2026-03-30 22:00:00.000,2,72.5203247965016
712,1,2026-03-30 22:00:00.000,1,69.724882
713,1,2026-03-30 22:00:00.000,3,-56.1423341956114
714,1,2026-03-30 22:00:00.000,4,69.6871633841824
715,1,2026-03-30 22:00:00.000,5,73.3839328986756
716,1,2026-03-30 23:00:00.000,2,72.5203247965016
717,1,2026-03-30 23:00:00.000,1,69.724882
718,1,2026-03-30 23:00:00.000,3,-56.1423341956114
719,1,2026-03-30 23:00:00.000,4,69.6871633841824
720,1,2026-03-30 23:00:00.000,5,73.3839328986756
721,1,2026-03-31 00:00:00.000,2,72.5203247965016
722,1,2026-03-31 00:00:00.000,1,69.724882
723,1,2026-03-31 00:00:00.000,3,-56.1423341956114
724,1,2026-03-31 00:00:00.000,4,69.6871633841824
725,1,2026-03-31 00:00:00.000,5,73.3839328986756
726,1,2026-03-31 01:00:00.000,2,72.5203247965016
727,1,2026-03-31 01:00:00.000,1,69.724882
728,1,2026-03-31 01:00:00.000,3,-56.1423341956114
729,1,2026-03-31 01:00:00.000,4,69.6871633841824
730,1,2026-03-31 01:00:00.000,5,73.3839328986756
731,1,2026-03-31 02:00:00.000,2,72.5203247965016
732,1,2026-03-31 02:00:00.000,1,69.724882
733,1,2026-03-31 02:00:00.000,3,-56.1423341956114
734,1,2026-03-31 02:00:00.000,4,69.6871633841824
735,1,2026-03-31 02:00:00.000,5,73.3839328986756
736,1,2026-03-31 03:00:00.000,2,72.5203247965016
737,1,2026-03-31 03:00:00.000,1,69.724882
738,1,2026-03-31 03:00:00.000,3,-56.1423341956114
739,1,2026-03-31 03:00:00.000,4,69.6871633841824
740,1,2026-03-31 03:00:00.000,5,73.3839328986756
741,1,2026-03-31 04:00:00.000,2,72.5203247965016
742,1,2026-03-31 04:00:00.000,1,69.724882
743,1,2026-03-31 04:00:00.000,3,-56.1423341956114
744,1,2026-03-31 04:00:00.000,4,69.6871633841824
745,1,2026-03-31 04:00:00.000,5,73.3839328986756
746,1,2026-03-31 05:00:00.000,2,72.5203247965016
747,1,2026-03-31 05:00:00.000,1,69.724882
748,1,2026-03-31 05:00:00.000,3,-56.1423341956114
749,1,2026-03-31 05:00:00.000,4,69.6871633841824
750,1,2026-03-31 05:00:00.000,5,73.3839328986756
751,1,2026-03-31 06:00:00.000,2,71.8241127571067
752,1,2026-03-31 06:00:00.000,1,69.725671
753,1,2026-03-31 06:00:00.000,3,5.27348363496706
754,1,2026-03-31 06:00:00.000,4,69.1606379980982
755,1,2026-03-31 06:00:00.000,5,74.2489813222706
756,1,2026-03-31 07:00:00.000,2,72.8823383112467
757,1,2026-03-31 07:00:00.000,1,69.725671
758,1,2026-03-31 07:00:00.000,3,-58.6005207091707
759,1,2026-03-31 07:00:00.000,4,69.9128121038703
760,1,2026-03-31 07:00:00.000,5,202.410030604001
761,1,2026-03-31 08:00:00.000,2,72.9186231043786
762,1,2026-03-31 08:00:00.000,1,69.725671
763,1,2026-03-31 08:00:00.000,3,-71.9805599322764
764,1,2026-03-31 08:00:00.000,4,70.0175173344906
765,1,2026-03-31 08:00:00.000,5,202.90881988728
766,1,2026-03-31 09:00:00.000,2,72.2874404614539
767,1,2026-03-31 09:00:00.000,1,69.725671
768,1,2026-03-31 09:00:00.000,3,-48.8966998792749
769,1,2026-03-31 09:00:00.000,4,69.496823513906
770,1,2026-03-31 09:00:00.000,5,201.343054980052
771,1,2026-03-31 10:00:00.000,2,72.7748361267404
772,1,2026-03-31 10:00:00.000,1,69.725671
773,1,2026-03-31 10:00:00.000,3,-79.2998033403104
774,1,2026-03-31 10:00:00.000,4,69.9973471030614
775,1,2026-03-31 10:00:00.000,5,201.630013570876
776,1,2026-03-31 11:00:00.000,2,72.8819213234487
777,1,2026-03-31 11:00:00.000,1,69.725671
778,1,2026-03-31 11:00:00.000,3,-76.8098246626616
779,1,2026-03-31 11:00:00.000,4,70.0818436680667
780,1,2026-03-31 11:00:00.000,5,202.611356108195
781,1,2026-03-31 12:00:00.000,2,72.9251302370997
782,1,2026-03-31 12:00:00.000,1,69.725671
783,1,2026-03-31 12:00:00.000,3,-76.5876610951016
784,1,2026-03-31 12:00:00.000,4,70.1312587034331
785,1,2026-03-31 12:00:00.000,5,202.557489853001
786,1,2026-03-31 13:00:00.000,2,72.9843867990375
787,1,2026-03-31 13:00:00.000,1,69.725671
788,1,2026-03-31 13:00:00.000,3,-75.7710696674278
789,1,2026-03-31 13:00:00.000,4,72.9191507763504
790,1,2026-03-31 13:00:00.000,5,141.59221085168
791,1,2026-03-31 14:00:00.000,2,73.5772341581874
792,1,2026-03-31 14:00:00.000,1,69.725671
793,1,2026-03-31 14:00:00.000,3,-117.635140953453
794,1,2026-03-31 14:00:00.000,4,70.7905362662258
795,1,2026-03-31 14:00:00.000,5,202.159561873971
796,1,2026-03-31 15:00:00.000,2,73.470130257223
797,1,2026-03-31 15:00:00.000,1,69.725671
798,1,2026-03-31 15:00:00.000,3,-111.446914871909
799,1,2026-03-31 15:00:00.000,4,73.343142613687
800,1,2026-03-31 15:00:00.000,5,140.145631552167
801,1,2026-03-31 16:00:00.000,2,73.3325111440447
802,1,2026-03-31 16:00:00.000,1,69.725671
803,1,2026-03-31 16:00:00.000,3,-103.301758574401
804,1,2026-03-31 16:00:00.000,4,70.4055577982504
805,1,2026-03-31 16:00:00.000,5,210.261238409757
806,1,2026-03-31 17:00:00.000,2,73.3571091659517
807,1,2026-03-31 17:00:00.000,1,69.725671
808,1,2026-03-31 17:00:00.000,3,-105.366266298013
809,1,2026-03-31 17:00:00.000,4,70.4063796689925
810,1,2026-03-31 17:00:00.000,5,209.133979532816
811,1,2026-03-31 18:00:00.000,2,73.3571061291745
812,1,2026-03-31 18:00:00.000,1,69.725671
813,1,2026-03-31 18:00:00.000,3,-105.268224143265
814,1,2026-03-31 18:00:00.000,4,70.4063883693095
815,1,2026-03-31 18:00:00.000,5,208.933286739974
816,1,2026-03-31 19:00:00.000,2,73.3571061291745
817,1,2026-03-31 19:00:00.000,1,69.725671
818,1,2026-03-31 19:00:00.000,3,-105.268224143265
819,1,2026-03-31 19:00:00.000,4,70.4063883693095
820,1,2026-03-31 19:00:00.000,5,208.933286739974
821,1,2026-03-31 20:00:00.000,2,73.3571061291745
822,1,2026-03-31 20:00:00.000,1,69.725671
823,1,2026-03-31 20:00:00.000,3,-105.268224143265
824,1,2026-03-31 20:00:00.000,4,70.4063883693095
825,1,2026-03-31 20:00:00.000,5,208.933286739974
826,1,2026-03-31 21:00:00.000,2,73.3571061291745
827,1,2026-03-31 21:00:00.000,1,69.725671
828,1,2026-03-31 21:00:00.000,3,-105.268224143265
829,1,2026-03-31 21:00:00.000,4,70.4063883693095
830,1,2026-03-31 21:00:00.000,5,208.933286739974
831,1,2026-03-31 22:00:00.000,2,73.3571061291745
832,1,2026-03-31 22:00:00.000,1,69.725671
833,1,2026-03-31 22:00:00.000,3,-105.268224143265
834,1,2026-03-31 22:00:00.000,4,70.4063883693095
835,1,2026-03-31 22:00:00.000,5,208.933286739974
836,1,2026-03-31 23:00:00.000,2,73.3571061291745
837,1,2026-03-31 23:00:00.000,1,69.725671
838,1,2026-03-31 23:00:00.000,3,-105.268224143265
839,1,2026-03-31 23:00:00.000,4,70.4063883693095
840,1,2026-03-31 23:00:00.000,5,208.933286739974
