tag_name,pi_name,tag_type,data_type
BLR_1_HPS_Gen_raw,UN.UO.71FI1101.PV,pi,real
BLR_2_HPS_Gen_raw,UN.UO.71FI1201.PV,pi,real
BLR_3_HPS_Gen_raw,UN.UO.71FI1301.PV,pi,real
BLR_4_HPS_Gen_raw,UN.UO.71FI1401.PV,pi,real
BLR_5_HPS_Gen_raw,UN.UO.71FI1501A.PV,pi,real
FD_Fan_BLR_1_Steam_raw,UN.UO.71FI1108.PV,pi,real
FD_Fan_BLR_2_Steam_raw,UN.UO.71FI1208.PV,pi,real
FD_Fan_BLR_3_Steam_raw,UN.UO.71FI1308.PV,pi,real
FD_Fan_BLR_4_Steam_raw,UN.UO.71FI1408.PV,pi,real
FD_Fan_BLR_5_Steam_raw,UN.UO.71FI1508.PV,pi,real
BLR_1_Status,,inferred,real
BLR_2_Status,,inferred,real
BLR_3_Status,,inferred,real
BLR_4_Status,,inferred,real
BLR_5_Status,,inferred,real
Total_Boilers_Running,,inferred,real
Fuel_BLR_1_raw,UN.UO.BO-7101A.Boiler_Corrected_Fuel_Flow_PEEO_CALC_OUTPUT,pi,real
Fuel_BLR_2_raw,UN.UO.BO-7101B.Boiler_Corrected_Fuel_Flow_PEEO_CALC_OUTPUT,pi,real
Fuel_BLR_3_raw,UN.UO.BO-7101C.Boiler_Corrected_Fuel_Flow_PEEO_CALC_OUTPUT,pi,real
Fuel_BLR_4_raw,UN.UO.BO-7101D.Boiler_Corrected_Fuel_Flow_PEEO_CALC_OUTPUT,pi,real
Fuel_BLR_5_raw,UN.UO.PK-7104E.Boiler_Corrected_Fuel_Flow_PEEO_CALC_OUTPUT,pi,real
BLR_1_HPS_Gen,,inferred,real
BLR_2_HPS_Gen,,inferred,real
BLR_3_HPS_Gen,,inferred,real
BLR_4_HPS_Gen,,inferred,real
BLR_5_HPS_Gen,,inferred,real
FD_Fan_BLR_1_Steam,,inferred,real
FD_Fan_BLR_2_Steam,,inferred,real
FD_Fan_BLR_3_Steam,,inferred,real
FD_Fan_BLR_4_Steam,,inferred,real
FD_Fan_BLR_5_Steam,,inferred,real
Total_Fuel_for_Boilers,,inferred,real
Total_BLR_HPS_Generation,,inferred,real
Steam_Generation_from_Boilers,UN.UO.Steam_Generation_From_Boilers_EO_CALC_OUTPUT,pi,real
Boilers_Specific_Energy_Consumption,UN.UO.Boilers_Specific_Energy_Consumption_EO_CALC_OUTPUT,pi,real
Buffer_Steam_in_Boilers,,inferred,real
BLR_1_Capacity,,inferred,real
BLR_2_Capacity,,inferred,real
BLR_3_Capacity,,inferred,real
BLR_4_Capacity,,inferred,real
BLR_5_Capacity,,inferred,real
Boiler_A_DSP_outlet_Temp,UN.UO.71TC1111.PV,pi,real
Boiler_A_DSP_outlet_Pressure,UN.UO.71PI1113.PV,pi,real
Boiler_B_DSP_outlet_Temp,UN.UO.71TC1211.PV,pi,real
Boiler_B_DSP_outlet_Pressure,UN.UO.71PI1213.PV,pi,real
Boiler_C_DSP_outlet_Temp,UN.UO.71TC1311.PV,pi,real
Boiler_C_DSP_outlet_Pressure,UN.UO.71PI1313.PV,pi,real
Boiler_D_DSP_outlet_Temp,UN.UO.71TC1411.PV,pi,real
Boiler_D_DSP_outlet_Pressure,UN.UO.71PI1413.PV,pi,real
Boiler_E_DSP_outlet_Temp,UN.UO.71TC1511.PV,pi,real
Boiler_E_DSP_outlet_Pressure,UN.UO.71PC1513.PV,pi,real
BOILER_FG_CH4_CONCENTRATION_ARRAZI,AR.AR5.DCS.Process.AI51211.PV,pi,real
BOILER_FG_CO2_CONCENTRATION_ARRAZI,AR.AR5.DCS.Process.AI51217.PV,pi,real
BOILER_FG_ETHANE_CONCENTRATION_ARRAZI,AR.AR5.DCS.Process.AI51212.PV,pi,real
BOILER_FG_IC4_CONCENTRATION_ARRAZI,AR.AR5.DCS.Process.AI51215.PV,pi,real
BOILER_FG_IC5_CONCENTRATION_ARRAZI,AR.AR5.DCS.Process.AI512111.PV,pi,real
BOILER_FG_N2_CONCENTRATION_ARRAZI,AR.AR5.DCS.Process.AI51219.PV,pi,real
BOILER_FG_NC4_CONCENTRATION_ARRAZI,AR.AR5.DCS.Process.AI51214.PV,pi,real
BOILER_FG_NC5_CONCENTRATION_ARRAZI,AR.AR5.DCS.Process.AI512110.PV,pi,real
BOILER_FG_PROPANE_CONCENTRATION_ARRAZI,AR.AR5.DCS.Process.AI51213.PV,pi,real
Boiler_A_Combustion_Air_Temperature,UN.UO.71TI1114B.PV,pi,real
Boielr_A_Fuel_Gas_Flow,UN.UO.71FC1104.PV,pi,real
Boielr_B_Fuel_Gas_Flow,UN.UO.71FC1204.PV,pi,real
Boielr_C_Fuel_Gas_Flow,UN.UO.71FC1304.PV,pi,real
Boielr_D_Fuel_Gas_Flow,UN.UO.71FC1404.PV,pi,real
Boielr_E_Fuel_Gas_Flow,UN.UO.71FC1504.PV,pi,real
Fuel_BLR_1,,inferred,real
Fuel_BLR_2,,inferred,real
Fuel_BLR_3,,inferred,real
Fuel_BLR_4,,inferred,real
Fuel_BLR_5,,inferred,real
Fuel_BLR_1_Energy,,inferred,real
Fuel_BLR_2_Energy,,inferred,real
Fuel_BLR_3_Energy,,inferred,real
Fuel_BLR_4_Energy,,inferred,real
Fuel_BLR_5_Energy,,inferred,real
BLR_1_HPS_Gen_Energy,UN.UO.BO-7101A.Boiler_1_HPS_Generation_Energy_EO_CALC_OUTPUT,pi,real
BLR_2_HPS_Gen_Energy,UN.UO.BO-7101B.Boiler_2_HPS_Generation_Energy_EO_CALC_OUTPUT,pi,real
BLR_3_HPS_Gen_Energy,UN.UO.BO-7101C.Boiler_3_HPS_Generation_Energy_EO_CALC_OUTPUT,pi,real
BLR_4_HPS_Gen_Energy,UN.UO.BO-7101D.Boiler_4_HPS_Generation_Energy_EO_CALC_OUTPUT,pi,real
BLR_5_HPS_Gen_Energy,UN.UO.PK-7104E.Boiler_5_HPS_Generation_Energy_EO_CALC_OUTPUT,pi,real
FD_Fan_BLR_1_Steam_Energy,,inferred,real
FD_Fan_BLR_2_Steam_Energy,,inferred,real
FD_Fan_BLR_3_Steam_Energy,,inferred,real
FD_Fan_BLR_4_Steam_Energy,,inferred,real
FD_Fan_BLR_5_Steam_Energy,,inferred,real
BOILER_A_CBD,UN.UO.71FC1100.PV,pi,real
BOILER_B_CBD,UN.UO.71FC1200.PV,pi,real
BOILER_C_CBD,UN.UO.71FC1300.PV,pi,real
BOILER_D_CBD,UN.UO.71FC1400.PV,pi,real
BOILER_E_CBD,UN.UO.71FC1500.PV,pi,real
Boiler_CBD,UN.UO.Boiler_CBD_EO_CALC_OUTPUT,pi,real
BOILER_A_CO2_Fuel_Emission_Factor,UN.UO.BO-7101A.Boiler_Co2_Formed_PEEO_CALC_OUTPUT,pi,real
BOILER_B_CO2_Fuel_Emission_Factor,UN.UO.BO-7101B.Boiler_Co2_Formed_PEEO_CALC_OUTPUT,pi,real
BOILER_C_CO2_Fuel_Emission_Factor,UN.UO.BO-7101C.Boiler_Co2_Formed_PEEO_CALC_OUTPUT,pi,real
BOILER_D_CO2_Fuel_Emission_Factor,UN.UO.BO-7101D.Boiler_Co2_Formed_PEEO_CALC_OUTPUT,pi,real
BOILER_E_CO2_Fuel_Emission_Factor,UN.UO.PK-7104E.Boiler_Co2_Formed_PEEO_CALC_OUTPUT,pi,real
Costing_total_Fuel_Cost,,inferred,real
Total_BLR_HPS_Generation_ub,UN.UO.Total_BLR_HPS_Generation_Upper_Bound_EO_CALC_OUTPUT,pi,real
Steam_Generation_from_Boilers_Benefit,,inferred,real
Total_BLR_HPS_Generation_Benefit,,inferred,real
BLR_1_HPS_Gen_Benefit,,inferred,real
BLR_2_HPS_Gen_Benefit,,inferred,real
BLR_3_HPS_Gen_Benefit,,inferred,real
BLR_4_HPS_Gen_Benefit,,inferred,real
BLR_5_HPS_Gen_Benefit,,inferred,real
Total_Fuel_for_Boilers_Benefit,,inferred,real
FD_Fan_BLR_1_Steam_Benefit,,inferred,real
FD_Fan_BLR_2_Steam_Benefit,,inferred,real
FD_Fan_BLR_3_Steam_Benefit,,inferred,real
FD_Fan_BLR_4_Steam_Benefit,,inferred,real
FD_Fan_BLR_5_Steam_Benefit,,inferred,real
Boiler_A_Duty,,inferred,real
Boiler_B_Duty,,inferred,real
Boiler_C_Duty,,inferred,real
Boiler_D_Duty,,inferred,real
Boiler_E_Duty,,inferred,real
Total_Fuel_for_Boilers_benifit,,inferred,real
BOILER_A_FLUE_GAS_OXGYGEN,UN.UO.71AC1104.PV,pi,real
BOILER_B_FLUE_GAS_OXGYGEN,UN.UO.71AC1204.PV,pi,real
BOILER_C_FLUE_GAS_OXGYGEN,UN.UO.71AC1304.PV,pi,real
BOILER_D_FLUE_GAS_OXGYGEN,UN.UO.71AC1404.PV,pi,real
Boiler_5_O2,UN.UO.71AC1504AA.PV,pi,real
BOILER_A_CONDUCTIVITY,UN.UO.71AC1101.PV,pi,real
BOILER_B_CONDUCTIVITY,UN.UO.71AC1201.PV,pi,real
BOILER_C_CONDUCTIVITY,UN.UO.71AC1301.PV,pi,real
BOILER_D_CONDUCTIVITY,UN.UO.71AC1401.PV,pi,real
BOILER_E_CONDUCTIVITY,UN.UO.71AC1501A.PV,pi,real
Sp_En_BO_7104A,,inferred,real
Sp_En_BO_7104B,,inferred,real
Sp_En_BO_7104C,,inferred,real
Sp_En_BO_7104D,,inferred,real
Sp_En_BO_7104E,,inferred,real
BOILER_A_CBD_Adjusted,,inferred,real
BOILER_B_CBD_Adjusted,,inferred,real
BOILER_C_CBD_Adjusted,,inferred,real
BOILER_D_CBD_Adjusted,,inferred,real
BOILER_E_CBD_Adjusted,,inferred,real
BOILER_E_FLUE_GAS_OXGYGEN,UN.UO.71AI1501C.PV,pi,real
BOILER_A_STACK_TEMPERATURE,UN.UO.71TI1107.PV,pi,real
BOILER_B_STACK_TEMPERATURE,UN.UO.71TI1207.PV,pi,real
BOILER_C_STACK_TEMPERATURE,UN.UO.71TI1307.PV,pi,real
BOILER_D_STACK_TEMPERATURE,UN.UO.71TI1407.PV,pi,real
BOILER_E_STACK_TEMPERATURE,UN.UO.71TI1507.PV,pi,real
BOILER_A_FLUE_GAS_OXGYGEN_Adjusted,,inferred,real
BOILER_B_FLUE_GAS_OXGYGEN_Adjusted,,inferred,real
BOILER_C_FLUE_GAS_OXGYGEN_Adjusted,,inferred,real
BOILER_D_FLUE_GAS_OXGYGEN_Adjusted,,inferred,real
BOILER_E_FLUE_GAS_OXGYGEN_Adjusted,,inferred,real
Boiler_A_Main_Fuel_Gas_Temperature,UN.UO.71TI1113.PV,pi,real
Boiler_B_Main_Fuel_Gas_Temperature,UN.UO.71TI1213.PV,pi,real
Boiler_B_Combustion_Air_Temperature,UN.UO.71TI1214B.PV,pi,real
Boiler_C_Main_Fuel_Gas_Temperature,UN.UO.71TI1313.PV,pi,real
Boiler_C_Combustion_Air_Temperature,UN.UO.71TI1314B.PV,pi,real
Boiler_D_Main_Fuel_Gas_Temperature,UN.UO.71TI1413.PV,pi,real
Boiler_D_Combustion_Air_Temperature,UN.UO.71TI1414B.PV,pi,real
Boiler_E_Main_Fuel_Gas_Temperature,UN.UO.71TI1513.PV,pi,real
Boiler_E_Combustion_Air_Temp,UN.UO.71TI1514.PV,pi,real
Boiler_A_Air_Cp_Ref_T,,inferred,real
Boiler_B_Air_Cp_Ref_T,,inferred,real
Boiler_C_Air_Cp_Ref_T,,inferred,real
Boiler_D_Air_Cp_Ref_T,,inferred,real
Boiler_E_Air_Cp_Ref_T,,inferred,real
Boiler_B_Cp_Of_H2O_At_Stack_Temperature,,inferred,real
Boiler_A_Boiler_Load,,inferred,real
Boiler_A_Status,,inferred,real
Boiler_Fg_N2_Concentration,,inferred,real
Boiler_Fg_Ch4_Concentration,,inferred,real
Boiler_Fg_Ethane_Concentration,,inferred,real
Boiler_Fg_Propane_Concentration,,inferred,real
Boiler_Fg_Nc4_Concentration,,inferred,real
Boiler_Fg_Ic4_Concentration,,inferred,real
Boiler_Fg_Nc5_Concentration,,inferred,real
Boiler_Fg_Ic5_Concentration,,inferred,real
Boiler_Fg_Hydrogen_Concentration,,inferred,real
Boiler_A_Fuel_Composition_Total,,inferred,real
Boiler_A_Fg_Mw,,inferred,real
Boiler_A_Fg_Ch4_Mass_Percentage,,inferred,real
Boiler_A_Fg_Ethane_Mass_Percentage,,inferred,real
Boiler_A_Fg_Ethylene_Mass_Percentage,,inferred,real
Boiler_A_Fg_Propane_Mass_Percentage,,inferred,real
Boiler_A_Fg_Nitrogen_Mass_Percentage,,inferred,real
Boiler_A_Fg_Hydrogen_Mass_Percentage,,inferred,real
Boiler_A_Fg_Ic4_Mass_Percentage,,inferred,real
Boiler_A_Fg_Nc4_Mass_Percentage,,inferred,real
Boiler_A_Fg_Nc5_Mass_Percentage,,inferred,real
Boiler_A_Fg_Ic5_Mass_Percentage,,inferred,real
Boiler_A_Fg_Ch4_Mass_Fraction,,inferred,real
Boiler_A_Fg_Ethane_Mass_Fraction,,inferred,real
Boiler_A_Fg_Ethylene_Mass_Fraction,,inferred,real
Boiler_A_Fg_Propane_Mass_Fraction,,inferred,real
Boiler_A_Fg_Nitrogen_Mass_Fraction,,inferred,real
Boiler_A_Fg_Hydrogen_Mass_Fraction,,inferred,real
Boiler_A_Fg_Ic4_Mass_Fraction,,inferred,real
Boiler_A_Fg_Nc4_Mass_Fraction,,inferred,real
Boiler_A_Fg_Nc5_Mass_Fraction,,inferred,real
Boiler_A_Fg_Ic5_Mass_Fraction,,inferred,real
Boiler_Lhv,,inferred,real
Boiler_A_Air_Required_For_H2_Combustion,,inferred,real
Boiler_A_Air_Required_For_Ch4_Combustion,,inferred,real
Boiler_A_Air_Required_For_Ethane_Combustion,,inferred,real
Boiler_A_Air_Required_For_Ethylene_Combustion,,inferred,real
Boiler_A_Air_Required_For_Propane_Combustion,,inferred,real
Boiler_A_Air_Required_For_Nc4_Combustion,,inferred,real
Boiler_A_Air_Required_For_Ic4_Combustion,,inferred,real
Boiler_A_Air_Required_For_Nc5_Combustion,,inferred,real
Boiler_A_Air_Required_For_Ic5_Combustion,,inferred,real
Boiler_A_Ch4_Co2_Combustion,,inferred,real
Boiler_A_Ethane_Co2_Combustion,,inferred,real
Boiler_A_Ethylene_Co2_Combustion,,inferred,real
Boiler_A_Propane_Co2_Combustion,,inferred,real
Boiler_A_Nc4_Co2_Combustion,,inferred,real
Boiler_A_Ic4_Co2_Combustion,,inferred,real
Boiler_A_Nc5_Co2_Combustion,,inferred,real
Boiler_A_Ic5_Co2_Combustion,,inferred,real
Boiler_A_H2_N2_Combustion,,inferred,real
Boiler_A_Ch4_N2_Combustion,,inferred,real
Boiler_A_Ethane_N2_Combustion,,inferred,real
Boiler_A_Ethylene_N2_Combustion,,inferred,real
Boiler_A_Propane_N2_Combustion,,inferred,real
Boiler_A_Ic4_N2_Combustion,,inferred,real
Boiler_A_Nc4_N2_Combustion,,inferred,real
Boiler_A_Ic5_N2_Combustion,,inferred,real
Boiler_A_Nc5_N2_Combustion,,inferred,real
Boiler_A_H2_H2O_Combustion,,inferred,real
Boiler_A_Ch4_H2O_Combustion,,inferred,real
Boiler_A_Ethane_H2O_Combustion,,inferred,real
Boiler_A_Ethylene_H2O_Combustion,,inferred,real
Boiler_A_Propane_H2O_Combustion,,inferred,real
Boiler_A_Ic4_H2O_Combustion,,inferred,real
Boiler_A_Nc4_H2O_Combustion,,inferred,real
Boiler_A_Ic5_H2O_Combustion,,inferred,real
Boiler_A_Nc5_H2O_Combustion,,inferred,real
Boiler_A_Air_Required_For_Complete_Combustion,,inferred,real
Boiler_A_Co2_Formed,,inferred,real
Boiler_A_N2_Formed,,inferred,real
Boiler_A_H2O_Formed,,inferred,real
Boiler_A_Vapour_Pressure_Of_H2O,,inferred,real
Boiler_A_Air_Moisture,UN.UO.BO-7101A.Air_Moisture_EO_CALC_OUTPUT,pi,real
Boiler_A_Corrected_Combustion_Air,,inferred,real
Boiler_A_Corrected_Combution_H2O_Formed,,inferred,real
Boiler_A_Excess_Air,,inferred,real
Boiler_A_Air_Fuel_Mass_Ratio,,inferred,real
Boiler_A_Total_Moisture_With_Air,,inferred,real
Boiler_A_Total_H2O_Per_Kg_Of_Fuel,,inferred,real
Boiler_A_Cp_At_Combustion_Temperature,,inferred,real
Boiler_A_Air_Cp_For_Sensible_Heat_Corrected,UN.UO.BO-7101A.Air_Cp_For_Sensible_Heat_Corrected_EO_CALC_OUTPUT,pi,real
Boiler_A_Cp_H2_Fuel_Temp,,inferred,real
Boiler_A_Cp_Ch4_Fuel_Temp,,inferred,real
Boiler_A_Cp_Ethane_Fuel_Temp,,inferred,real
Boiler_A_Cp_Propane_Fuel_Temp,,inferred,real
Boiler_A_Cp_Ethylene_Fuel_Temp,,inferred,real
Boiler_A_Cp_Nc4_Fuel_Temp,,inferred,real
Boiler_A_Cp_Ic4_Fuel_Temp,,inferred,real
Boiler_A_Cp_Nc5_Fuel_Temp,,inferred,real
Boiler_A_Cp_Ic5_Fuel_Temp,,inferred,real
Boiler_A_Cp_Total_Fuel_At_Ref_Temp,,inferred,real
Boiler_A_Cp_Total_Fuel_At_Fuel_Temp,,inferred,real
Boiler_A_Avg_Cp_Of_Fuel_Gas_Sensible_Heat_Corrected,,inferred,real
Boiler_A_Dry_Flue_Gas_Per_Fuel_Mass_Ratio,,inferred,real
Boiler_A_Flue_Gas_Per_Fuel_Mass_Ratio,,inferred,real
Boiler_A_Flue_Gas_Mw,,inferred,real
Boiler_A_Cp_Of_Air_At_Stack_Temp,,inferred,real
Boiler_A_Cp_Flue_Gas_Co2_At_Stack_Temp,,inferred,real
Boiler_A_Cp_Flue_Gas_N2_At_Stack_Temp,,inferred,real
Boiler_A_Avg_Cp_Of_Flue_Gas_At_Stack_Temp,,inferred,real
Boiler_A_Cp_Of_H2O_At_Stack_Temp,,inferred,real
Boiler_A_Sensible_Heat_Correction_For_Fuel,,inferred,real
Boiler_A_Sensbile_Heat_Correction_For_Air,,inferred,real
Boiler_A_Mixed_Lhv_Per_Kg,,inferred,real
Boiler_A_Total_Heat_Input_Per_Kg_Of_Fuel,,inferred,real
Boiler_A_Heat_Loss_Due_To_Dry_Flue_Gas_L1,UN.UO.BO-7101A.Heat_Loss_Due_To_Dry_Flue_Gas_L1_EO_CALC_OUTPUT,pi,real
Boiler_A_Heat_Loss_Due_To_Evaporation_Of_Water_Formed_Due_To_H2_In_Fuel_L2,,inferred,real
Boiler_A_Heat_Loss_Due_To_H2O_In_Stack_L3,,inferred,real
Boiler_A_Heat_Loss_Due_To_Incomplete_Combustionl4,,inferred,real
Boiler_A_Total_Boiler_Stack_Loss_Per_Kg_Fuel,UN.UO.BO-7101A.Total_Boiler_Stack_Loss_Per_Kg_Fuel_EO_CALC_OUTPUT,pi,real
Boiler_A_Radiation_Losses,,inferred,real
Boiler_A_Total_Heat_Loss_Per_Kg_Of_Fuel,UN.UO.BO-7101A.Total_Heat_Loss_Per_Kg_Of_Fuel_EO_CALC_OUTPUT,pi,real
Boiler_A_Total_Heat_Absorbed_Per_Kg_Of_Fuel,UN.UO.BO-7101A.Total_Heat_Absorbed_Per_Kg_Of_Fuel_EO_CALC_OUTPUT,pi,real
Boiler_A_Boiler_Indirect_Efficiency,,inferred,real
Boiler_B_Boiler_Load,,inferred,real
Boiler_B_Status,,inferred,real
Boiler_B_Fuel_Composition_Total,,inferred,real
Boiler_B_Fg_Mw,,inferred,real
Boiler_B_Fg_Ch4_Mass_Percentage,,inferred,real
Boiler_B_Fg_Ethane_Mass_Percentage,,inferred,real
Boiler_B_Fg_Ethylene_Mass_Percentage,,inferred,real
Boiler_B_Fg_Propane_Mass_Percentage,,inferred,real
Boiler_B_Fg_Nitrogen_Mass_Percentage,,inferred,real
Boiler_B_Fg_Hydrogen_Mass_Percentage,,inferred,real
Boiler_B_Fg_Ic4_Mass_Percentage,,inferred,real
Boiler_B_Fg_Nc4_Mass_Percentage,,inferred,real
Boiler_B_Fg_Nc5_Mass_Percentage,,inferred,real
Boiler_B_Fg_Ic5_Mass_Percentage,,inferred,real
Boiler_B_Total_Fuel_Compostion_Mass,,inferred,real
Boiler_B_Fg_Ch4_Mass_Fraction,,inferred,real
Boiler_B_Fg_Ethane_Mass_Fraction,,inferred,real
Boiler_B_Fg_Ethylene_Mass_Fraction,,inferred,real
Boiler_B_Fg_Propane_Mass_Fraction,,inferred,real
Boiler_B_Fg_Hydrogen_Mass_Fraction,,inferred,real
Boiler_B_Fg_Ic4_Mass_Fraction,,inferred,real
Boiler_B_Fg_Nc4_Mass_Fraction,,inferred,real
Boiler_B_Fg_Nc5_Mass_Fraction,,inferred,real
Boiler_B_Fg_Ic5_Mass_Fraction,,inferred,real
Boiler_B_Air_Required_For_H2_Combustion,,inferred,real
Boiler_B_Air_Required_For_Ch4_Combustion,,inferred,real
Boiler_B_Air_Required_For_Ethane_Combustion,,inferred,real
Boiler_B_Air_Required_For_Ethylene_Combustion,,inferred,real
Boiler_B_Air_Required_For_Propane_Combustion,,inferred,real
Boiler_B_Air_Required_For_Nc4_Combustion,,inferred,real
Boiler_B_Air_Required_For_Ic4_Combustion,,inferred,real
Boiler_B_Air_Required_For_Nc5_Combustion,,inferred,real
Boiler_B_Air_Required_For_Ic5_Combustion,,inferred,real
Boiler_B_Ch4_Co2_Combustion,,inferred,real
Boiler_B_Ethane_Co2_Combustion,,inferred,real
Boiler_B_Ethylene_Co2_Combustion,,inferred,real
Boiler_B_Propane_Co2_Combustion,,inferred,real
Boiler_B_Nc4_Co2_Combustion,,inferred,real
Boiler_B_Ic4_Co2_Combustion,,inferred,real
Boiler_B_Nc5_Co2_Combustion,,inferred,real
Boiler_B_Ic5_Co2_Combustion,,inferred,real
Boiler_B_H2_N2_Combustion,,inferred,real
Boiler_B_Ch4_N2_Combustion,,inferred,real
Boiler_B_Ethane_N2_Combustion,,inferred,real
Boiler_B_Ethylene_N2_Combustion,,inferred,real
Boiler_B_Propane_N2_Combustion,,inferred,real
Boiler_B_Ic4_N2_Combustion,,inferred,real
Boiler_B_Nc4_N2_Combustion,,inferred,real
Boiler_B_Ic5_N2_Combustion,,inferred,real
Boiler_B_Nc5_N2_Combustion,,inferred,real
Boiler_B_H2_H2O_Combustion,,inferred,real
Boiler_B_Ch4_H2O_Combustion,,inferred,real
Boiler_B_Ethane_H2O_Combustion,,inferred,real
Boiler_B_Ethylene_H2O_Combustion,,inferred,real
Boiler_B_Propane_H2O_Combustion,,inferred,real
Boiler_B_Ic4_H2O_Combustion,,inferred,real
Boiler_B_Nc4_H2O_Combustion,,inferred,real
Boiler_B_Ic5_H2O_Combustion,,inferred,real
Boiler_B_Nc5_H2O_Combustion,,inferred,real
Boiler_B_Air_Required_For_Complete_Combustion,,inferred,real
Boiler_B_Co2_Formed,,inferred,real
Boiler_B_N2_Formed,,inferred,real
Boiler_B_H2O_Formed,,inferred,real
Boiler_B_Vapour_Pressure_Of_H2O,,inferred,real
Boiler_B_Air_Moisture,UN.UO.BO-7101B.Air_Moisture_EO_CALC_OUTPUT,pi,real
Boiler_B_Corrected_Combustion_Air,,inferred,real
Boiler_B_Corrected_Combution_H2O_Formed,,inferred,real
Boiler_B_Excess_Air,,inferred,real
Boiler_B_Air_Fuel_Mass_Ratio,,inferred,real
Boiler_B_Total_Moisture_With_Air,,inferred,real
Boiler_B_Total_H2O_Per_Kg_Of_Fuel,,inferred,real
Boiler_B_Cp_At_Combustion_Temperature,,inferred,real
Boiler_B_Air_Cp_For_Sensible_Heat_Corrected,UN.UO.BO-7101B.Air_Cp_For_Sensible_Heat_Corrected_EO_CALC_OUTPUT,pi,real
Boiler_B_Cp_H2_Fuel_Temp,,inferred,real
Boiler_B_Cp_Ch4_Fuel_Temp,,inferred,real
Boiler_B_Cp_Ethane_Fuel_Temp,,inferred,real
Boiler_B_Cp_Propane_Fuel_Temp,,inferred,real
Boiler_B_Cp_Ethylene_Fuel_Temp,,inferred,real
Boiler_B_Cp_Nc4_Fuel_Temp,,inferred,real
Boiler_B_Cp_Ic4_Fuel_Temp,,inferred,real
Boiler_B_Cp_Nc5_Fuel_Temp,,inferred,real
Boiler_B_Cp_Ic5_Fuel_Temp,,inferred,real
Boiler_B_Cp_Total_Fuel_At_Ref_Temp,,inferred,real
Boiler_B_Cp_Total_Fuel_At_Fuel_Temp,,inferred,real
Boiler_B_Avg_Cp_Of_Fuel_Gas_Sensible_Heat_Corrected,,inferred,real
Boiler_B_Dry_Flue_Gas_Per_Fuel_Mass_Ratio,,inferred,real
Boiler_B_Flue_Gas_Per_Fuel_Mass_Ratio,,inferred,real
Boiler_B_Flue_Gas_Mw,,inferred,real
Boiler_B_Cp_Of_Air_At_Stack_Temp,,inferred,real
Boiler_B_Cp_Flue_Gas_Co2_At_Stack_Temp,,inferred,real
Boiler_B_Cp_Flue_Gas_N2_At_Stack_Temp,,inferred,real
Boiler_B_Avg_Cp_Of_Flue_Gas_At_Stack_Temp,,inferred,real
Boiler_B_Cp_Of_H2O_At_Stack_Temp,,inferred,real
Boiler_B_Sensible_Heat_Correction_For_Fuel,,inferred,real
Boiler_B_Sensbile_Heat_Correction_For_Air,,inferred,real
Boiler_B_Mixed_Lhv_Per_Kg,,inferred,real
Boiler_B_Total_Heat_Input_Per_Kg_Of_Fuel,,inferred,real
Boiler_B_Heat_Loss_Due_To_Dry_Flue_Gas_L1,UN.UO.BO-7101B.Heat_Loss_Due_To_Dry_Flue_Gas_L1_EO_CALC_OUTPUT,pi,real
Boiler_B_Heat_Loss_Due_To_Evaporation_Of_Water_Formed_Due_To_H2_In_Fuel_L2,,inferred,real
Boiler_B_Heat_Loss_Due_To_H2O_In_Stack_L3,,inferred,real
Boiler_B_Heat_Loss_Due_To_Incomplete_Combustionl4,,inferred,real
Boiler_B_Total_Boiler_Stack_Loss_Per_Kg_Fuel,UN.UO.BO-7101B.Total_Boiler_Stack_Loss_Per_Kg_Fuel_EO_CALC_OUTPUT,pi,real
Boiler_B_Radiation_Losses,,inferred,real
Boiler_B_Total_Heat_Loss_Per_Kg_Of_Fuel,UN.UO.BO-7101B.Total_Heat_Loss_Per_Kg_Of_Fuel_EO_CALC_OUTPUT,pi,real
Boiler_B_Total_Heat_Absorbed_Per_Kg_Of_Fuel,UN.UO.BO-7101B.Total_Heat_Absorbed_Per_Kg_Of_Fuel_EO_CALC_OUTPUT,pi,real
Boiler_B_Boiler_Indirect_Efficiency,,inferred,real
Boiler_C_Boiler_Load,,inferred,real
Boiler_C_Status,,inferred,real
Boiler_C_Fuel_Composition_Total,,inferred,real
Boiler_C_Fg_Mw,,inferred,real
Boiler_C_Fg_Ch4_Mass_Percentage,,inferred,real
Boiler_C_Fg_Ethane_Mass_Percentage,,inferred,real
Boiler_C_Fg_Ethylene_Mass_Percentage,,inferred,real
Boiler_C_Fg_Propane_Mass_Percentage,,inferred,real
Boiler_C_Fg_Nitrogen_Mass_Percentage,,inferred,real
Boiler_C_Fg_Hydrogen_Mass_Percentage,,inferred,real
Boiler_C_Fg_Ic4_Mass_Percentage,,inferred,real
Boiler_C_Fg_Nc4_Mass_Percentage,,inferred,real
Boiler_C_Fg_Nc5_Mass_Percentage,,inferred,real
Boiler_C_Fg_Ic5_Mass_Percentage,,inferred,real
Boiler_C_Total_Fuel_Compostion_Mass,,inferred,real
Boiler_C_Fg_Ch4_Mass_Fraction,,inferred,real
Boiler_C_Fg_Ethane_Mass_Fraction,,inferred,real
Boiler_C_Fg_Ethylene_Mass_Fraction,,inferred,real
Boiler_C_Fg_Propane_Mass_Fraction,,inferred,real
Boiler_C_Fg_Hydrogen_Mass_Fraction,,inferred,real
Boiler_C_Fg_Ic4_Mass_Fraction,,inferred,real
Boiler_C_Fg_Nc4_Mass_Fraction,,inferred,real
Boiler_C_Fg_Nc5_Mass_Fraction,,inferred,real
Boiler_C_Fg_Ic5_Mass_Fraction,,inferred,real
Boiler_C_Air_Required_For_H2_Combustion,,inferred,real
Boiler_C_Air_Required_For_Ch4_Combustion,,inferred,real
Boiler_C_Air_Required_For_Ethane_Combustion,,inferred,real
Boiler_C_Air_Required_For_Ethylene_Combustion,,inferred,real
Boiler_C_Air_Required_For_Propane_Combustion,,inferred,real
Boiler_C_Air_Required_For_Nc4_Combustion,,inferred,real
Boiler_C_Air_Required_For_Ic4_Combustion,,inferred,real
Boiler_C_Air_Required_For_Nc5_Combustion,,inferred,real
Boiler_C_Air_Required_For_Ic5_Combustion,,inferred,real
Boiler_C_Ch4_Co2_Combustion,,inferred,real
Boiler_C_Ethane_Co2_Combustion,,inferred,real
Boiler_C_Ethylene_Co2_Combustion,,inferred,real
Boiler_C_Propane_Co2_Combustion,,inferred,real
Boiler_C_Nc4_Co2_Combustion,,inferred,real
Boiler_C_Ic4_Co2_Combustion,,inferred,real
Boiler_C_Nc5_Co2_Combustion,,inferred,real
Boiler_C_Ic5_Co2_Combustion,,inferred,real
Boiler_C_H2_N2_Combustion,,inferred,real
Boiler_C_Ch4_N2_Combustion,,inferred,real
Boiler_C_Ethane_N2_Combustion,,inferred,real
Boiler_C_Ethylene_N2_Combustion,,inferred,real
Boiler_C_Propane_N2_Combustion,,inferred,real
Boiler_C_Ic4_N2_Combustion,,inferred,real
Boiler_C_Nc4_N2_Combustion,,inferred,real
Boiler_C_Ic5_N2_Combustion,,inferred,real
Boiler_C_Nc5_N2_Combustion,,inferred,real
Boiler_C_H2_H2O_Combustion,,inferred,real
Boiler_C_Ch4_H2O_Combustion,,inferred,real
Boiler_C_Ethane_H2O_Combustion,,inferred,real
Boiler_C_Ethylene_H2O_Combustion,,inferred,real
Boiler_C_Propane_H2O_Combustion,,inferred,real
Boiler_C_Ic4_H2O_Combustion,,inferred,real
Boiler_C_Nc4_H2O_Combustion,,inferred,real
Boiler_C_Ic5_H2O_Combustion,,inferred,real
Boiler_C_Nc5_H2O_Combustion,,inferred,real
Boiler_C_Air_Required_For_Complete_Combustion,,inferred,real
Boiler_C_Co2_Formed,,inferred,real
Boiler_C_N2_Formed,,inferred,real
Boiler_C_H2O_Formed,,inferred,real
Boiler_C_Vapour_Pressure_Of_H2O,,inferred,real
Boiler_C_Air_Moisture,UN.UO.BO-7101C.Air_Moisture_EO_CALC_OUTPUT,pi,real
Boiler_C_Corrected_Combustion_Air,,inferred,real
Boiler_C_Corrected_Combution_H2O_Formed,,inferred,real
Boiler_C_Excess_Air,,inferred,real
Boiler_C_Air_Fuel_Mass_Ratio,,inferred,real
Boiler_C_Total_Moisture_With_Air,,inferred,real
Boiler_C_Total_H2O_Per_Kg_Of_Fuel,,inferred,real
Boiler_C_Cp_At_Combustion_Temperature,,inferred,real
Boiler_C_Air_Cp_For_Sensible_Heat_Corrected,UN.UO.BO-7101C.Air_Cp_For_Sensible_Heat_Corrected_EO_CALC_OUTPUT,pi,real
Boiler_C_Cp_H2_Fuel_Temp,,inferred,real
Boiler_C_Cp_Ch4_Fuel_Temp,,inferred,real
Boiler_C_Cp_Ethane_Fuel_Temp,,inferred,real
Boiler_C_Cp_Propane_Fuel_Temp,,inferred,real
Boiler_C_Cp_Ethylene_Fuel_Temp,,inferred,real
Boiler_C_Cp_Nc4_Fuel_Temp,,inferred,real
Boiler_C_Cp_Ic4_Fuel_Temp,,inferred,real
Boiler_C_Cp_Nc5_Fuel_Temp,,inferred,real
Boiler_C_Cp_Ic5_Fuel_Temp,,inferred,real
Boiler_C_Cp_Total_Fuel_At_Ref_Temp,,inferred,real
Boiler_C_Cp_Total_Fuel_At_Fuel_Temp,,inferred,real
Boiler_C_Avg_Cp_Of_Fuel_Gas_Sensible_Heat_Corrected,,inferred,real
Boiler_C_Dry_Flue_Gas_Per_Fuel_Mass_Ratio,,inferred,real
Boiler_C_Flue_Gas_Per_Fuel_Mass_Ratio,,inferred,real
Boiler_C_Flue_Gas_Mw,,inferred,real
Boiler_C_Cp_Of_Air_At_Stack_Temp,,inferred,real
Boiler_C_Cp_Flue_Gas_Co2_At_Stack_Temp,,inferred,real
Boiler_C_Cp_Flue_Gas_N2_At_Stack_Temp,,inferred,real
Boiler_C_Avg_Cp_Of_Flue_Gas_At_Stack_Temp,,inferred,real
Boiler_C_Cp_Of_H2O_At_Stack_Temp,,inferred,real
Boiler_C_Sensible_Heat_Correction_For_Fuel,,inferred,real
Boiler_C_Sensbile_Heat_Correction_For_Air,,inferred,real
Boiler_C_Mixed_Lhv_Per_Kg,,inferred,real
Boiler_C_Total_Heat_Input_Per_Kg_Of_Fuel,,inferred,real
Boiler_C_Heat_Loss_Due_To_Dry_Flue_Gas_L1,UN.UO.BO-7101C.Heat_Loss_Due_To_Dry_Flue_Gas_L1_EO_CALC_OUTPUT,pi,real
Boiler_C_Heat_Loss_Due_To_Evaporation_Of_Water_Formed_Due_To_H2_In_Fuel_L2,,inferred,real
Boiler_C_Heat_Loss_Due_To_H2O_In_Stack_L3,,inferred,real
Boiler_C_Heat_Loss_Due_To_Incomplete_Combustionl4,,inferred,real
Boiler_C_Total_Boiler_Stack_Loss_Per_Kg_Fuel,UN.UO.BO-7101C.Total_Boiler_Stack_Loss_Per_Kg_Fuel_EO_CALC_OUTPUT,pi,real
Boiler_C_Radiation_Losses,,inferred,real
Boiler_C_Total_Heat_Loss_Per_Kg_Of_Fuel,UN.UO.BO-7101C.Total_Heat_Loss_Per_Kg_Of_Fuel_EO_CALC_OUTPUT,pi,real
Boiler_C_Total_Heat_Absorbed_Per_Kg_Of_Fuel,UN.UO.BO-7101C.Total_Heat_Absorbed_Per_Kg_Of_Fuel_EO_CALC_OUTPUT,pi,real
Boiler_C_Boiler_Indirect_Efficiency,,inferred,real
Boiler_D_Boiler_Load,,inferred,real
Boiler_D_Status,,inferred,real
Boiler_D_Fuel_Composition_Total,,inferred,real
Boiler_D_Fg_Mw,,inferred,real
Boiler_D_Fg_Ch4_Mass_Percentage,,inferred,real
Boiler_D_Fg_Ethane_Mass_Percentage,,inferred,real
Boiler_D_Fg_Ethylene_Mass_Percentage,,inferred,real
Boiler_D_Fg_Propane_Mass_Percentage,,inferred,real
Boiler_D_Fg_Nitrogen_Mass_Percentage,,inferred,real
Boiler_D_Fg_Hydrogen_Mass_Percentage,,inferred,real
Boiler_D_Fg_Ic4_Mass_Percentage,,inferred,real
Boiler_D_Fg_Nc4_Mass_Percentage,,inferred,real
Boiler_D_Fg_Nc5_Mass_Percentage,,inferred,real
Boiler_D_Fg_Ic5_Mass_Percentage,,inferred,real
Boiler_D_Total_Fuel_Compostion_Mass,,inferred,real
Boiler_D_Fg_Ch4_Mass_Fraction,,inferred,real
Boiler_D_Fg_Ethane_Mass_Fraction,,inferred,real
Boiler_D_Fg_Ethylene_Mass_Fraction,,inferred,real
Boiler_D_Fg_Propane_Mass_Fraction,,inferred,real
Boiler_D_Fg_Hydrogen_Mass_Fraction,,inferred,real
Boiler_D_Fg_Ic4_Mass_Fraction,,inferred,real
Boiler_D_Fg_Nc4_Mass_Fraction,,inferred,real
Boiler_D_Fg_Nc5_Mass_Fraction,,inferred,real
Boiler_D_Fg_Ic5_Mass_Fraction,,inferred,real
Boiler_D_Air_Required_For_H2_Combustion,,inferred,real
Boiler_D_Air_Required_For_Ch4_Combustion,,inferred,real
Boiler_D_Air_Required_For_Ethane_Combustion,,inferred,real
Boiler_D_Air_Required_For_Ethylene_Combustion,,inferred,real
Boiler_D_Air_Required_For_Propane_Combustion,,inferred,real
Boiler_D_Air_Required_For_Nc4_Combustion,,inferred,real
Boiler_D_Air_Required_For_Ic4_Combustion,,inferred,real
Boiler_D_Air_Required_For_Nc5_Combustion,,inferred,real
Boiler_D_Air_Required_For_Ic5_Combustion,,inferred,real
Boiler_D_Ch4_Co2_Combustion,,inferred,real
Boiler_D_Ethane_Co2_Combustion,,inferred,real
Boiler_D_Ethylene_Co2_Combustion,,inferred,real
Boiler_D_Propane_Co2_Combustion,,inferred,real
Boiler_D_Nc4_Co2_Combustion,,inferred,real
Boiler_D_Ic4_Co2_Combustion,,inferred,real
Boiler_D_Nc5_Co2_Combustion,,inferred,real
Boiler_D_Ic5_Co2_Combustion,,inferred,real
Boiler_D_H2_N2_Combustion,,inferred,real
Boiler_D_Ch4_N2_Combustion,,inferred,real
Boiler_D_Ethane_N2_Combustion,,inferred,real
Boiler_D_Ethylene_N2_Combustion,,inferred,real
Boiler_D_Propane_N2_Combustion,,inferred,real
Boiler_D_Ic4_N2_Combustion,,inferred,real
Boiler_D_Nc4_N2_Combustion,,inferred,real
Boiler_D_Ic5_N2_Combustion,,inferred,real
Boiler_D_Nc5_N2_Combustion,,inferred,real
Boiler_D_H2_H2O_Combustion,,inferred,real
Boiler_D_Ch4_H2O_Combustion,,inferred,real
Boiler_D_Ethane_H2O_Combustion,,inferred,real
Boiler_D_Ethylene_H2O_Combustion,,inferred,real
Boiler_D_Propane_H2O_Combustion,,inferred,real
Boiler_D_Ic4_H2O_Combustion,,inferred,real
Boiler_D_Nc4_H2O_Combustion,,inferred,real
Boiler_D_Ic5_H2O_Combustion,,inferred,real
Boiler_D_Nc5_H2O_Combustion,,inferred,real
Boiler_D_Air_Required_For_Complete_Combustion,,inferred,real
Boiler_D_Co2_Formed,,inferred,real
Boiler_D_N2_Formed,,inferred,real
Boiler_D_H2O_Formed,,inferred,real
Boiler_D_Vapour_Pressure_Of_H2O,,inferred,real
Boiler_D_Air_Moisture,UN.UO.BO-7101D.Air_Moisture_EO_CALC_OUTPUT,pi,real
Boiler_D_Corrected_Combustion_Air,,inferred,real
Boiler_D_Corrected_Combution_H2O_Formed,,inferred,real
Boiler_D_Excess_Air,,inferred,real
Boiler_D_Air_Fuel_Mass_Ratio,,inferred,real
Boiler_D_Total_Moisture_With_Air,,inferred,real
Boiler_D_Total_H2O_Per_Kg_Of_Fuel,,inferred,real
Boiler_D_Cp_At_Combustion_Temperature,,inferred,real
Boiler_D_Air_Cp_For_Sensible_Heat_Corrected,UN.UO.BO-7101D.Air_Cp_For_Sensible_Heat_Corrected_EO_CALC_OUTPUT,pi,real
Boiler_D_Cp_H2_Fuel_Temp,,inferred,real
Boiler_D_Cp_Ch4_Fuel_Temp,,inferred,real
Boiler_D_Cp_Ethane_Fuel_Temp,,inferred,real
Boiler_D_Cp_Propane_Fuel_Temp,,inferred,real
Boiler_D_Cp_Ethylene_Fuel_Temp,,inferred,real
Boiler_D_Cp_Nc4_Fuel_Temp,,inferred,real
Boiler_D_Cp_Ic4_Fuel_Temp,,inferred,real
Boiler_D_Cp_Nc5_Fuel_Temp,,inferred,real
Boiler_D_Cp_Ic5_Fuel_Temp,,inferred,real
Boiler_D_Cp_Total_Fuel_At_Ref_Temp,,inferred,real
Boiler_D_Cp_Total_Fuel_At_Fuel_Temp,,inferred,real
Boiler_D_Avg_Cp_Of_Fuel_Gas_Sensible_Heat_Corrected,,inferred,real
Boiler_D_Dry_Flue_Gas_Per_Fuel_Mass_Ratio,,inferred,real
Boiler_D_Flue_Gas_Per_Fuel_Mass_Ratio,,inferred,real
Boiler_D_Flue_Gas_Mw,,inferred,real
Boiler_D_Cp_Of_Air_At_Stack_Temp,,inferred,real
Boiler_D_Cp_Flue_Gas_Co2_At_Stack_Temp,,inferred,real
Boiler_D_Cp_Flue_Gas_N2_At_Stack_Temp,,inferred,real
Boiler_D_Avg_Cp_Of_Flue_Gas_At_Stack_Temp,,inferred,real
Boiler_D_Cp_Of_H2O_At_Stack_Temp,,inferred,real
Boiler_D_Sensible_Heat_Correction_For_Fuel,,inferred,real
Boiler_D_Sensbile_Heat_Correction_For_Air,,inferred,real
Boiler_D_Mixed_Lhv_Per_Kg,,inferred,real
Boiler_D_Total_Heat_Input_Per_Kg_Of_Fuel,,inferred,real
Boiler_D_Heat_Loss_Due_To_Dry_Flue_Gas_L1,UN.UO.BO-7101D.Heat_Loss_Due_To_Dry_Flue_Gas_L1_EO_CALC_OUTPUT,pi,real
Boiler_D_Heat_Loss_Due_To_Evaporation_Of_Water_Formed_Due_To_H2_In_Fuel_L2,,inferred,real
Boiler_D_Heat_Loss_Due_To_H2O_In_Stack_L3,,inferred,real
Boiler_D_Heat_Loss_Due_To_Incomplete_Combustionl4,,inferred,real
Boiler_D_Total_Boiler_Stack_Loss_Per_Kg_Fuel,UN.UO.BO-7101D.Total_Boiler_Stack_Loss_Per_Kg_Fuel_EO_CALC_OUTPUT,pi,real
Boiler_D_Radiation_Losses,,inferred,real
Boiler_D_Total_Heat_Loss_Per_Kg_Of_Fuel,UN.UO.BO-7101D.Total_Heat_Loss_Per_Kg_Of_Fuel_EO_CALC_OUTPUT,pi,real
Boiler_D_Total_Heat_Absorbed_Per_Kg_Of_Fuel,UN.UO.BO-7101D.Total_Heat_Absorbed_Per_Kg_Of_Fuel_EO_CALC_OUTPUT,pi,real
Boiler_D_Boiler_Indirect_Efficiency,,inferred,real
Boiler_E_Boiler_Load,,inferred,real
Boiler_E_Status,,inferred,real
Boiler_E_Fuel_Composition_Total,,inferred,real
Boiler_E_Fg_Mw,,inferred,real
Boiler_E_Fg_Ch4_Mass_Percentage,,inferred,real
Boiler_E_Fg_Ethane_Mass_Percentage,,inferred,real
Boiler_E_Fg_Ethylene_Mass_Percentage,,inferred,real
Boiler_E_Fg_Propane_Mass_Percentage,,inferred,real
Boiler_E_Fg_Nitrogen_Mass_Percentage,,inferred,real
Boiler_E_Fg_Hydrogen_Mass_Percentage,,inferred,real
Boiler_E_Fg_Ic4_Mass_Percentage,,inferred,real
Boiler_E_Fg_Nc4_Mass_Percentage,,inferred,real
Boiler_E_Fg_Nc5_Mass_Percentage,,inferred,real
Boiler_E_Fg_Ic5_Mass_Percentage,,inferred,real
Boiler_E_Total_Fuel_Compostion_Mass,,inferred,real
Boiler_E_Fg_Ch4_Mass_Fraction,,inferred,real
Boiler_E_Fg_Ethane_Mass_Fraction,,inferred,real
Boiler_E_Fg_Ethylene_Mass_Fraction,,inferred,real
Boiler_E_Fg_Propane_Mass_Fraction,,inferred,real
Boiler_E_Fg_Hydrogen_Mass_Fraction,,inferred,real
Boiler_E_Fg_Ic4_Mass_Fraction,,inferred,real
Boiler_E_Fg_Nc4_Mass_Fraction,,inferred,real
Boiler_E_Fg_Nc5_Mass_Fraction,,inferred,real
Boiler_E_Fg_Ic5_Mass_Fraction,,inferred,real
Boiler_E_Air_Required_For_H2_Combustion,,inferred,real
Boiler_E_Air_Required_For_Ch4_Combustion,,inferred,real
Boiler_E_Air_Required_For_Ethane_Combustion,,inferred,real
Boiler_E_Air_Required_For_Ethylene_Combustion,,inferred,real
Boiler_E_Air_Required_For_Propane_Combustion,,inferred,real
Boiler_E_Air_Required_For_Nc4_Combustion,,inferred,real
Boiler_E_Air_Required_For_Ic4_Combustion,,inferred,real
Boiler_E_Air_Required_For_Nc5_Combustion,,inferred,real
Boiler_E_Air_Required_For_Ic5_Combustion,,inferred,real
Boiler_E_Ch4_Co2_Combustion,,inferred,real
Boiler_E_Ethane_Co2_Combustion,,inferred,real
Boiler_E_Ethylene_Co2_Combustion,,inferred,real
Boiler_E_Propane_Co2_Combustion,,inferred,real
Boiler_E_Nc4_Co2_Combustion,,inferred,real
Boiler_E_Ic4_Co2_Combustion,,inferred,real
Boiler_E_Nc5_Co2_Combustion,,inferred,real
Boiler_E_Ic5_Co2_Combustion,,inferred,real
Boiler_E_H2_N2_Combustion,,inferred,real
Boiler_E_Ch4_N2_Combustion,,inferred,real
Boiler_E_Ethane_N2_Combustion,,inferred,real
Boiler_E_Ethylene_N2_Combustion,,inferred,real
Boiler_E_Propane_N2_Combustion,,inferred,real
Boiler_E_Ic4_N2_Combustion,,inferred,real
Boiler_E_Nc4_N2_Combustion,,inferred,real
Boiler_E_Ic5_N2_Combustion,,inferred,real
Boiler_E_Nc5_N2_Combustion,,inferred,real
Boiler_E_H2_H2O_Combustion,,inferred,real
Boiler_E_Ch4_H2O_Combustion,,inferred,real
Boiler_E_Ethane_H2O_Combustion,,inferred,real
Boiler_E_Ethylene_H2O_Combustion,,inferred,real
Boiler_E_Propane_H2O_Combustion,,inferred,real
Boiler_E_Ic4_H2O_Combustion,,inferred,real
Boiler_E_Nc4_H2O_Combustion,,inferred,real
Boiler_E_Ic5_H2O_Combustion,,inferred,real
Boiler_E_Nc5_H2O_Combustion,,inferred,real
Boiler_E_Air_Required_For_Complete_Combustion,,inferred,real
Boiler_E_Co2_Formed,,inferred,real
Boiler_E_N2_Formed,,inferred,real
Boiler_E_H2O_Formed,,inferred,real
Boiler_E_Vapour_Pressure_Of_H2O,,inferred,real
Boiler_E_Air_Moisture,UN.UO.PK-7104E.Air_Moisture_EO_CALC_OUTPUT,pi,real
Boiler_E_Corrected_Combustion_Air,,inferred,real
Boiler_E_Corrected_Combution_H2O_Formed,,inferred,real
Boiler_E_Excess_Air,,inferred,real
Boiler_E_Air_Fuel_Mass_Ratio,,inferred,real
Boiler_E_Total_Moisture_With_Air,,inferred,real
Boiler_E_Total_H2O_Per_Kg_Of_Fuel,,inferred,real
Boiler_E_Cp_At_Combustion_Temperature,,inferred,real
Boiler_E_Air_Cp_For_Sensible_Heat_Corrected,UN.UO.PK-7104E.Air_Cp_For_Sensible_Heat_Corrected_EO_CALC_OUTPUT,pi,real
Boiler_E_Cp_H2_Fuel_Temp,,inferred,real
Boiler_E_Cp_Ch4_Fuel_Temp,,inferred,real
Boiler_E_Cp_Ethane_Fuel_Temp,,inferred,real
Boiler_E_Cp_Propane_Fuel_Temp,,inferred,real
Boiler_E_Cp_Ethylene_Fuel_Temp,,inferred,real
Boiler_E_Cp_Nc4_Fuel_Temp,,inferred,real
Boiler_E_Cp_Ic4_Fuel_Temp,,inferred,real
Boiler_E_Cp_Nc5_Fuel_Temp,,inferred,real
Boiler_E_Cp_Ic5_Fuel_Temp,,inferred,real
Boiler_E_Cp_Total_Fuel_At_Ref_Temp,,inferred,real
Boiler_E_Cp_Total_Fuel_At_Fuel_Temp,,inferred,real
Boiler_E_Avg_Cp_Of_Fuel_Gas_Sensible_Heat_Corrected,,inferred,real
Boiler_E_Dry_Flue_Gas_Per_Fuel_Mass_Ratio,,inferred,real
Boiler_E_Flue_Gas_Per_Fuel_Mass_Ratio,,inferred,real
Boiler_E_Flue_Gas_Mw,,inferred,real
Boiler_E_Cp_Of_Air_At_Stack_Temp,,inferred,real
Boiler_E_Cp_Flue_Gas_Co2_At_Stack_Temp,,inferred,real
Boiler_E_Cp_Flue_Gas_N2_At_Stack_Temp,,inferred,real
Boiler_E_Avg_Cp_Of_Flue_Gas_At_Stack_Temp,,inferred,real
Boiler_E_Cp_Of_H2O_At_Stack_Temp,,inferred,real
Boiler_E_Sensible_Heat_Correction_For_Fuel,,inferred,real
Boiler_E_Sensbile_Heat_Correction_For_Air,,inferred,real
Boiler_E_Mixed_Lhv_Per_Kg,,inferred,real
Boiler_E_Total_Heat_Input_Per_Kg_Of_Fuel,,inferred,real
Boiler_E_Heat_Loss_Due_To_Dry_Flue_Gas_L1,UN.UO.PK-7104E.Heat_Loss_Due_To_Dry_Flue_Gas_L1_EO_CALC_OUTPUT,pi,real
Boiler_E_Heat_Loss_Due_To_Evaporation_Of_Water_Formed_Due_To_H2_In_Fuel_L2,,inferred,real
Boiler_E_Heat_Loss_Due_To_H2O_In_Stack_L3,,inferred,real
Boiler_E_Heat_Loss_Due_To_Incomplete_Combustionl4,,inferred,real
Boiler_E_Total_Boiler_Stack_Loss_Per_Kg_Fuel,UN.UO.PK-7104E.Total_Boiler_Stack_Loss_Per_Kg_Fuel_EO_CALC_OUTPUT,pi,real
Boiler_E_Radiation_Losses,,inferred,real
Boiler_E_Total_Heat_Loss_Per_Kg_Of_Fuel,UN.UO.PK-7104E.Total_Heat_Loss_Per_Kg_Of_Fuel_EO_CALC_OUTPUT,pi,real
Boiler_E_Total_Heat_Absorbed_Per_Kg_Of_Fuel,UN.UO.PK-7104E.Total_Heat_Absorbed_Per_Kg_Of_Fuel_EO_CALC_OUTPUT,pi,real
Boiler_E_Boiler_Indirect_Efficiency,,inferred,real
Fuel_BLR_1_corrected,,inferred,real
Fuel_BLR_2_corrected,,inferred,real
Fuel_BLR_3_corrected,,inferred,real
Fuel_BLR_4_corrected,,inferred,real
Fuel_BLR_5_corrected,,inferred,real
Total_Fuel_for_Boilers_corrected,,inferred,real
Boiler_Fg_Ethylene_Concentration,,inferred,real
Boiler_Boiler,,inferred,real
Boiler_1_Fuel_Cost,UN.UO.BO-7101A.Fuel_Cost_EO_CALC_OUTPUT,pi,real
Boiler_2_Fuel_Cost,UN.UO.BO-7101B.Fuel_Cost_EO_CALC_OUTPUT,pi,real
Boiler_3_Fuel_Cost,UN.UO.BO-7101C.Fuel_Cost_EO_CALC_OUTPUT,pi,real
Boiler_4_Fuel_Cost,UN.UO.BO-7101D.Fuel_Cost_EO_CALC_OUTPUT,pi,real
Boiler_5_Fuel_Cost,UN.UO.PK-7104E.Fuel_Cost_EO_CALC_OUTPUT,pi,real
BOILER_A_STACK_TEMPERATURE_KEV,,inferred,real
BLR_1_HPS_Gen_KEV,,inferred,real
BOILER_A_FLUE_GAS_OXGYGEN_KEV,,inferred,real
BOILER_A_CONDUCTIVITY_KEV,UN.UO.BO-7101A.KEV_BOILER_A_CONDUCTIVITY_EO_CALC_OUTPUT,pi,real
BOILER_B_STACK_TEMPERATURE_KEV,,inferred,real
BLR_2_HPS_Gen_KEV,,inferred,real
BOILER_B_FLUE_GAS_OXGYGEN_KEV,,inferred,real
BOILER_B_CONDUCTIVITY_KEV,UN.UO.BO-7101B.KEV_BOILER_B_CONDUCTIVITY_EO_CALC_OUTPUT,pi,real
BOILER_C_STACK_TEMPERATURE_KEV,,inferred,real
BLR_3_HPS_Gen_KEV,,inferred,real
BOILER_C_FLUE_GAS_OXGYGEN_KEV,,inferred,real
BOILER_C_CONDUCTIVITY_KEV,UN.UO.BO-7101C.KEV_BOILER_C_CONDUCTIVITY_EO_CALC_OUTPUT,pi,real
BOILER_D_STACK_TEMPERATURE_KEV,,inferred,real
BLR_4_HPS_Gen_KEV,,inferred,real
BOILER_D_FLUE_GAS_OXGYGEN_KEV,,inferred,real
BOILER_D_CONDUCTIVITY_KEV,UN.UO.BO-7101D.KEV_BOILER_D_CONDUCTIVITY_EO_CALC_OUTPUT,pi,real
BOILER_E_STACK_TEMPERATURE_KEV,,inferred,real
BLR_5_HPS_Gen_KEV,,inferred,real
Boiler_5_O2_KEV,,inferred,real
BOILER_E_CONDUCTIVITY_KEV,UN.UO.PK-7104E.KEV_BOILER_E_CONDUCTIVITY_EO_CALC_OUTPUT,pi,real
Boiler_opt_running,,inferred,real
FD_Fan_BLR_1_Steam_reg,,inferred,real
FD_Fan_BLR_2_Steam_reg,,inferred,real
FD_Fan_BLR_3_Steam_reg,,inferred,real
FD_Fan_BLR_4_Steam_reg,,inferred,real
FD_Fan_BLR_5_Steam_reg,,inferred,real
BOILER_A_PH_ANALYZER,UN.UO.71AI1102.PV,pi,real
BOILER_B_PH_ANALYZER,UN.UO.71AI1202.PV,pi,real
BOILER_C_PH_ANALYZER,UN.UO.71AI1302.PV,pi,real
BOILER_D_PH_ANALYZER,UN.UO.71AI1402.PV,pi,real
BOILER_E_PH_ANALYZER,UN.UO.71AI1502.PV,pi,real
BOILER_A_PH_ANALYZER_checked,,inferred,real
BOILER_B_PH_ANALYZER_checked,,inferred,real
BOILER_C_PH_ANALYZER_checked,,inferred,real
BOILER_D_PH_ANALYZER_checked,,inferred,real
BOILER_E_PH_ANALYZER_checked,,inferred,real
Boiler_5_O2_Adjusted,,inferred,real
BOILER_A_FLUE_GAS_OXGYGEN_flag,,inferred,real
BOILER_B_FLUE_GAS_OXGYGEN_flag,,inferred,real
BOILER_C_FLUE_GAS_OXGYGEN_flag,,inferred,real
BOILER_D_FLUE_GAS_OXGYGEN_flag,,inferred,real
Boiler_5_O2_flag,,inferred,real
BOILER_A_FLUE_GAS_OXGYGEN_flag_Adjusted,,inferred,real
BOILER_B_FLUE_GAS_OXGYGEN_flag_Adjusted,,inferred,real
BOILER_C_FLUE_GAS_OXGYGEN_flag_Adjusted,,inferred,real
BOILER_D_FLUE_GAS_OXGYGEN_flag_Adjusted,,inferred,real
Boiler_5_O2_flag_Adjusted,,inferred,real
FD_Fan_BLR_1_Steam_warmup,,inferred,real
FD_Fan_BLR_2_Steam_warmup,,inferred,real
FD_Fan_BLR_3_Steam_warmup,,inferred,real
FD_Fan_BLR_4_Steam_warmup,,inferred,real
FD_Fan_BLR_5_Steam_warmup,,inferred,real
BLR_1_HPS_Gen_warmup,,inferred,real
BLR_2_HPS_Gen_warmup,,inferred,real
BLR_3_HPS_Gen_warmup,,inferred,real
BLR_4_HPS_Gen_warmup,,inferred,real
BLR_5_HPS_Gen_warmup,,inferred,real
Boiler_A_COC,,inferred,real
Boiler_B_COC,,inferred,real
Boiler_C_COC,,inferred,real
Boiler_D_COC,,inferred,real
Boiler_E_COC,,inferred,real
Boiler_peeo_mesg_taking,,inferred,real
BLR_Fuel_saving_potential_switch,,inferred,real
BLR_Fuel_saving_potential,,inferred,real
Fuel_BLR_1_excess_o2_correction,,inferred,real
Fuel_BLR_2_excess_o2_correction,,inferred,real
Fuel_BLR_3_excess_o2_correction,,inferred,real
Fuel_BLR_4_excess_o2_correction,,inferred,real
Fuel_BLR_5_excess_o2_correction,,inferred,real
