model_id,tag_name,data_enrichment_inferred_calculation,post_optimizer_inferred_calculation,pre_optimizer_iterative_inferred,data_ingestion_seu_seec_inferred_calc,data_enrichment_peeo_adjusted_inferred,whatif_inferred
1.0,Buffer_Steam_in_Boilers,1.0,,,,,1.0
1.0,BLR_1_Capacity,1.0,,,,,1.0
1.0,BLR_2_Capacity,1.0,,,,,1.0
1.0,BLR_3_Capacity,1.0,,,,,1.0
1.0,BLR_4_Capacity,1.0,,,,,1.0
1.0,BLR_5_Capacity,1.0,,,,,1.0
1.0,Boiler_Fg_Ethylene_Concentration,1.0,,,,,1.0
1.0,Boiler_A_Air_Cp_Ref_T,1.0,,,,,1.0
1.0,Boiler_B_Air_Cp_Ref_T,1.0,,,,,1.0
1.0,Boiler_C_Air_Cp_Ref_T,1.0,,,,,1.0
1.0,Boiler_D_Air_Cp_Ref_T,1.0,,,,,1.0
1.0,Boiler_E_Air_Cp_Ref_T,1.0,,,,,1.0
1.0,BLR_1_HPS_Gen,1.0,,,1.0,,1.0
1.0,BLR_2_HPS_Gen,1.0,,,1.0,,1.0
1.0,BLR_3_HPS_Gen,1.0,,,1.0,,1.0
1.0,BLR_4_HPS_Gen,1.0,,,1.0,,1.0
1.0,BLR_5_HPS_Gen,1.0,,,1.0,,1.0
1.0,Total_BLR_HPS_Generation,1.0,,,,,1.0
1.0,Fuel_BLR_1,1.0,,,1.0,,1.0
1.0,Fuel_BLR_2,1.0,,,1.0,,1.0
1.0,Fuel_BLR_3,1.0,,,1.0,,1.0
1.0,Fuel_BLR_4,1.0,,,1.0,,1.0
1.0,Fuel_BLR_5,1.0,,,1.0,,1.0
1.0,Boiler_opt_running,1.0,,,,,1.0
1.0,Boiler_B_Cp_Of_H2O_At_Stack_Temperature,1.0,,,,,1.0
1.0,Boiler_A_Boiler_Load,1.0,,,,,1.0
1.0,Boiler_A_Status,1.0,,,,,1.0
1.0,Boiler_Fg_N2_Concentration,1.0,,,,,1.0
1.0,Boiler_Fg_Ch4_Concentration,1.0,,,,,1.0
1.0,Boiler_Fg_Ethane_Concentration,1.0,,,,,1.0
1.0,Boiler_Fg_Propane_Concentration,1.0,,,,,1.0
1.0,Boiler_Fg_Nc4_Concentration,1.0,,,,,1.0
1.0,Boiler_Fg_Ic4_Concentration,1.0,,,,,1.0
1.0,Boiler_Fg_Nc5_Concentration,1.0,,,,,1.0
1.0,Boiler_Fg_Ic5_Concentration,1.0,,,,,1.0
1.0,Boiler_Fg_Hydrogen_Concentration,1.0,,,,,1.0
1.0,Boiler_A_Fuel_Composition_Total,1.0,,,,,1.0
1.0,Boiler_A_Fg_Mw,1.0,,,,,1.0
1.0,Boiler_A_Fg_Ch4_Mass_Percentage,1.0,,,,,1.0
1.0,Boiler_A_Fg_Ethane_Mass_Percentage,1.0,,,,,1.0
1.0,Boiler_A_Fg_Ethylene_Mass_Percentage,1.0,,,,,1.0
1.0,Boiler_A_Fg_Propane_Mass_Percentage,1.0,,,,,1.0
1.0,Boiler_A_Fg_Nitrogen_Mass_Percentage,1.0,,,,,1.0
1.0,Boiler_A_Fg_Hydrogen_Mass_Percentage,1.0,,,,,1.0
1.0,Boiler_A_Fg_Ic4_Mass_Percentage,1.0,,,,,1.0
1.0,Boiler_A_Fg_Nc4_Mass_Percentage,1.0,,,,,1.0
1.0,Boiler_A_Fg_Nc5_Mass_Percentage,1.0,,,,,1.0
1.0,Boiler_A_Fg_Ic5_Mass_Percentage,1.0,,,,,1.0
1.0,Boiler_A_Fg_Ch4_Mass_Fraction,1.0,,,,,1.0
1.0,Boiler_A_Fg_Ethane_Mass_Fraction,1.0,,,,,1.0
1.0,Boiler_A_Fg_Ethylene_Mass_Fraction,1.0,,,,,1.0
1.0,Boiler_A_Fg_Propane_Mass_Fraction,1.0,,,,,1.0
1.0,Boiler_A_Fg_Nitrogen_Mass_Fraction,1.0,,,,,1.0
1.0,Boiler_A_Fg_Hydrogen_Mass_Fraction,1.0,,,,,1.0
1.0,Boiler_A_Fg_Ic4_Mass_Fraction,1.0,,,,,1.0
1.0,Boiler_A_Fg_Nc4_Mass_Fraction,1.0,,,,,1.0
1.0,Boiler_A_Fg_Nc5_Mass_Fraction,1.0,,,,,1.0
1.0,Boiler_A_Fg_Ic5_Mass_Fraction,1.0,,,,,1.0
1.0,Boiler_Lhv,1.0,,,,,1.0
1.0,Boiler_A_Air_Required_For_H2_Combustion,1.0,,,,,1.0
1.0,Boiler_A_Air_Required_For_Ch4_Combustion,1.0,,,,,1.0
1.0,Boiler_A_Air_Required_For_Ethane_Combustion,1.0,,,,,1.0
1.0,Boiler_A_Air_Required_For_Ethylene_Combustion,1.0,,,,,1.0
1.0,Boiler_A_Air_Required_For_Propane_Combustion,1.0,,,,,1.0
1.0,Boiler_A_Air_Required_For_Nc4_Combustion,1.0,,,,,1.0
1.0,Boiler_A_Air_Required_For_Ic4_Combustion,1.0,,,,,1.0
1.0,Boiler_A_Air_Required_For_Nc5_Combustion,1.0,,,,,1.0
1.0,Boiler_A_Air_Required_For_Ic5_Combustion,1.0,,,,,1.0
1.0,Boiler_A_Ch4_Co2_Combustion,1.0,,,,,1.0
1.0,Boiler_A_Ethane_Co2_Combustion,1.0,,,,,1.0
1.0,Boiler_A_Ethylene_Co2_Combustion,1.0,,,,,1.0
1.0,Boiler_A_Propane_Co2_Combustion,1.0,,,,,1.0
1.0,Boiler_A_Nc4_Co2_Combustion,1.0,,,,,1.0
1.0,Boiler_A_Ic4_Co2_Combustion,1.0,,,,,1.0
1.0,Boiler_A_Nc5_Co2_Combustion,1.0,,,,,1.0
1.0,Boiler_A_Ic5_Co2_Combustion,1.0,,,,,1.0
1.0,Boiler_A_H2_N2_Combustion,1.0,,,,,1.0
1.0,Boiler_A_Ch4_N2_Combustion,1.0,,,,,1.0
1.0,Boiler_A_Ethane_N2_Combustion,1.0,,,,,1.0
1.0,Boiler_A_Ethylene_N2_Combustion,1.0,,,,,1.0
1.0,Boiler_A_Propane_N2_Combustion,1.0,,,,,1.0
1.0,Boiler_A_Ic4_N2_Combustion,1.0,,,,,1.0
1.0,Boiler_A_Nc4_N2_Combustion,1.0,,,,,1.0
1.0,Boiler_A_Ic5_N2_Combustion,1.0,,,,,1.0
1.0,Boiler_A_Nc5_N2_Combustion,1.0,,,,,1.0
1.0,Boiler_A_H2_H2O_Combustion,1.0,,,,,1.0
1.0,Boiler_A_Ch4_H2O_Combustion,1.0,,,,,1.0
1.0,Boiler_A_Ethane_H2O_Combustion,1.0,,,,,1.0
1.0,Boiler_A_Ethylene_H2O_Combustion,1.0,,,,,1.0
1.0,Boiler_A_Propane_H2O_Combustion,1.0,,,,,1.0
1.0,Boiler_A_Ic4_H2O_Combustion,1.0,,,,,1.0
1.0,Boiler_A_Nc4_H2O_Combustion,1.0,,,,,1.0
1.0,Boiler_A_Ic5_H2O_Combustion,1.0,,,,,1.0
1.0,Boiler_A_Nc5_H2O_Combustion,1.0,,,,,1.0
1.0,Boiler_A_Air_Required_For_Complete_Combustion,1.0,,,,,1.0
1.0,Boiler_A_Co2_Formed,1.0,,,,,1.0
1.0,Boiler_A_N2_Formed,1.0,,,,,1.0
1.0,Boiler_A_H2O_Formed,1.0,,,,,1.0
1.0,Boiler_A_Vapour_Pressure_Of_H2O,1.0,,,,,1.0
1.0,Boiler_A_Air_Moisture,1.0,,,,,1.0
1.0,Boiler_A_Corrected_Combustion_Air,1.0,,,,,1.0
1.0,Boiler_A_Corrected_Combution_H2O_Formed,1.0,,,,,1.0
1.0,Boiler_A_Excess_Air,1.0,,,,,1.0
1.0,Boiler_A_Air_Fuel_Mass_Ratio,1.0,,,,,1.0
1.0,Boiler_A_Total_Moisture_With_Air,1.0,,,,,1.0
1.0,Boiler_A_Total_H2O_Per_Kg_Of_Fuel,1.0,,,,,1.0
1.0,Boiler_A_Cp_At_Combustion_Temperature,1.0,,,,,1.0
1.0,Boiler_A_Air_Cp_For_Sensible_Heat_Corrected,1.0,,,,,1.0
1.0,Boiler_A_Cp_H2_Fuel_Temp,1.0,,,,,1.0
1.0,Boiler_A_Cp_Ch4_Fuel_Temp,1.0,,,,,1.0
1.0,Boiler_A_Cp_Ethane_Fuel_Temp,1.0,,,,,1.0
1.0,Boiler_A_Cp_Propane_Fuel_Temp,1.0,,,,,1.0
1.0,Boiler_A_Cp_Ethylene_Fuel_Temp,1.0,,,,,1.0
1.0,Boiler_A_Cp_Nc4_Fuel_Temp,1.0,,,,,1.0
1.0,Boiler_A_Cp_Ic4_Fuel_Temp,1.0,,,,,1.0
1.0,Boiler_A_Cp_Nc5_Fuel_Temp,1.0,,,,,1.0
1.0,Boiler_A_Cp_Ic5_Fuel_Temp,1.0,,,,,1.0
1.0,Boiler_A_Cp_Total_Fuel_At_Ref_Temp,1.0,,,,,1.0
1.0,Boiler_A_Cp_Total_Fuel_At_Fuel_Temp,1.0,,,,,1.0
1.0,Boiler_A_Avg_Cp_Of_Fuel_Gas_Sensible_Heat_Corrected,1.0,,,,,1.0
1.0,Boiler_A_Dry_Flue_Gas_Per_Fuel_Mass_Ratio,1.0,,,,,1.0
1.0,Boiler_A_Flue_Gas_Per_Fuel_Mass_Ratio,1.0,,,,,1.0
1.0,Boiler_A_Flue_Gas_Mw,1.0,,,,,1.0
1.0,Boiler_A_Cp_Of_Air_At_Stack_Temp,1.0,,,,,1.0
1.0,Boiler_A_Cp_Flue_Gas_Co2_At_Stack_Temp,1.0,,,,,1.0
1.0,Boiler_A_Cp_Flue_Gas_N2_At_Stack_Temp,1.0,,,,,1.0
1.0,Boiler_A_Avg_Cp_Of_Flue_Gas_At_Stack_Temp,1.0,,,,,1.0
1.0,Boiler_A_Cp_Of_H2O_At_Stack_Temp,1.0,,,,,1.0
1.0,Boiler_A_Sensible_Heat_Correction_For_Fuel,1.0,,,,,1.0
1.0,Boiler_A_Sensbile_Heat_Correction_For_Air,1.0,,,,,1.0
1.0,Boiler_A_Mixed_Lhv_Per_Kg,1.0,,,,,1.0
1.0,Boiler_A_Total_Heat_Input_Per_Kg_Of_Fuel,1.0,,,,,1.0
1.0,Boiler_A_Heat_Loss_Due_To_Dry_Flue_Gas_L1,1.0,,,,,1.0
1.0,Boiler_A_Heat_Loss_Due_To_Evaporation_Of_Water_Formed_Due_To_H2_In_Fuel_L2,1.0,,,,,1.0
1.0,Boiler_A_Heat_Loss_Due_To_H2O_In_Stack_L3,1.0,,,,,1.0
1.0,Boiler_A_Heat_Loss_Due_To_Incomplete_Combustionl4,1.0,,,,,1.0
1.0,Boiler_A_Total_Boiler_Stack_Loss_Per_Kg_Fuel,1.0,,,,,1.0
1.0,Boiler_A_Radiation_Losses,1.0,,,,,1.0
1.0,Boiler_A_Total_Heat_Loss_Per_Kg_Of_Fuel,1.0,,,,,1.0
1.0,Boiler_A_Total_Heat_Absorbed_Per_Kg_Of_Fuel,1.0,,,,,1.0
1.0,Boiler_A_Boiler_Indirect_Efficiency,1.0,,,,,1.0
1.0,Boiler_B_Boiler_Load,1.0,,,,,1.0
1.0,Boiler_B_Status,1.0,,,,,1.0
1.0,Boiler_B_Fuel_Composition_Total,1.0,,,,,1.0
1.0,Boiler_B_Fg_Mw,1.0,,,,,1.0
1.0,Boiler_B_Fg_Ch4_Mass_Percentage,1.0,,,,,1.0
1.0,Boiler_B_Fg_Ethane_Mass_Percentage,1.0,,,,,1.0
1.0,Boiler_B_Fg_Ethylene_Mass_Percentage,1.0,,,,,1.0
1.0,Boiler_B_Fg_Propane_Mass_Percentage,1.0,,,,,1.0
1.0,Boiler_B_Fg_Nitrogen_Mass_Percentage,1.0,,,,,1.0
1.0,Boiler_B_Fg_Hydrogen_Mass_Percentage,1.0,,,,,1.0
1.0,Boiler_B_Fg_Ic4_Mass_Percentage,1.0,,,,,1.0
1.0,Boiler_B_Fg_Nc4_Mass_Percentage,1.0,,,,,1.0
1.0,Boiler_B_Fg_Nc5_Mass_Percentage,1.0,,,,,1.0
1.0,Boiler_B_Fg_Ic5_Mass_Percentage,1.0,,,,,1.0
1.0,Boiler_B_Total_Fuel_Compostion_Mass,1.0,,,,,1.0
1.0,Boiler_B_Fg_Ch4_Mass_Fraction,1.0,,,,,1.0
1.0,Boiler_B_Fg_Ethane_Mass_Fraction,1.0,,,,,1.0
1.0,Boiler_B_Fg_Ethylene_Mass_Fraction,1.0,,,,,1.0
1.0,Boiler_B_Fg_Propane_Mass_Fraction,1.0,,,,,1.0
1.0,Boiler_B_Fg_Hydrogen_Mass_Fraction,1.0,,,,,1.0
1.0,Boiler_B_Fg_Ic4_Mass_Fraction,1.0,,,,,1.0
1.0,Boiler_B_Fg_Nc4_Mass_Fraction,1.0,,,,,1.0
1.0,Boiler_B_Fg_Nc5_Mass_Fraction,1.0,,,,,1.0
1.0,Boiler_B_Fg_Ic5_Mass_Fraction,1.0,,,,,1.0
1.0,Boiler_B_Air_Required_For_H2_Combustion,1.0,,,,,1.0
1.0,Boiler_B_Air_Required_For_Ch4_Combustion,1.0,,,,,1.0
1.0,Boiler_B_Air_Required_For_Ethane_Combustion,1.0,,,,,1.0
1.0,Boiler_B_Air_Required_For_Ethylene_Combustion,1.0,,,,,1.0
1.0,Boiler_B_Air_Required_For_Propane_Combustion,1.0,,,,,1.0
1.0,Boiler_B_Air_Required_For_Nc4_Combustion,1.0,,,,,1.0
1.0,Boiler_B_Air_Required_For_Ic4_Combustion,1.0,,,,,1.0
1.0,Boiler_B_Air_Required_For_Nc5_Combustion,1.0,,,,,1.0
1.0,Boiler_B_Air_Required_For_Ic5_Combustion,1.0,,,,,1.0
1.0,Boiler_B_Ch4_Co2_Combustion,1.0,,,,,1.0
1.0,Boiler_B_Ethane_Co2_Combustion,1.0,,,,,1.0
1.0,Boiler_B_Ethylene_Co2_Combustion,1.0,,,,,1.0
1.0,Boiler_B_Propane_Co2_Combustion,1.0,,,,,1.0
1.0,Boiler_B_Nc4_Co2_Combustion,1.0,,,,,1.0
1.0,Boiler_B_Ic4_Co2_Combustion,1.0,,,,,1.0
1.0,Boiler_B_Nc5_Co2_Combustion,1.0,,,,,1.0
1.0,Boiler_B_Ic5_Co2_Combustion,1.0,,,,,1.0
1.0,Boiler_B_H2_N2_Combustion,1.0,,,,,1.0
1.0,Boiler_B_Ch4_N2_Combustion,1.0,,,,,1.0
1.0,Boiler_B_Ethane_N2_Combustion,1.0,,,,,1.0
1.0,Boiler_B_Ethylene_N2_Combustion,1.0,,,,,1.0
1.0,Boiler_B_Propane_N2_Combustion,1.0,,,,,1.0
1.0,Boiler_B_Ic4_N2_Combustion,1.0,,,,,1.0
1.0,Boiler_B_Nc4_N2_Combustion,1.0,,,,,1.0
1.0,Boiler_B_Ic5_N2_Combustion,1.0,,,,,1.0
1.0,Boiler_B_Nc5_N2_Combustion,1.0,,,,,1.0
1.0,Boiler_B_H2_H2O_Combustion,1.0,,,,,1.0
1.0,Boiler_B_Ch4_H2O_Combustion,1.0,,,,,1.0
1.0,Boiler_B_Ethane_H2O_Combustion,1.0,,,,,1.0
1.0,Boiler_B_Ethylene_H2O_Combustion,1.0,,,,,1.0
1.0,Boiler_B_Propane_H2O_Combustion,1.0,,,,,1.0
1.0,Boiler_B_Ic4_H2O_Combustion,1.0,,,,,1.0
1.0,Boiler_B_Nc4_H2O_Combustion,1.0,,,,,1.0
1.0,Boiler_B_Ic5_H2O_Combustion,1.0,,,,,1.0
1.0,Boiler_B_Nc5_H2O_Combustion,1.0,,,,,1.0
1.0,Boiler_B_Air_Required_For_Complete_Combustion,1.0,,,,,1.0
1.0,Boiler_B_Co2_Formed,1.0,,,,,1.0
1.0,Boiler_B_N2_Formed,1.0,,,,,1.0
1.0,Boiler_B_H2O_Formed,1.0,,,,,1.0
1.0,Boiler_B_Vapour_Pressure_Of_H2O,1.0,,,,,1.0
1.0,Boiler_B_Air_Moisture,1.0,,,,,1.0
1.0,Boiler_B_Corrected_Combustion_Air,1.0,,,,,1.0
1.0,Boiler_B_Corrected_Combution_H2O_Formed,1.0,,,,,1.0
1.0,Boiler_B_Excess_Air,1.0,,,,,1.0
1.0,Boiler_B_Air_Fuel_Mass_Ratio,1.0,,,,,1.0
1.0,Boiler_B_Total_Moisture_With_Air,1.0,,,,,1.0
1.0,Boiler_B_Total_H2O_Per_Kg_Of_Fuel,1.0,,,,,1.0
1.0,Boiler_B_Cp_At_Combustion_Temperature,1.0,,,,,1.0
1.0,Boiler_B_Air_Cp_For_Sensible_Heat_Corrected,1.0,,,,,1.0
1.0,Boiler_B_Cp_H2_Fuel_Temp,1.0,,,,,1.0
1.0,Boiler_B_Cp_Ch4_Fuel_Temp,1.0,,,,,1.0
1.0,Boiler_B_Cp_Ethane_Fuel_Temp,1.0,,,,,1.0
1.0,Boiler_B_Cp_Propane_Fuel_Temp,1.0,,,,,1.0
1.0,Boiler_B_Cp_Ethylene_Fuel_Temp,1.0,,,,,1.0
1.0,Boiler_B_Cp_Nc4_Fuel_Temp,1.0,,,,,1.0
1.0,Boiler_B_Cp_Ic4_Fuel_Temp,1.0,,,,,1.0
1.0,Boiler_B_Cp_Nc5_Fuel_Temp,1.0,,,,,1.0
1.0,Boiler_B_Cp_Ic5_Fuel_Temp,1.0,,,,,1.0
1.0,Boiler_B_Cp_Total_Fuel_At_Ref_Temp,1.0,,,,,1.0
1.0,Boiler_B_Cp_Total_Fuel_At_Fuel_Temp,1.0,,,,,1.0
1.0,Boiler_B_Avg_Cp_Of_Fuel_Gas_Sensible_Heat_Corrected,1.0,,,,,1.0
1.0,Boiler_B_Dry_Flue_Gas_Per_Fuel_Mass_Ratio,1.0,,,,,1.0
1.0,Boiler_B_Flue_Gas_Per_Fuel_Mass_Ratio,1.0,,,,,1.0
1.0,Boiler_B_Flue_Gas_Mw,1.0,,,,,1.0
1.0,Boiler_B_Cp_Of_Air_At_Stack_Temp,1.0,,,,,1.0
1.0,Boiler_B_Cp_Flue_Gas_Co2_At_Stack_Temp,1.0,,,,,1.0
1.0,Boiler_B_Cp_Flue_Gas_N2_At_Stack_Temp,1.0,,,,,1.0
1.0,Boiler_B_Avg_Cp_Of_Flue_Gas_At_Stack_Temp,1.0,,,,,1.0
1.0,Boiler_B_Cp_Of_H2O_At_Stack_Temp,1.0,,,,,1.0
1.0,Boiler_B_Sensible_Heat_Correction_For_Fuel,1.0,,,,,1.0
1.0,Boiler_B_Sensbile_Heat_Correction_For_Air,1.0,,,,,1.0
1.0,Boiler_B_Mixed_Lhv_Per_Kg,1.0,,,,,1.0
1.0,Boiler_B_Total_Heat_Input_Per_Kg_Of_Fuel,1.0,,,,,1.0
1.0,Boiler_B_Heat_Loss_Due_To_Dry_Flue_Gas_L1,1.0,,,,,1.0
1.0,Boiler_B_Heat_Loss_Due_To_Evaporation_Of_Water_Formed_Due_To_H2_In_Fuel_L2,1.0,,,,,1.0
1.0,Boiler_B_Heat_Loss_Due_To_H2O_In_Stack_L3,1.0,,,,,1.0
1.0,Boiler_B_Heat_Loss_Due_To_Incomplete_Combustionl4,1.0,,,,,1.0
1.0,Boiler_B_Total_Boiler_Stack_Loss_Per_Kg_Fuel,1.0,,,,,1.0
1.0,Boiler_B_Radiation_Losses,1.0,,,,,1.0
1.0,Boiler_B_Total_Heat_Loss_Per_Kg_Of_Fuel,1.0,,,,,1.0
1.0,Boiler_B_Total_Heat_Absorbed_Per_Kg_Of_Fuel,1.0,,,,,1.0
1.0,Boiler_B_Boiler_Indirect_Efficiency,1.0,,,,,1.0
1.0,Boiler_C_Boiler_Load,1.0,,,,,1.0
1.0,Boiler_C_Status,1.0,,,,,1.0
1.0,Boiler_C_Fuel_Composition_Total,1.0,,,,,1.0
1.0,Boiler_C_Fg_Mw,1.0,,,,,1.0
1.0,Boiler_C_Fg_Ch4_Mass_Percentage,1.0,,,,,1.0
1.0,Boiler_C_Fg_Ethane_Mass_Percentage,1.0,,,,,1.0
1.0,Boiler_C_Fg_Ethylene_Mass_Percentage,1.0,,,,,1.0
1.0,Boiler_C_Fg_Propane_Mass_Percentage,1.0,,,,,1.0
1.0,Boiler_C_Fg_Nitrogen_Mass_Percentage,1.0,,,,,1.0
1.0,Boiler_C_Fg_Hydrogen_Mass_Percentage,1.0,,,,,1.0
1.0,Boiler_C_Fg_Ic4_Mass_Percentage,1.0,,,,,1.0
1.0,Boiler_C_Fg_Nc4_Mass_Percentage,1.0,,,,,1.0
1.0,Boiler_C_Fg_Nc5_Mass_Percentage,1.0,,,,,1.0
1.0,Boiler_C_Fg_Ic5_Mass_Percentage,1.0,,,,,1.0
1.0,Boiler_C_Total_Fuel_Compostion_Mass,1.0,,,,,1.0
1.0,Boiler_C_Fg_Ch4_Mass_Fraction,1.0,,,,,1.0
1.0,Boiler_C_Fg_Ethane_Mass_Fraction,1.0,,,,,1.0
1.0,Boiler_C_Fg_Ethylene_Mass_Fraction,1.0,,,,,1.0
1.0,Boiler_C_Fg_Propane_Mass_Fraction,1.0,,,,,1.0
1.0,Boiler_C_Fg_Hydrogen_Mass_Fraction,1.0,,,,,1.0
1.0,Boiler_C_Fg_Ic4_Mass_Fraction,1.0,,,,,1.0
1.0,Boiler_C_Fg_Nc4_Mass_Fraction,1.0,,,,,1.0
1.0,Boiler_C_Fg_Nc5_Mass_Fraction,1.0,,,,,1.0
1.0,Boiler_C_Fg_Ic5_Mass_Fraction,1.0,,,,,1.0
1.0,Boiler_C_Air_Required_For_H2_Combustion,1.0,,,,,1.0
1.0,Boiler_C_Air_Required_For_Ch4_Combustion,1.0,,,,,1.0
1.0,Boiler_C_Air_Required_For_Ethane_Combustion,1.0,,,,,1.0
1.0,Boiler_C_Air_Required_For_Ethylene_Combustion,1.0,,,,,1.0
1.0,Boiler_C_Air_Required_For_Propane_Combustion,1.0,,,,,1.0
1.0,Boiler_C_Air_Required_For_Nc4_Combustion,1.0,,,,,1.0
1.0,Boiler_C_Air_Required_For_Ic4_Combustion,1.0,,,,,1.0
1.0,Boiler_C_Air_Required_For_Nc5_Combustion,1.0,,,,,1.0
1.0,Boiler_C_Air_Required_For_Ic5_Combustion,1.0,,,,,1.0
1.0,Boiler_C_Ch4_Co2_Combustion,1.0,,,,,1.0
1.0,Boiler_C_Ethane_Co2_Combustion,1.0,,,,,1.0
1.0,Boiler_C_Ethylene_Co2_Combustion,1.0,,,,,1.0
1.0,Boiler_C_Propane_Co2_Combustion,1.0,,,,,1.0
1.0,Boiler_C_Nc4_Co2_Combustion,1.0,,,,,1.0
1.0,Boiler_C_Ic4_Co2_Combustion,1.0,,,,,1.0
1.0,Boiler_C_Nc5_Co2_Combustion,1.0,,,,,1.0
1.0,Boiler_C_Ic5_Co2_Combustion,1.0,,,,,1.0
1.0,Boiler_C_H2_N2_Combustion,1.0,,,,,1.0
1.0,Boiler_C_Ch4_N2_Combustion,1.0,,,,,1.0
1.0,Boiler_C_Ethane_N2_Combustion,1.0,,,,,1.0
1.0,Boiler_C_Ethylene_N2_Combustion,1.0,,,,,1.0
1.0,Boiler_C_Propane_N2_Combustion,1.0,,,,,1.0
1.0,Boiler_C_Ic4_N2_Combustion,1.0,,,,,1.0
1.0,Boiler_C_Nc4_N2_Combustion,1.0,,,,,1.0
1.0,Boiler_C_Ic5_N2_Combustion,1.0,,,,,1.0
1.0,Boiler_C_Nc5_N2_Combustion,1.0,,,,,1.0
1.0,Boiler_C_H2_H2O_Combustion,1.0,,,,,1.0
1.0,Boiler_C_Ch4_H2O_Combustion,1.0,,,,,1.0
1.0,Boiler_C_Ethane_H2O_Combustion,1.0,,,,,1.0
1.0,Boiler_C_Ethylene_H2O_Combustion,1.0,,,,,1.0
1.0,Boiler_C_Propane_H2O_Combustion,1.0,,,,,1.0
1.0,Boiler_C_Ic4_H2O_Combustion,1.0,,,,,1.0
1.0,Boiler_C_Nc4_H2O_Combustion,1.0,,,,,1.0
1.0,Boiler_C_Ic5_H2O_Combustion,1.0,,,,,1.0
1.0,Boiler_C_Nc5_H2O_Combustion,1.0,,,,,1.0
1.0,Boiler_C_Air_Required_For_Complete_Combustion,1.0,,,,,1.0
1.0,Boiler_C_Co2_Formed,1.0,,,,,1.0
1.0,Boiler_C_N2_Formed,1.0,,,,,1.0
1.0,Boiler_C_H2O_Formed,1.0,,,,,1.0
1.0,Boiler_C_Vapour_Pressure_Of_H2O,1.0,,,,,1.0
1.0,Boiler_C_Air_Moisture,1.0,,,,,1.0
1.0,Boiler_C_Corrected_Combustion_Air,1.0,,,,,1.0
1.0,Boiler_C_Corrected_Combution_H2O_Formed,1.0,,,,,1.0
1.0,Boiler_C_Excess_Air,1.0,,,,,1.0
1.0,Boiler_C_Air_Fuel_Mass_Ratio,1.0,,,,,1.0
1.0,Boiler_C_Total_Moisture_With_Air,1.0,,,,,1.0
1.0,Boiler_C_Total_H2O_Per_Kg_Of_Fuel,1.0,,,,,1.0
1.0,Boiler_C_Cp_At_Combustion_Temperature,1.0,,,,,1.0
1.0,Boiler_C_Air_Cp_For_Sensible_Heat_Corrected,1.0,,,,,1.0
1.0,Boiler_C_Cp_H2_Fuel_Temp,1.0,,,,,1.0
1.0,Boiler_C_Cp_Ch4_Fuel_Temp,1.0,,,,,1.0
1.0,Boiler_C_Cp_Ethane_Fuel_Temp,1.0,,,,,1.0
1.0,Boiler_C_Cp_Propane_Fuel_Temp,1.0,,,,,1.0
1.0,Boiler_C_Cp_Ethylene_Fuel_Temp,1.0,,,,,1.0
1.0,Boiler_C_Cp_Nc4_Fuel_Temp,1.0,,,,,1.0
1.0,Boiler_C_Cp_Ic4_Fuel_Temp,1.0,,,,,1.0
1.0,Boiler_C_Cp_Nc5_Fuel_Temp,1.0,,,,,1.0
1.0,Boiler_C_Cp_Ic5_Fuel_Temp,1.0,,,,,1.0
1.0,Boiler_C_Cp_Total_Fuel_At_Ref_Temp,1.0,,,,,1.0
1.0,Boiler_C_Cp_Total_Fuel_At_Fuel_Temp,1.0,,,,,1.0
1.0,Boiler_C_Avg_Cp_Of_Fuel_Gas_Sensible_Heat_Corrected,1.0,,,,,1.0
1.0,Boiler_C_Dry_Flue_Gas_Per_Fuel_Mass_Ratio,1.0,,,,,1.0
1.0,Boiler_C_Flue_Gas_Per_Fuel_Mass_Ratio,1.0,,,,,1.0
1.0,Boiler_C_Flue_Gas_Mw,1.0,,,,,1.0
1.0,Boiler_C_Cp_Of_Air_At_Stack_Temp,1.0,,,,,1.0
1.0,Boiler_C_Cp_Flue_Gas_Co2_At_Stack_Temp,1.0,,,,,1.0
1.0,Boiler_C_Cp_Flue_Gas_N2_At_Stack_Temp,1.0,,,,,1.0
1.0,Boiler_C_Avg_Cp_Of_Flue_Gas_At_Stack_Temp,1.0,,,,,1.0
1.0,Boiler_C_Cp_Of_H2O_At_Stack_Temp,1.0,,,,,1.0
1.0,Boiler_C_Sensible_Heat_Correction_For_Fuel,1.0,,,,,1.0
1.0,Boiler_C_Sensbile_Heat_Correction_For_Air,1.0,,,,,1.0
1.0,Boiler_C_Mixed_Lhv_Per_Kg,1.0,,,,,1.0
1.0,Boiler_C_Total_Heat_Input_Per_Kg_Of_Fuel,1.0,,,,,1.0
1.0,Boiler_C_Heat_Loss_Due_To_Dry_Flue_Gas_L1,1.0,,,,,1.0
1.0,Boiler_C_Heat_Loss_Due_To_Evaporation_Of_Water_Formed_Due_To_H2_In_Fuel_L2,1.0,,,,,1.0
1.0,Boiler_C_Heat_Loss_Due_To_H2O_In_Stack_L3,1.0,,,,,1.0
1.0,Boiler_C_Heat_Loss_Due_To_Incomplete_Combustionl4,1.0,,,,,1.0
1.0,Boiler_C_Total_Boiler_Stack_Loss_Per_Kg_Fuel,1.0,,,,,1.0
1.0,Boiler_C_Radiation_Losses,1.0,,,,,1.0
1.0,Boiler_C_Total_Heat_Loss_Per_Kg_Of_Fuel,1.0,,,,,1.0
1.0,Boiler_C_Total_Heat_Absorbed_Per_Kg_Of_Fuel,1.0,,,,,1.0
1.0,Boiler_C_Boiler_Indirect_Efficiency,1.0,,,,,1.0
1.0,Boiler_D_Boiler_Load,1.0,,,,,1.0
1.0,Boiler_D_Status,1.0,,,,,1.0
1.0,Boiler_D_Fuel_Composition_Total,1.0,,,,,1.0
1.0,Boiler_D_Fg_Mw,1.0,,,,,1.0
1.0,Boiler_D_Fg_Ch4_Mass_Percentage,1.0,,,,,1.0
1.0,Boiler_D_Fg_Ethane_Mass_Percentage,1.0,,,,,1.0
1.0,Boiler_D_Fg_Ethylene_Mass_Percentage,1.0,,,,,1.0
1.0,Boiler_D_Fg_Propane_Mass_Percentage,1.0,,,,,1.0
1.0,Boiler_D_Fg_Nitrogen_Mass_Percentage,1.0,,,,,1.0
1.0,Boiler_D_Fg_Hydrogen_Mass_Percentage,1.0,,,,,1.0
1.0,Boiler_D_Fg_Ic4_Mass_Percentage,1.0,,,,,1.0
1.0,Boiler_D_Fg_Nc4_Mass_Percentage,1.0,,,,,1.0
1.0,Boiler_D_Fg_Nc5_Mass_Percentage,1.0,,,,,1.0
1.0,Boiler_D_Fg_Ic5_Mass_Percentage,1.0,,,,,1.0
1.0,Boiler_D_Total_Fuel_Compostion_Mass,1.0,,,,,1.0
1.0,Boiler_D_Fg_Ch4_Mass_Fraction,1.0,,,,,1.0
1.0,Boiler_D_Fg_Ethane_Mass_Fraction,1.0,,,,,1.0
1.0,Boiler_D_Fg_Ethylene_Mass_Fraction,1.0,,,,,1.0
1.0,Boiler_D_Fg_Propane_Mass_Fraction,1.0,,,,,1.0
1.0,Boiler_D_Fg_Hydrogen_Mass_Fraction,1.0,,,,,1.0
1.0,Boiler_D_Fg_Ic4_Mass_Fraction,1.0,,,,,1.0
1.0,Boiler_D_Fg_Nc4_Mass_Fraction,1.0,,,,,1.0
1.0,Boiler_D_Fg_Nc5_Mass_Fraction,1.0,,,,,1.0
1.0,Boiler_D_Fg_Ic5_Mass_Fraction,1.0,,,,,1.0
1.0,Boiler_D_Air_Required_For_H2_Combustion,1.0,,,,,1.0
1.0,Boiler_D_Air_Required_For_Ch4_Combustion,1.0,,,,,1.0
1.0,Boiler_D_Air_Required_For_Ethane_Combustion,1.0,,,,,1.0
1.0,Boiler_D_Air_Required_For_Ethylene_Combustion,1.0,,,,,1.0
1.0,Boiler_D_Air_Required_For_Propane_Combustion,1.0,,,,,1.0
1.0,Boiler_D_Air_Required_For_Nc4_Combustion,1.0,,,,,1.0
1.0,Boiler_D_Air_Required_For_Ic4_Combustion,1.0,,,,,1.0
1.0,Boiler_D_Air_Required_For_Nc5_Combustion,1.0,,,,,1.0
1.0,Boiler_D_Air_Required_For_Ic5_Combustion,1.0,,,,,1.0
1.0,Boiler_D_Ch4_Co2_Combustion,1.0,,,,,1.0
1.0,Boiler_D_Ethane_Co2_Combustion,1.0,,,,,1.0
1.0,Boiler_D_Ethylene_Co2_Combustion,1.0,,,,,1.0
1.0,Boiler_D_Propane_Co2_Combustion,1.0,,,,,1.0
1.0,Boiler_D_Nc4_Co2_Combustion,1.0,,,,,1.0
1.0,Boiler_D_Ic4_Co2_Combustion,1.0,,,,,1.0
1.0,Boiler_D_Nc5_Co2_Combustion,1.0,,,,,1.0
1.0,Boiler_D_Ic5_Co2_Combustion,1.0,,,,,1.0
1.0,Boiler_D_H2_N2_Combustion,1.0,,,,,1.0
1.0,Boiler_D_Ch4_N2_Combustion,1.0,,,,,1.0
1.0,Boiler_D_Ethane_N2_Combustion,1.0,,,,,1.0
1.0,Boiler_D_Ethylene_N2_Combustion,1.0,,,,,1.0
1.0,Boiler_D_Propane_N2_Combustion,1.0,,,,,1.0
1.0,Boiler_D_Ic4_N2_Combustion,1.0,,,,,1.0
1.0,Boiler_D_Nc4_N2_Combustion,1.0,,,,,1.0
1.0,Boiler_D_Ic5_N2_Combustion,1.0,,,,,1.0
1.0,Boiler_D_Nc5_N2_Combustion,1.0,,,,,1.0
1.0,Boiler_D_H2_H2O_Combustion,1.0,,,,,1.0
1.0,Boiler_D_Ch4_H2O_Combustion,1.0,,,,,1.0
1.0,Boiler_D_Ethane_H2O_Combustion,1.0,,,,,1.0
1.0,Boiler_D_Ethylene_H2O_Combustion,1.0,,,,,1.0
1.0,Boiler_D_Propane_H2O_Combustion,1.0,,,,,1.0
1.0,Boiler_D_Ic4_H2O_Combustion,1.0,,,,,1.0
1.0,Boiler_D_Nc4_H2O_Combustion,1.0,,,,,1.0
1.0,Boiler_D_Ic5_H2O_Combustion,1.0,,,,,1.0
1.0,Boiler_D_Nc5_H2O_Combustion,1.0,,,,,1.0
1.0,Boiler_D_Air_Required_For_Complete_Combustion,1.0,,,,,1.0
1.0,Boiler_D_Co2_Formed,1.0,,,,,1.0
1.0,Boiler_D_N2_Formed,1.0,,,,,1.0
1.0,Boiler_D_H2O_Formed,1.0,,,,,1.0
1.0,Boiler_D_Vapour_Pressure_Of_H2O,1.0,,,,,1.0
1.0,Boiler_D_Air_Moisture,1.0,,,,,1.0
1.0,Boiler_D_Corrected_Combustion_Air,1.0,,,,,1.0
1.0,Boiler_D_Corrected_Combution_H2O_Formed,1.0,,,,,1.0
1.0,Boiler_D_Excess_Air,1.0,,,,,1.0
1.0,Boiler_D_Air_Fuel_Mass_Ratio,1.0,,,,,1.0
1.0,Boiler_D_Total_Moisture_With_Air,1.0,,,,,1.0
1.0,Boiler_D_Total_H2O_Per_Kg_Of_Fuel,1.0,,,,,1.0
1.0,Boiler_D_Cp_At_Combustion_Temperature,1.0,,,,,1.0
1.0,Boiler_D_Air_Cp_For_Sensible_Heat_Corrected,1.0,,,,,1.0
1.0,Boiler_D_Cp_H2_Fuel_Temp,1.0,,,,,1.0
1.0,Boiler_D_Cp_Ch4_Fuel_Temp,1.0,,,,,1.0
1.0,Boiler_D_Cp_Ethane_Fuel_Temp,1.0,,,,,1.0
1.0,Boiler_D_Cp_Propane_Fuel_Temp,1.0,,,,,1.0
1.0,Boiler_D_Cp_Ethylene_Fuel_Temp,1.0,,,,,1.0
1.0,Boiler_D_Cp_Nc4_Fuel_Temp,1.0,,,,,1.0
1.0,Boiler_D_Cp_Ic4_Fuel_Temp,1.0,,,,,1.0
1.0,Boiler_D_Cp_Nc5_Fuel_Temp,1.0,,,,,1.0
1.0,Boiler_D_Cp_Ic5_Fuel_Temp,1.0,,,,,1.0
1.0,Boiler_D_Cp_Total_Fuel_At_Ref_Temp,1.0,,,,,1.0
1.0,Boiler_D_Cp_Total_Fuel_At_Fuel_Temp,1.0,,,,,1.0
1.0,Boiler_D_Avg_Cp_Of_Fuel_Gas_Sensible_Heat_Corrected,1.0,,,,,1.0
1.0,Boiler_D_Dry_Flue_Gas_Per_Fuel_Mass_Ratio,1.0,,,,,1.0
1.0,Boiler_D_Flue_Gas_Per_Fuel_Mass_Ratio,1.0,,,,,1.0
1.0,Boiler_D_Flue_Gas_Mw,1.0,,,,,1.0
1.0,Boiler_D_Cp_Of_Air_At_Stack_Temp,1.0,,,,,1.0
1.0,Boiler_D_Cp_Flue_Gas_Co2_At_Stack_Temp,1.0,,,,,1.0
1.0,Boiler_D_Cp_Flue_Gas_N2_At_Stack_Temp,1.0,,,,,1.0
1.0,Boiler_D_Avg_Cp_Of_Flue_Gas_At_Stack_Temp,1.0,,,,,1.0
1.0,Boiler_D_Cp_Of_H2O_At_Stack_Temp,1.0,,,,,1.0
1.0,Boiler_D_Sensible_Heat_Correction_For_Fuel,1.0,,,,,1.0
1.0,Boiler_D_Sensbile_Heat_Correction_For_Air,1.0,,,,,1.0
1.0,Boiler_D_Mixed_Lhv_Per_Kg,1.0,,,,,1.0
1.0,Boiler_D_Total_Heat_Input_Per_Kg_Of_Fuel,1.0,,,,,1.0
1.0,Boiler_D_Heat_Loss_Due_To_Dry_Flue_Gas_L1,1.0,,,,,1.0
1.0,Boiler_D_Heat_Loss_Due_To_Evaporation_Of_Water_Formed_Due_To_H2_In_Fuel_L2,1.0,,,,,1.0
1.0,Boiler_D_Heat_Loss_Due_To_H2O_In_Stack_L3,1.0,,,,,1.0
1.0,Boiler_D_Heat_Loss_Due_To_Incomplete_Combustionl4,1.0,,,,,1.0
1.0,Boiler_D_Total_Boiler_Stack_Loss_Per_Kg_Fuel,1.0,,,,,1.0
1.0,Boiler_D_Radiation_Losses,1.0,,,,,1.0
1.0,Boiler_D_Total_Heat_Loss_Per_Kg_Of_Fuel,1.0,,,,,1.0
1.0,Boiler_D_Total_Heat_Absorbed_Per_Kg_Of_Fuel,1.0,,,,,1.0
1.0,Boiler_D_Boiler_Indirect_Efficiency,1.0,,,,,1.0
1.0,Boiler_E_Boiler_Load,1.0,,,,,1.0
1.0,Boiler_E_Status,1.0,,,,,1.0
1.0,Boiler_E_Fuel_Composition_Total,1.0,,,,,1.0
1.0,Boiler_E_Fg_Mw,1.0,,,,,1.0
1.0,Boiler_E_Fg_Ch4_Mass_Percentage,1.0,,,,,1.0
1.0,Boiler_E_Fg_Ethane_Mass_Percentage,1.0,,,,,1.0
1.0,Boiler_E_Fg_Ethylene_Mass_Percentage,1.0,,,,,1.0
1.0,Boiler_E_Fg_Propane_Mass_Percentage,1.0,,,,,1.0
1.0,Boiler_E_Fg_Nitrogen_Mass_Percentage,1.0,,,,,1.0
1.0,Boiler_E_Fg_Hydrogen_Mass_Percentage,1.0,,,,,1.0
1.0,Boiler_E_Fg_Ic4_Mass_Percentage,1.0,,,,,1.0
1.0,Boiler_E_Fg_Nc4_Mass_Percentage,1.0,,,,,1.0
1.0,Boiler_E_Fg_Nc5_Mass_Percentage,1.0,,,,,1.0
1.0,Boiler_E_Fg_Ic5_Mass_Percentage,1.0,,,,,1.0
1.0,Boiler_E_Total_Fuel_Compostion_Mass,1.0,,,,,1.0
1.0,Boiler_E_Fg_Ch4_Mass_Fraction,1.0,,,,,1.0
1.0,Boiler_E_Fg_Ethane_Mass_Fraction,1.0,,,,,1.0
1.0,Boiler_E_Fg_Ethylene_Mass_Fraction,1.0,,,,,1.0
1.0,Boiler_E_Fg_Propane_Mass_Fraction,1.0,,,,,1.0
1.0,Boiler_E_Fg_Hydrogen_Mass_Fraction,1.0,,,,,1.0
1.0,Boiler_E_Fg_Ic4_Mass_Fraction,1.0,,,,,1.0
1.0,Boiler_E_Fg_Nc4_Mass_Fraction,1.0,,,,,1.0
1.0,Boiler_E_Fg_Nc5_Mass_Fraction,1.0,,,,,1.0
1.0,Boiler_E_Fg_Ic5_Mass_Fraction,1.0,,,,,1.0
1.0,Boiler_E_Air_Required_For_H2_Combustion,1.0,,,,,1.0
1.0,Boiler_E_Air_Required_For_Ch4_Combustion,1.0,,,,,1.0
1.0,Boiler_E_Air_Required_For_Ethane_Combustion,1.0,,,,,1.0
1.0,Boiler_E_Air_Required_For_Ethylene_Combustion,1.0,,,,,1.0
1.0,Boiler_E_Air_Required_For_Propane_Combustion,1.0,,,,,1.0
1.0,Boiler_E_Air_Required_For_Nc4_Combustion,1.0,,,,,1.0
1.0,Boiler_E_Air_Required_For_Ic4_Combustion,1.0,,,,,1.0
1.0,Boiler_E_Air_Required_For_Nc5_Combustion,1.0,,,,,1.0
1.0,Boiler_E_Air_Required_For_Ic5_Combustion,1.0,,,,,1.0
1.0,Boiler_E_Ch4_Co2_Combustion,1.0,,,,,1.0
1.0,Boiler_E_Ethane_Co2_Combustion,1.0,,,,,1.0
1.0,Boiler_E_Ethylene_Co2_Combustion,1.0,,,,,1.0
1.0,Boiler_E_Propane_Co2_Combustion,1.0,,,,,1.0
1.0,Boiler_E_Nc4_Co2_Combustion,1.0,,,,,1.0
1.0,Boiler_E_Ic4_Co2_Combustion,1.0,,,,,1.0
1.0,Boiler_E_Nc5_Co2_Combustion,1.0,,,,,1.0
1.0,Boiler_E_Ic5_Co2_Combustion,1.0,,,,,1.0
1.0,Boiler_E_H2_N2_Combustion,1.0,,,,,1.0
1.0,Boiler_E_Ch4_N2_Combustion,1.0,,,,,1.0
1.0,Boiler_E_Ethane_N2_Combustion,1.0,,,,,1.0
1.0,Boiler_E_Ethylene_N2_Combustion,1.0,,,,,1.0
1.0,Boiler_E_Propane_N2_Combustion,1.0,,,,,1.0
1.0,Boiler_E_Ic4_N2_Combustion,1.0,,,,,1.0
1.0,Boiler_E_Nc4_N2_Combustion,1.0,,,,,1.0
1.0,Boiler_E_Ic5_N2_Combustion,1.0,,,,,1.0
1.0,Boiler_E_Nc5_N2_Combustion,1.0,,,,,1.0
1.0,Boiler_E_H2_H2O_Combustion,1.0,,,,,1.0
1.0,Boiler_E_Ch4_H2O_Combustion,1.0,,,,,1.0
1.0,Boiler_E_Ethane_H2O_Combustion,1.0,,,,,1.0
1.0,Boiler_E_Ethylene_H2O_Combustion,1.0,,,,,1.0
1.0,Boiler_E_Propane_H2O_Combustion,1.0,,,,,1.0
1.0,Boiler_E_Ic4_H2O_Combustion,1.0,,,,,1.0
1.0,Boiler_E_Nc4_H2O_Combustion,1.0,,,,,1.0
1.0,Boiler_E_Ic5_H2O_Combustion,1.0,,,,,1.0
1.0,Boiler_E_Nc5_H2O_Combustion,1.0,,,,,1.0
1.0,Boiler_E_Air_Required_For_Complete_Combustion,1.0,,,,,1.0
1.0,Boiler_E_Co2_Formed,1.0,,,,,1.0
1.0,Boiler_E_N2_Formed,1.0,,,,,1.0
1.0,Boiler_E_H2O_Formed,1.0,,,,,1.0
1.0,Boiler_E_Vapour_Pressure_Of_H2O,1.0,,,,,1.0
1.0,Boiler_E_Air_Moisture,1.0,,,,,1.0
1.0,Boiler_E_Corrected_Combustion_Air,1.0,,,,,1.0
1.0,Boiler_E_Corrected_Combution_H2O_Formed,1.0,,,,,1.0
1.0,Boiler_E_Excess_Air,1.0,,,,,1.0
1.0,Boiler_E_Air_Fuel_Mass_Ratio,1.0,,,,,1.0
1.0,Boiler_E_Total_Moisture_With_Air,1.0,,,,,1.0
1.0,Boiler_E_Total_H2O_Per_Kg_Of_Fuel,1.0,,,,,1.0
1.0,Boiler_E_Cp_At_Combustion_Temperature,1.0,,,,,1.0
1.0,Boiler_E_Air_Cp_For_Sensible_Heat_Corrected,1.0,,,,,1.0
1.0,Boiler_E_Cp_H2_Fuel_Temp,1.0,,,,,1.0
1.0,Boiler_E_Cp_Ch4_Fuel_Temp,1.0,,,,,1.0
1.0,Boiler_E_Cp_Ethane_Fuel_Temp,1.0,,,,,1.0
1.0,Boiler_E_Cp_Propane_Fuel_Temp,1.0,,,,,1.0
1.0,Boiler_E_Cp_Ethylene_Fuel_Temp,1.0,,,,,1.0
1.0,Boiler_E_Cp_Nc4_Fuel_Temp,1.0,,,,,1.0
1.0,Boiler_E_Cp_Ic4_Fuel_Temp,1.0,,,,,1.0
1.0,Boiler_E_Cp_Nc5_Fuel_Temp,1.0,,,,,1.0
1.0,Boiler_E_Cp_Ic5_Fuel_Temp,1.0,,,,,1.0
1.0,Boiler_E_Cp_Total_Fuel_At_Ref_Temp,1.0,,,,,1.0
1.0,Boiler_E_Cp_Total_Fuel_At_Fuel_Temp,1.0,,,,,1.0
1.0,Boiler_E_Avg_Cp_Of_Fuel_Gas_Sensible_Heat_Corrected,1.0,,,,,1.0
1.0,Boiler_E_Dry_Flue_Gas_Per_Fuel_Mass_Ratio,1.0,,,,,1.0
1.0,Boiler_E_Flue_Gas_Per_Fuel_Mass_Ratio,1.0,,,,,1.0
1.0,Boiler_E_Flue_Gas_Mw,1.0,,,,,1.0
1.0,Boiler_E_Cp_Of_Air_At_Stack_Temp,1.0,,,,,1.0
1.0,Boiler_E_Cp_Flue_Gas_Co2_At_Stack_Temp,1.0,,,,,1.0
1.0,Boiler_E_Cp_Flue_Gas_N2_At_Stack_Temp,1.0,,,,,1.0
1.0,Boiler_E_Avg_Cp_Of_Flue_Gas_At_Stack_Temp,1.0,,,,,1.0
1.0,Boiler_E_Cp_Of_H2O_At_Stack_Temp,1.0,,,,,1.0
1.0,Boiler_E_Sensible_Heat_Correction_For_Fuel,1.0,,,,,1.0
1.0,Boiler_E_Sensbile_Heat_Correction_For_Air,1.0,,,,,1.0
1.0,Boiler_E_Mixed_Lhv_Per_Kg,1.0,,,,,1.0
1.0,Boiler_E_Total_Heat_Input_Per_Kg_Of_Fuel,1.0,,,,,1.0
1.0,Boiler_E_Heat_Loss_Due_To_Dry_Flue_Gas_L1,1.0,,,,,1.0
1.0,Boiler_E_Heat_Loss_Due_To_Evaporation_Of_Water_Formed_Due_To_H2_In_Fuel_L2,1.0,,,,,1.0
1.0,Boiler_E_Heat_Loss_Due_To_H2O_In_Stack_L3,1.0,,,,,1.0
1.0,Boiler_E_Heat_Loss_Due_To_Incomplete_Combustionl4,1.0,,,,,1.0
1.0,Boiler_E_Total_Boiler_Stack_Loss_Per_Kg_Fuel,1.0,,,,,1.0
1.0,Boiler_E_Radiation_Losses,1.0,,,,,1.0
1.0,Boiler_E_Total_Heat_Loss_Per_Kg_Of_Fuel,1.0,,,,,1.0
1.0,Boiler_E_Total_Heat_Absorbed_Per_Kg_Of_Fuel,1.0,,,,,1.0
1.0,Boiler_E_Boiler_Indirect_Efficiency,1.0,,,,,1.0
1.0,Fuel_BLR_1_corrected,1.0,,,,,1.0
1.0,Fuel_BLR_2_corrected,1.0,,,,,1.0
1.0,Fuel_BLR_3_corrected,1.0,,,,,1.0
1.0,Fuel_BLR_4_corrected,1.0,,,,,1.0
1.0,Fuel_BLR_5_corrected,1.0,,,,,1.0
1.0,Total_Fuel_for_Boilers_corrected,1.0,,,,,1.0
1.0,Total_Fuel_for_Boilers,1.0,,,,,1.0
1.0,Boiler_A_Duty,1.0,,,,,1.0
1.0,Boiler_B_Duty,1.0,,,,,1.0
1.0,Boiler_C_Duty,1.0,,,,,1.0
1.0,Boiler_D_Duty,1.0,,,,,1.0
1.0,Boiler_E_Duty,1.0,,,,,1.0
1.0,FD_Fan_BLR_1_Steam,1.0,,,,,1.0
1.0,FD_Fan_BLR_2_Steam,1.0,,,,,1.0
1.0,FD_Fan_BLR_3_Steam,1.0,,,,,1.0
1.0,FD_Fan_BLR_4_Steam,1.0,,,,,1.0
1.0,FD_Fan_BLR_5_Steam,1.0,,,,,1.0
1.0,Boiler_CBD,1.0,,,,,1.0
1.0,Boilers_Specific_Energy_Consumption,1.0,,,,,1.0
1.0,Fuel_BLR_1_Energy,1.0,,,,,
1.0,Fuel_BLR_2_Energy,1.0,,,,,
1.0,Fuel_BLR_3_Energy,1.0,,,,,
1.0,Fuel_BLR_4_Energy,1.0,,,,,
1.0,Fuel_BLR_5_Energy,1.0,,,,,
1.0,BLR_1_HPS_Gen_Energy,1.0,,,,,
1.0,BLR_2_HPS_Gen_Energy,1.0,,,,,
1.0,BLR_3_HPS_Gen_Energy,1.0,,,,,
1.0,BLR_4_HPS_Gen_Energy,1.0,,,,,
1.0,BLR_5_HPS_Gen_Energy,1.0,,,,,
1.0,FD_Fan_BLR_1_Steam_Energy,1.0,,,,,
1.0,FD_Fan_BLR_2_Steam_Energy,1.0,,,,,
1.0,FD_Fan_BLR_3_Steam_Energy,1.0,,,,,
1.0,FD_Fan_BLR_4_Steam_Energy,1.0,,,,,
1.0,FD_Fan_BLR_5_Steam_Energy,1.0,,,,,
1.0,Steam_Generation_from_Boilers,1.0,,,,,1.0
1.0,Costing_total_Fuel_Cost,1.0,,,,,1.0
1.0,Total_BLR_HPS_Generation_ub,1.0,,,,,
1.0,Sp_En_BO_7104A,1.0,,,,,
1.0,Sp_En_BO_7104B,1.0,,,,,
1.0,Sp_En_BO_7104C,1.0,,,,,
1.0,Sp_En_BO_7104D,1.0,,,,,
1.0,Sp_En_BO_7104E,1.0,,,,,
1.0,Boiler_Boiler,1.0,,,,,
1.0,Boiler_1_Fuel_Cost,1.0,,,,,
1.0,Boiler_2_Fuel_Cost,1.0,,,,,
1.0,Boiler_3_Fuel_Cost,1.0,,,,,
1.0,Boiler_4_Fuel_Cost,1.0,,,,,
1.0,Boiler_5_Fuel_Cost,1.0,,,,,
1.0,BOILER_A_STACK_TEMPERATURE_KEV,1.0,,,,,
1.0,BLR_1_HPS_Gen_KEV,1.0,,,,,
1.0,BOILER_A_FLUE_GAS_OXGYGEN_KEV,1.0,,,,,
1.0,BOILER_A_CONDUCTIVITY_KEV,1.0,,,,,
1.0,BOILER_B_STACK_TEMPERATURE_KEV,1.0,,,,,
1.0,BLR_2_HPS_Gen_KEV,1.0,,,,,
1.0,BOILER_B_FLUE_GAS_OXGYGEN_KEV,1.0,,,,,
1.0,BOILER_B_CONDUCTIVITY_KEV,1.0,,,,,
1.0,BOILER_C_STACK_TEMPERATURE_KEV,1.0,,,,,
1.0,BLR_3_HPS_Gen_KEV,1.0,,,,,
1.0,BOILER_C_FLUE_GAS_OXGYGEN_KEV,1.0,,,,,
1.0,BOILER_C_CONDUCTIVITY_KEV,1.0,,,,,
1.0,BOILER_D_STACK_TEMPERATURE_KEV,1.0,,,,,
1.0,BLR_4_HPS_Gen_KEV,1.0,,,,,
1.0,BOILER_D_FLUE_GAS_OXGYGEN_KEV,1.0,,,,,
1.0,BOILER_D_CONDUCTIVITY_KEV,1.0,,,,,
1.0,BOILER_E_STACK_TEMPERATURE_KEV,1.0,,,,,
1.0,BLR_5_HPS_Gen_KEV,1.0,,,,,
1.0,Boiler_5_O2_KEV,1.0,,,,,
1.0,BOILER_E_CONDUCTIVITY_KEV,1.0,,,,,
,BOILER_A_CBD_Adjusted,1.0,,,,,
,BOILER_B_CBD_Adjusted,1.0,,,,,
,BOILER_C_CBD_Adjusted,1.0,,,,,
,BOILER_D_CBD_Adjusted,1.0,,,,,
,BOILER_E_CBD_Adjusted,1.0,,,,,
1.0,Steam_Generation_from_Boilers_Benefit,,1.0,,,,1.0
1.0,Total_BLR_HPS_Generation_Benefit,,1.0,,,,1.0
1.0,BLR_1_HPS_Gen_Benefit,,1.0,,,,1.0
1.0,BLR_2_HPS_Gen_Benefit,,1.0,,,,1.0
1.0,BLR_3_HPS_Gen_Benefit,,1.0,,,,1.0
1.0,BLR_4_HPS_Gen_Benefit,,1.0,,,,1.0
1.0,BLR_5_HPS_Gen_Benefit,,1.0,,,,1.0
1.0,Total_Fuel_for_Boilers_Benefit,,1.0,,,,1.0
1.0,FD_Fan_BLR_1_Steam_Benefit,,1.0,,,,1.0
1.0,FD_Fan_BLR_2_Steam_Benefit,,1.0,,,,1.0
1.0,FD_Fan_BLR_3_Steam_Benefit,,1.0,,,,1.0
1.0,FD_Fan_BLR_4_Steam_Benefit,,1.0,,,,1.0
1.0,FD_Fan_BLR_5_Steam_Benefit,,1.0,,,,1.0
1.0,Total_Fuel_for_Boilers_benifit,,1.0,,,,1.0
1.0,FD_Fan_BLR_1_Steam_reg,1.0,,,,,
1.0,FD_Fan_BLR_2_Steam_reg,1.0,,,,,
1.0,FD_Fan_BLR_3_Steam_reg,1.0,,,,,
1.0,FD_Fan_BLR_4_Steam_reg,1.0,,,,,
1.0,FD_Fan_BLR_5_Steam_reg,1.0,,,,,
1.0,BOILER_A_PH_ANALYZER_checked,1.0,,,,,
1.0,BOILER_B_PH_ANALYZER_checked,1.0,,,,,
1.0,BOILER_C_PH_ANALYZER_checked,1.0,,,,,
1.0,BOILER_D_PH_ANALYZER_checked,1.0,,,,,
1.0,BOILER_E_PH_ANALYZER_checked,1.0,,,,,
