model_id,run_id,timestamp,element_code,attribute,value
furnace_ranking_v1,demo_20260429_224936,2026-03-29T00:00:00,68fadd62-8e82-4037-93de-78c6c0735184,Max_CPR,5.69621723166254
furnace_ranking_v1,demo_20260429_224936,2026-03-29T00:00:00,68fadd62-8e82-4037-93de-78c6c0735184,HC_Flow_CV_Max_OP,69.04155
furnace_ranking_v1,demo_20260429_224936,2026-03-29T00:00:00,68fadd62-8e82-4037-93de-78c6c0735184,DS_Flow_CV_Max_OP,62.84305
furnace_ranking_v1,demo_20260429_224936,2026-03-29T00:00:00,68fadd62-8e82-4037-93de-78c6c0735184,fuel_gas_pressure,-1487.44879116
furnace_ranking_v1,demo_20260429_224936,2026-03-29T00:00:00,68fadd62-8e82-4037-93de-78c6c0735184,draft_pressure,1.5
furnace_ranking_v1,demo_20260429_224936,2026-03-29T00:00:00,68fadd62-8e82-4037-93de-78c6c0735184,Damper_Opening,-10.071399999999997
furnace_ranking_v1,demo_20260429_224936,2026-03-29T00:00:00,68fadd62-8e82-4037-93de-78c6c0735184,Flow_Control_Valve_OP,20.95845
furnace_ranking_v1,demo_20260429_224936,2026-03-29T00:00:00,68fadd62-8e82-4037-93de-78c6c0735184,max_cpr,0.0
furnace_ranking_v1,demo_20260429_224936,2026-03-29T00:00:00,68fadd62-8e82-4037-93de-78c6c0735184,Total_Runtime,89.86580000000001
furnace_ranking_v1,demo_20260429_224936,2026-03-29T00:00:00,68fadd62-8e82-4037-93de-78c6c0735184,Feed_Type,0.0
furnace_ranking_v1,demo_20260429_224936,2026-03-29T00:00:00,68fadd62-8e82-4037-93de-78c6c0735184,percent_above_threshold,0.0
furnace_ranking_v1,demo_20260429_224936,2026-03-29T00:00:00,68fadd62-8e82-4037-93de-78c6c0735184,ethylene_yield,100.01538510849706
furnace_ranking_v1,demo_20260429_224936,2026-03-29T00:00:00,68fadd62-8e82-4037-93de-78c6c0735184,specific_energy_consumption,8.957414514329095e-06
furnace_ranking_v1,demo_20260429_224936,2026-03-29T00:00:00,f5b1509b-eaa9-452d-8898-eaf6beb6f376,Max_CPR,5.69621723166254
furnace_ranking_v1,demo_20260429_224936,2026-03-29T00:00:00,f5b1509b-eaa9-452d-8898-eaf6beb6f376,HC_Flow_CV_Max_OP,69.04155
furnace_ranking_v1,demo_20260429_224936,2026-03-29T00:00:00,f5b1509b-eaa9-452d-8898-eaf6beb6f376,DS_Flow_CV_Max_OP,62.84305
furnace_ranking_v1,demo_20260429_224936,2026-03-29T00:00:00,f5b1509b-eaa9-452d-8898-eaf6beb6f376,fuel_gas_pressure,-1487.44879116
furnace_ranking_v1,demo_20260429_224936,2026-03-29T00:00:00,f5b1509b-eaa9-452d-8898-eaf6beb6f376,draft_pressure,1.5
furnace_ranking_v1,demo_20260429_224936,2026-03-29T00:00:00,f5b1509b-eaa9-452d-8898-eaf6beb6f376,Damper_Opening,14.192700000000002
furnace_ranking_v1,demo_20260429_224936,2026-03-29T00:00:00,f5b1509b-eaa9-452d-8898-eaf6beb6f376,Flow_Control_Valve_OP,20.95845
furnace_ranking_v1,demo_20260429_224936,2026-03-29T00:00:00,f5b1509b-eaa9-452d-8898-eaf6beb6f376,max_cpr,0.0
furnace_ranking_v1,demo_20260429_224936,2026-03-29T00:00:00,f5b1509b-eaa9-452d-8898-eaf6beb6f376,Total_Runtime,126.991
furnace_ranking_v1,demo_20260429_224936,2026-03-29T00:00:00,f5b1509b-eaa9-452d-8898-eaf6beb6f376,Feed_Type,0.0
furnace_ranking_v1,demo_20260429_224936,2026-03-29T00:00:00,f5b1509b-eaa9-452d-8898-eaf6beb6f376,percent_above_threshold,0.0
furnace_ranking_v1,demo_20260429_224936,2026-03-29T00:00:00,f5b1509b-eaa9-452d-8898-eaf6beb6f376,ethylene_yield,392.03490644676674
furnace_ranking_v1,demo_20260429_224936,2026-03-29T00:00:00,f5b1509b-eaa9-452d-8898-eaf6beb6f376,specific_energy_consumption,1.1127760274076826e-06
furnace_ranking_v1,demo_20260429_224936,2026-03-29T01:00:00,68fadd62-8e82-4037-93de-78c6c0735184,Max_CPR,4.9726593183833785
furnace_ranking_v1,demo_20260429_224936,2026-03-29T01:00:00,68fadd62-8e82-4037-93de-78c6c0735184,HC_Flow_CV_Max_OP,67.182
furnace_ranking_v1,demo_20260429_224936,2026-03-29T01:00:00,68fadd62-8e82-4037-93de-78c6c0735184,DS_Flow_CV_Max_OP,80.8829
furnace_ranking_v1,demo_20260429_224936,2026-03-29T01:00:00,68fadd62-8e82-4037-93de-78c6c0735184,fuel_gas_pressure,-1078.7000793775
furnace_ranking_v1,demo_20260429_224936,2026-03-29T01:00:00,68fadd62-8e82-4037-93de-78c6c0735184,draft_pressure,1.5
furnace_ranking_v1,demo_20260429_224936,2026-03-29T01:00:00,68fadd62-8e82-4037-93de-78c6c0735184,Damper_Opening,-5.932000000000002
furnace_ranking_v1,demo_20260429_224936,2026-03-29T01:00:00,68fadd62-8e82-4037-93de-78c6c0735184,Flow_Control_Valve_OP,9.117099999999994
furnace_ranking_v1,demo_20260429_224936,2026-03-29T01:00:00,68fadd62-8e82-4037-93de-78c6c0735184,max_cpr,0.0
furnace_ranking_v1,demo_20260429_224936,2026-03-29T01:00:00,68fadd62-8e82-4037-93de-78c6c0735184,Total_Runtime,96.2522
furnace_ranking_v1,demo_20260429_224936,2026-03-29T01:00:00,68fadd62-8e82-4037-93de-78c6c0735184,Feed_Type,0.0
furnace_ranking_v1,demo_20260429_224936,2026-03-29T01:00:00,68fadd62-8e82-4037-93de-78c6c0735184,percent_above_threshold,0.0
furnace_ranking_v1,demo_20260429_224936,2026-03-29T01:00:00,68fadd62-8e82-4037-93de-78c6c0735184,ethylene_yield,59.93658521577947
furnace_ranking_v1,demo_20260429_224936,2026-03-29T01:00:00,68fadd62-8e82-4037-93de-78c6c0735184,specific_energy_consumption,9.005985453406093e-06
furnace_ranking_v1,demo_20260429_224936,2026-03-29T01:00:00,f5b1509b-eaa9-452d-8898-eaf6beb6f376,Max_CPR,4.9726593183833785
furnace_ranking_v1,demo_20260429_224936,2026-03-29T01:00:00,f5b1509b-eaa9-452d-8898-eaf6beb6f376,HC_Flow_CV_Max_OP,67.182
furnace_ranking_v1,demo_20260429_224936,2026-03-29T01:00:00,f5b1509b-eaa9-452d-8898-eaf6beb6f376,DS_Flow_CV_Max_OP,80.8829
furnace_ranking_v1,demo_20260429_224936,2026-03-29T01:00:00,f5b1509b-eaa9-452d-8898-eaf6beb6f376,fuel_gas_pressure,-1078.7000793775
furnace_ranking_v1,demo_20260429_224936,2026-03-29T01:00:00,f5b1509b-eaa9-452d-8898-eaf6beb6f376,draft_pressure,1.5
furnace_ranking_v1,demo_20260429_224936,2026-03-29T01:00:00,f5b1509b-eaa9-452d-8898-eaf6beb6f376,Damper_Opening,7.486699999999999
furnace_ranking_v1,demo_20260429_224936,2026-03-29T01:00:00,f5b1509b-eaa9-452d-8898-eaf6beb6f376,Flow_Control_Valve_OP,9.117099999999994
furnace_ranking_v1,demo_20260429_224936,2026-03-29T01:00:00,f5b1509b-eaa9-452d-8898-eaf6beb6f376,max_cpr,0.0
furnace_ranking_v1,demo_20260429_224936,2026-03-29T01:00:00,f5b1509b-eaa9-452d-8898-eaf6beb6f376,Total_Runtime,119.4827
furnace_ranking_v1,demo_20260429_224936,2026-03-29T01:00:00,f5b1509b-eaa9-452d-8898-eaf6beb6f376,Feed_Type,0.0
furnace_ranking_v1,demo_20260429_224936,2026-03-29T01:00:00,f5b1509b-eaa9-452d-8898-eaf6beb6f376,percent_above_threshold,0.0
furnace_ranking_v1,demo_20260429_224936,2026-03-29T01:00:00,f5b1509b-eaa9-452d-8898-eaf6beb6f376,ethylene_yield,64.85701950591947
furnace_ranking_v1,demo_20260429_224936,2026-03-29T01:00:00,f5b1509b-eaa9-452d-8898-eaf6beb6f376,specific_energy_consumption,8.057424884781921e-07
furnace_ranking_v1,demo_20260429_224936,2026-03-29T02:00:00,68fadd62-8e82-4037-93de-78c6c0735184,Max_CPR,1.1700338687414142
furnace_ranking_v1,demo_20260429_224936,2026-03-29T02:00:00,68fadd62-8e82-4037-93de-78c6c0735184,HC_Flow_CV_Max_OP,43.1101
furnace_ranking_v1,demo_20260429_224936,2026-03-29T02:00:00,68fadd62-8e82-4037-93de-78c6c0735184,DS_Flow_CV_Max_OP,70.0565
furnace_ranking_v1,demo_20260429_224936,2026-03-29T02:00:00,68fadd62-8e82-4037-93de-78c6c0735184,fuel_gas_pressure,-1604.5949101975
furnace_ranking_v1,demo_20260429_224936,2026-03-29T02:00:00,68fadd62-8e82-4037-93de-78c6c0735184,draft_pressure,1.5
furnace_ranking_v1,demo_20260429_224936,2026-03-29T02:00:00,68fadd62-8e82-4037-93de-78c6c0735184,Damper_Opening,52.4817
furnace_ranking_v1,demo_20260429_224936,2026-03-29T02:00:00,68fadd62-8e82-4037-93de-78c6c0735184,Flow_Control_Valve_OP,19.9435
furnace_ranking_v1,demo_20260429_224936,2026-03-29T02:00:00,68fadd62-8e82-4037-93de-78c6c0735184,max_cpr,0.0
furnace_ranking_v1,demo_20260429_224936,2026-03-29T02:00:00,68fadd62-8e82-4037-93de-78c6c0735184,Total_Runtime,93.75569999999999
furnace_ranking_v1,demo_20260429_224936,2026-03-29T02:00:00,68fadd62-8e82-4037-93de-78c6c0735184,Feed_Type,0.0
furnace_ranking_v1,demo_20260429_224936,2026-03-29T02:00:00,68fadd62-8e82-4037-93de-78c6c0735184,percent_above_threshold,0.0
furnace_ranking_v1,demo_20260429_224936,2026-03-29T02:00:00,68fadd62-8e82-4037-93de-78c6c0735184,ethylene_yield,187.88327350888895
furnace_ranking_v1,demo_20260429_224936,2026-03-29T02:00:00,68fadd62-8e82-4037-93de-78c6c0735184,specific_energy_consumption,2.6706546395535487e-06
furnace_ranking_v1,demo_20260429_224936,2026-03-29T02:00:00,f5b1509b-eaa9-452d-8898-eaf6beb6f376,Max_CPR,1.1700338687414142
furnace_ranking_v1,demo_20260429_224936,2026-03-29T02:00:00,f5b1509b-eaa9-452d-8898-eaf6beb6f376,HC_Flow_CV_Max_OP,43.1101
furnace_ranking_v1,demo_20260429_224936,2026-03-29T02:00:00,f5b1509b-eaa9-452d-8898-eaf6beb6f376,DS_Flow_CV_Max_OP,70.0565
furnace_ranking_v1,demo_20260429_224936,2026-03-29T02:00:00,f5b1509b-eaa9-452d-8898-eaf6beb6f376,fuel_gas_pressure,-1604.5949101975
furnace_ranking_v1,demo_20260429_224936,2026-03-29T02:00:00,f5b1509b-eaa9-452d-8898-eaf6beb6f376,draft_pressure,1.5
furnace_ranking_v1,demo_20260429_224936,2026-03-29T02:00:00,f5b1509b-eaa9-452d-8898-eaf6beb6f376,Damper_Opening,28.872300000000003
furnace_ranking_v1,demo_20260429_224936,2026-03-29T02:00:00,f5b1509b-eaa9-452d-8898-eaf6beb6f376,Flow_Control_Valve_OP,19.9435
furnace_ranking_v1,demo_20260429_224936,2026-03-29T02:00:00,f5b1509b-eaa9-452d-8898-eaf6beb6f376,max_cpr,0.0
furnace_ranking_v1,demo_20260429_224936,2026-03-29T02:00:00,f5b1509b-eaa9-452d-8898-eaf6beb6f376,Total_Runtime,79.37960000000001
furnace_ranking_v1,demo_20260429_224936,2026-03-29T02:00:00,f5b1509b-eaa9-452d-8898-eaf6beb6f376,Feed_Type,0.0
furnace_ranking_v1,demo_20260429_224936,2026-03-29T02:00:00,f5b1509b-eaa9-452d-8898-eaf6beb6f376,percent_above_threshold,0.0
furnace_ranking_v1,demo_20260429_224936,2026-03-29T02:00:00,f5b1509b-eaa9-452d-8898-eaf6beb6f376,ethylene_yield,122.2649991462807
furnace_ranking_v1,demo_20260429_224936,2026-03-29T02:00:00,f5b1509b-eaa9-452d-8898-eaf6beb6f376,specific_energy_consumption,1.4573412605798116e-07
furnace_ranking_v1,demo_20260429_224936,2026-03-29T03:00:00,68fadd62-8e82-4037-93de-78c6c0735184,Max_CPR,2.3036650686457043
furnace_ranking_v1,demo_20260429_224936,2026-03-29T03:00:00,68fadd62-8e82-4037-93de-78c6c0735184,HC_Flow_CV_Max_OP,79.0201
furnace_ranking_v1,demo_20260429_224936,2026-03-29T03:00:00,68fadd62-8e82-4037-93de-78c6c0735184,DS_Flow_CV_Max_OP,51.856449999999995
furnace_ranking_v1,demo_20260429_224936,2026-03-29T03:00:00,68fadd62-8e82-4037-93de-78c6c0735184,fuel_gas_pressure,-1028.2940427899998
furnace_ranking_v1,demo_20260429_224936,2026-03-29T03:00:00,68fadd62-8e82-4037-93de-78c6c0735184,draft_pressure,1.5
furnace_ranking_v1,demo_20260429_224936,2026-03-29T03:00:00,68fadd62-8e82-4037-93de-78c6c0735184,Damper_Opening,-1.0730999999999966
furnace_ranking_v1,demo_20260429_224936,2026-03-29T03:00:00,68fadd62-8e82-4037-93de-78c6c0735184,Flow_Control_Valve_OP,10.9799
furnace_ranking_v1,demo_20260429_224936,2026-03-29T03:00:00,68fadd62-8e82-4037-93de-78c6c0735184,max_cpr,0.0
furnace_ranking_v1,demo_20260429_224936,2026-03-29T03:00:00,68fadd62-8e82-4037-93de-78c6c0735184,Total_Runtime,81.0747
furnace_ranking_v1,demo_20260429_224936,2026-03-29T03:00:00,68fadd62-8e82-4037-93de-78c6c0735184,Feed_Type,0.0
furnace_ranking_v1,demo_20260429_224936,2026-03-29T03:00:00,68fadd62-8e82-4037-93de-78c6c0735184,percent_above_threshold,0.0
furnace_ranking_v1,demo_20260429_224936,2026-03-29T03:00:00,68fadd62-8e82-4037-93de-78c6c0735184,ethylene_yield,187.93154681506297
furnace_ranking_v1,demo_20260429_224936,2026-03-29T03:00:00,68fadd62-8e82-4037-93de-78c6c0735184,specific_energy_consumption,2.6930705637449254e-06
furnace_ranking_v1,demo_20260429_224936,2026-03-29T03:00:00,f5b1509b-eaa9-452d-8898-eaf6beb6f376,Max_CPR,2.3036650686457043
furnace_ranking_v1,demo_20260429_224936,2026-03-29T03:00:00,f5b1509b-eaa9-452d-8898-eaf6beb6f376,HC_Flow_CV_Max_OP,79.0201
furnace_ranking_v1,demo_20260429_224936,2026-03-29T03:00:00,f5b1509b-eaa9-452d-8898-eaf6beb6f376,DS_Flow_CV_Max_OP,51.856449999999995
furnace_ranking_v1,demo_20260429_224936,2026-03-29T03:00:00,f5b1509b-eaa9-452d-8898-eaf6beb6f376,fuel_gas_pressure,-1028.2940427899998
furnace_ranking_v1,demo_20260429_224936,2026-03-29T03:00:00,f5b1509b-eaa9-452d-8898-eaf6beb6f376,draft_pressure,1.5
furnace_ranking_v1,demo_20260429_224936,2026-03-29T03:00:00,f5b1509b-eaa9-452d-8898-eaf6beb6f376,Damper_Opening,52.6797
furnace_ranking_v1,demo_20260429_224936,2026-03-29T03:00:00,f5b1509b-eaa9-452d-8898-eaf6beb6f376,Flow_Control_Valve_OP,10.9799
furnace_ranking_v1,demo_20260429_224936,2026-03-29T03:00:00,f5b1509b-eaa9-452d-8898-eaf6beb6f376,max_cpr,0.0
furnace_ranking_v1,demo_20260429_224936,2026-03-29T03:00:00,f5b1509b-eaa9-452d-8898-eaf6beb6f376,Total_Runtime,100.3019
furnace_ranking_v1,demo_20260429_224936,2026-03-29T03:00:00,f5b1509b-eaa9-452d-8898-eaf6beb6f376,Feed_Type,0.0
furnace_ranking_v1,demo_20260429_224936,2026-03-29T03:00:00,f5b1509b-eaa9-452d-8898-eaf6beb6f376,percent_above_threshold,0.0
furnace_ranking_v1,demo_20260429_224936,2026-03-29T03:00:00,f5b1509b-eaa9-452d-8898-eaf6beb6f376,ethylene_yield,37.41888612878197
furnace_ranking_v1,demo_20260429_224936,2026-03-29T03:00:00,f5b1509b-eaa9-452d-8898-eaf6beb6f376,specific_energy_consumption,1.851140128350857e-05
furnace_ranking_v1,demo_20260429_224936,2026-03-29T04:00:00,68fadd62-8e82-4037-93de-78c6c0735184,Max_CPR,0.5154264862427715
furnace_ranking_v1,demo_20260429_224936,2026-03-29T04:00:00,68fadd62-8e82-4037-93de-78c6c0735184,HC_Flow_CV_Max_OP,89.3752
furnace_ranking_v1,demo_20260429_224936,2026-03-29T04:00:00,68fadd62-8e82-4037-93de-78c6c0735184,DS_Flow_CV_Max_OP,70.64885
furnace_ranking_v1,demo_20260429_224936,2026-03-29T04:00:00,68fadd62-8e82-4037-93de-78c6c0735184,fuel_gas_pressure,-1643.3869593600002
furnace_ranking_v1,demo_20260429_224936,2026-03-29T04:00:00,68fadd62-8e82-4037-93de-78c6c0735184,draft_pressure,1.5
furnace_ranking_v1,demo_20260429_224936,2026-03-29T04:00:00,68fadd62-8e82-4037-93de-78c6c0735184,Damper_Opening,25.9107
furnace_ranking_v1,demo_20260429_224936,2026-03-29T04:00:00,68fadd62-8e82-4037-93de-78c6c0735184,Flow_Control_Valve_OP,0.6247999999999934
furnace_ranking_v1,demo_20260429_224936,2026-03-29T04:00:00,68fadd62-8e82-4037-93de-78c6c0735184,max_cpr,0.35457351375722845
furnace_ranking_v1,demo_20260429_224936,2026-03-29T04:00:00,68fadd62-8e82-4037-93de-78c6c0735184,Total_Runtime,31.6588
furnace_ranking_v1,demo_20260429_224936,2026-03-29T04:00:00,68fadd62-8e82-4037-93de-78c6c0735184,Feed_Type,0.0
furnace_ranking_v1,demo_20260429_224936,2026-03-29T04:00:00,68fadd62-8e82-4037-93de-78c6c0735184,percent_above_threshold,0.0
furnace_ranking_v1,demo_20260429_224936,2026-03-29T04:00:00,68fadd62-8e82-4037-93de-78c6c0735184,ethylene_yield,226.09361754732979
furnace_ranking_v1,demo_20260429_224936,2026-03-29T04:00:00,68fadd62-8e82-4037-93de-78c6c0735184,specific_energy_consumption,6.102202969968346e-06
furnace_ranking_v1,demo_20260429_224936,2026-03-29T04:00:00,f5b1509b-eaa9-452d-8898-eaf6beb6f376,Max_CPR,0.5154264862427715
furnace_ranking_v1,demo_20260429_224936,2026-03-29T04:00:00,f5b1509b-eaa9-452d-8898-eaf6beb6f376,HC_Flow_CV_Max_OP,89.3752
furnace_ranking_v1,demo_20260429_224936,2026-03-29T04:00:00,f5b1509b-eaa9-452d-8898-eaf6beb6f376,DS_Flow_CV_Max_OP,70.64885
furnace_ranking_v1,demo_20260429_224936,2026-03-29T04:00:00,f5b1509b-eaa9-452d-8898-eaf6beb6f376,fuel_gas_pressure,-1643.3869593600002
furnace_ranking_v1,demo_20260429_224936,2026-03-29T04:00:00,f5b1509b-eaa9-452d-8898-eaf6beb6f376,draft_pressure,1.5
furnace_ranking_v1,demo_20260429_224936,2026-03-29T04:00:00,f5b1509b-eaa9-452d-8898-eaf6beb6f376,Damper_Opening,46.3265
furnace_ranking_v1,demo_20260429_224936,2026-03-29T04:00:00,f5b1509b-eaa9-452d-8898-eaf6beb6f376,Flow_Control_Valve_OP,0.6247999999999934
furnace_ranking_v1,demo_20260429_224936,2026-03-29T04:00:00,f5b1509b-eaa9-452d-8898-eaf6beb6f376,max_cpr,0.35457351375722845
furnace_ranking_v1,demo_20260429_224936,2026-03-29T04:00:00,f5b1509b-eaa9-452d-8898-eaf6beb6f376,Total_Runtime,43.7521
furnace_ranking_v1,demo_20260429_224936,2026-03-29T04:00:00,f5b1509b-eaa9-452d-8898-eaf6beb6f376,Feed_Type,0.0
furnace_ranking_v1,demo_20260429_224936,2026-03-29T04:00:00,f5b1509b-eaa9-452d-8898-eaf6beb6f376,percent_above_threshold,0.0
furnace_ranking_v1,demo_20260429_224936,2026-03-29T04:00:00,f5b1509b-eaa9-452d-8898-eaf6beb6f376,ethylene_yield,300.567530888133
furnace_ranking_v1,demo_20260429_224936,2026-03-29T04:00:00,f5b1509b-eaa9-452d-8898-eaf6beb6f376,specific_energy_consumption,6.607307914874083e-05
furnace_ranking_v1,demo_20260429_224936,2026-03-29T05:00:00,68fadd62-8e82-4037-93de-78c6c0735184,Max_CPR,4.876560748971161
furnace_ranking_v1,demo_20260429_224936,2026-03-29T05:00:00,68fadd62-8e82-4037-93de-78c6c0735184,HC_Flow_CV_Max_OP,63.1103
furnace_ranking_v1,demo_20260429_224936,2026-03-29T05:00:00,68fadd62-8e82-4037-93de-78c6c0735184,DS_Flow_CV_Max_OP,83.81905
furnace_ranking_v1,demo_20260429_224936,2026-03-29T05:00:00,68fadd62-8e82-4037-93de-78c6c0735184,fuel_gas_pressure,-1247.78317599
furnace_ranking_v1,demo_20260429_224936,2026-03-29T05:00:00,68fadd62-8e82-4037-93de-78c6c0735184,draft_pressure,1.5
furnace_ranking_v1,demo_20260429_224936,2026-03-29T05:00:00,68fadd62-8e82-4037-93de-78c6c0735184,Damper_Opening,15.810500000000005
furnace_ranking_v1,demo_20260429_224936,2026-03-29T05:00:00,68fadd62-8e82-4037-93de-78c6c0735184,Flow_Control_Valve_OP,6.180949999999996
furnace_ranking_v1,demo_20260429_224936,2026-03-29T05:00:00,68fadd62-8e82-4037-93de-78c6c0735184,max_cpr,0.0
furnace_ranking_v1,demo_20260429_224936,2026-03-29T05:00:00,68fadd62-8e82-4037-93de-78c6c0735184,Total_Runtime,52.4269
furnace_ranking_v1,demo_20260429_224936,2026-03-29T05:00:00,68fadd62-8e82-4037-93de-78c6c0735184,Feed_Type,0.0
furnace_ranking_v1,demo_20260429_224936,2026-03-29T05:00:00,68fadd62-8e82-4037-93de-78c6c0735184,percent_above_threshold,0.0
furnace_ranking_v1,demo_20260429_224936,2026-03-29T05:00:00,68fadd62-8e82-4037-93de-78c6c0735184,ethylene_yield,300.18208717423465
furnace_ranking_v1,demo_20260429_224936,2026-03-29T05:00:00,68fadd62-8e82-4037-93de-78c6c0735184,specific_energy_consumption,9.474372602331092e-06
furnace_ranking_v1,demo_20260429_224936,2026-03-29T05:00:00,f5b1509b-eaa9-452d-8898-eaf6beb6f376,Max_CPR,4.876560748971161
furnace_ranking_v1,demo_20260429_224936,2026-03-29T05:00:00,f5b1509b-eaa9-452d-8898-eaf6beb6f376,HC_Flow_CV_Max_OP,63.1103
furnace_ranking_v1,demo_20260429_224936,2026-03-29T05:00:00,f5b1509b-eaa9-452d-8898-eaf6beb6f376,DS_Flow_CV_Max_OP,83.81905
furnace_ranking_v1,demo_20260429_224936,2026-03-29T05:00:00,f5b1509b-eaa9-452d-8898-eaf6beb6f376,fuel_gas_pressure,-1247.78317599
furnace_ranking_v1,demo_20260429_224936,2026-03-29T05:00:00,f5b1509b-eaa9-452d-8898-eaf6beb6f376,draft_pressure,1.5
furnace_ranking_v1,demo_20260429_224936,2026-03-29T05:00:00,f5b1509b-eaa9-452d-8898-eaf6beb6f376,Damper_Opening,0.077699999999993
furnace_ranking_v1,demo_20260429_224936,2026-03-29T05:00:00,f5b1509b-eaa9-452d-8898-eaf6beb6f376,Flow_Control_Valve_OP,6.180949999999996
furnace_ranking_v1,demo_20260429_224936,2026-03-29T05:00:00,f5b1509b-eaa9-452d-8898-eaf6beb6f376,max_cpr,0.0
furnace_ranking_v1,demo_20260429_224936,2026-03-29T05:00:00,f5b1509b-eaa9-452d-8898-eaf6beb6f376,Total_Runtime,86.8309
furnace_ranking_v1,demo_20260429_224936,2026-03-29T05:00:00,f5b1509b-eaa9-452d-8898-eaf6beb6f376,Feed_Type,0.0
furnace_ranking_v1,demo_20260429_224936,2026-03-29T05:00:00,f5b1509b-eaa9-452d-8898-eaf6beb6f376,percent_above_threshold,0.0
furnace_ranking_v1,demo_20260429_224936,2026-03-29T05:00:00,f5b1509b-eaa9-452d-8898-eaf6beb6f376,ethylene_yield,25.474822961198317
furnace_ranking_v1,demo_20260429_224936,2026-03-29T05:00:00,f5b1509b-eaa9-452d-8898-eaf6beb6f376,specific_energy_consumption,1.918768673605551e-05
furnace_ranking_v1,demo_20260429_224936,2026-03-29T06:00:00,68fadd62-8e82-4037-93de-78c6c0735184,Max_CPR,1.6341844995574912
furnace_ranking_v1,demo_20260429_224936,2026-03-29T06:00:00,68fadd62-8e82-4037-93de-78c6c0735184,HC_Flow_CV_Max_OP,85.4517
furnace_ranking_v1,demo_20260429_224936,2026-03-29T06:00:00,68fadd62-8e82-4037-93de-78c6c0735184,DS_Flow_CV_Max_OP,70.06735
furnace_ranking_v1,demo_20260429_224936,2026-03-29T06:00:00,68fadd62-8e82-4037-93de-78c6c0735184,fuel_gas_pressure,-1009.14042384
furnace_ranking_v1,demo_20260429_224936,2026-03-29T06:00:00,68fadd62-8e82-4037-93de-78c6c0735184,draft_pressure,1.5
furnace_ranking_v1,demo_20260429_224936,2026-03-29T06:00:00,68fadd62-8e82-4037-93de-78c6c0735184,Damper_Opening,53.3078
furnace_ranking_v1,demo_20260429_224936,2026-03-29T06:00:00,68fadd62-8e82-4037-93de-78c6c0735184,Flow_Control_Valve_OP,4.548299999999998
furnace_ranking_v1,demo_20260429_224936,2026-03-29T06:00:00,68fadd62-8e82-4037-93de-78c6c0735184,max_cpr,0.0
furnace_ranking_v1,demo_20260429_224936,2026-03-29T06:00:00,68fadd62-8e82-4037-93de-78c6c0735184,Total_Runtime,85.68010000000001
furnace_ranking_v1,demo_20260429_224936,2026-03-29T06:00:00,68fadd62-8e82-4037-93de-78c6c0735184,Feed_Type,0.0
furnace_ranking_v1,demo_20260429_224936,2026-03-29T06:00:00,68fadd62-8e82-4037-93de-78c6c0735184,percent_above_threshold,0.0
furnace_ranking_v1,demo_20260429_224936,2026-03-29T06:00:00,68fadd62-8e82-4037-93de-78c6c0735184,ethylene_yield,134.49923135497033
furnace_ranking_v1,demo_20260429_224936,2026-03-29T06:00:00,68fadd62-8e82-4037-93de-78c6c0735184,specific_energy_consumption,1.6437285057851885e-06
furnace_ranking_v1,demo_20260429_224936,2026-03-29T06:00:00,f5b1509b-eaa9-452d-8898-eaf6beb6f376,Max_CPR,1.6341844995574912
furnace_ranking_v1,demo_20260429_224936,2026-03-29T06:00:00,f5b1509b-eaa9-452d-8898-eaf6beb6f376,HC_Flow_CV_Max_OP,85.4517
furnace_ranking_v1,demo_20260429_224936,2026-03-29T06:00:00,f5b1509b-eaa9-452d-8898-eaf6beb6f376,DS_Flow_CV_Max_OP,70.06735
furnace_ranking_v1,demo_20260429_224936,2026-03-29T06:00:00,f5b1509b-eaa9-452d-8898-eaf6beb6f376,fuel_gas_pressure,-1009.14042384
furnace_ranking_v1,demo_20260429_224936,2026-03-29T06:00:00,f5b1509b-eaa9-452d-8898-eaf6beb6f376,draft_pressure,1.5
furnace_ranking_v1,demo_20260429_224936,2026-03-29T06:00:00,f5b1509b-eaa9-452d-8898-eaf6beb6f376,Damper_Opening,-14.005399999999995
furnace_ranking_v1,demo_20260429_224936,2026-03-29T06:00:00,f5b1509b-eaa9-452d-8898-eaf6beb6f376,Flow_Control_Valve_OP,4.548299999999998
furnace_ranking_v1,demo_20260429_224936,2026-03-29T06:00:00,f5b1509b-eaa9-452d-8898-eaf6beb6f376,max_cpr,0.0
furnace_ranking_v1,demo_20260429_224936,2026-03-29T06:00:00,f5b1509b-eaa9-452d-8898-eaf6beb6f376,Total_Runtime,81.833
furnace_ranking_v1,demo_20260429_224936,2026-03-29T06:00:00,f5b1509b-eaa9-452d-8898-eaf6beb6f376,Feed_Type,0.0
furnace_ranking_v1,demo_20260429_224936,2026-03-29T06:00:00,f5b1509b-eaa9-452d-8898-eaf6beb6f376,percent_above_threshold,0.0
furnace_ranking_v1,demo_20260429_224936,2026-03-29T06:00:00,f5b1509b-eaa9-452d-8898-eaf6beb6f376,ethylene_yield,118.44083648208823
furnace_ranking_v1,demo_20260429_224936,2026-03-29T06:00:00,f5b1509b-eaa9-452d-8898-eaf6beb6f376,specific_energy_consumption,1.5502167257128827e-05
furnace_ranking_v1,demo_20260429_224936,2026-03-29T07:00:00,68fadd62-8e82-4037-93de-78c6c0735184,Max_CPR,1.190385406622675
furnace_ranking_v1,demo_20260429_224936,2026-03-29T07:00:00,68fadd62-8e82-4037-93de-78c6c0735184,HC_Flow_CV_Max_OP,70.5285
furnace_ranking_v1,demo_20260429_224936,2026-03-29T07:00:00,68fadd62-8e82-4037-93de-78c6c0735184,DS_Flow_CV_Max_OP,69.1124
furnace_ranking_v1,demo_20260429_224936,2026-03-29T07:00:00,68fadd62-8e82-4037-93de-78c6c0735184,fuel_gas_pressure,-323.95808016000007
furnace_ranking_v1,demo_20260429_224936,2026-03-29T07:00:00,68fadd62-8e82-4037-93de-78c6c0735184,draft_pressure,1.5
furnace_ranking_v1,demo_20260429_224936,2026-03-29T07:00:00,68fadd62-8e82-4037-93de-78c6c0735184,Damper_Opening,32.7757
furnace_ranking_v1,demo_20260429_224936,2026-03-29T07:00:00,68fadd62-8e82-4037-93de-78c6c0735184,Flow_Control_Valve_OP,19.471500000000006
furnace_ranking_v1,demo_20260429_224936,2026-03-29T07:00:00,68fadd62-8e82-4037-93de-78c6c0735184,max_cpr,0.0
furnace_ranking_v1,demo_20260429_224936,2026-03-29T07:00:00,68fadd62-8e82-4037-93de-78c6c0735184,Total_Runtime,51.5821
furnace_ranking_v1,demo_20260429_224936,2026-03-29T07:00:00,68fadd62-8e82-4037-93de-78c6c0735184,Feed_Type,0.0
furnace_ranking_v1,demo_20260429_224936,2026-03-29T07:00:00,68fadd62-8e82-4037-93de-78c6c0735184,percent_above_threshold,0.0
furnace_ranking_v1,demo_20260429_224936,2026-03-29T07:00:00,68fadd62-8e82-4037-93de-78c6c0735184,ethylene_yield,729.8323315406517
furnace_ranking_v1,demo_20260429_224936,2026-03-29T07:00:00,68fadd62-8e82-4037-93de-78c6c0735184,specific_energy_consumption,1.224645028728097e-06
furnace_ranking_v1,demo_20260429_224936,2026-03-29T07:00:00,f5b1509b-eaa9-452d-8898-eaf6beb6f376,Max_CPR,1.190385406622675
furnace_ranking_v1,demo_20260429_224936,2026-03-29T07:00:00,f5b1509b-eaa9-452d-8898-eaf6beb6f376,HC_Flow_CV_Max_OP,70.5285
furnace_ranking_v1,demo_20260429_224936,2026-03-29T07:00:00,f5b1509b-eaa9-452d-8898-eaf6beb6f376,DS_Flow_CV_Max_OP,69.1124
furnace_ranking_v1,demo_20260429_224936,2026-03-29T07:00:00,f5b1509b-eaa9-452d-8898-eaf6beb6f376,fuel_gas_pressure,-323.95808016000007
furnace_ranking_v1,demo_20260429_224936,2026-03-29T07:00:00,f5b1509b-eaa9-452d-8898-eaf6beb6f376,draft_pressure,1.5
furnace_ranking_v1,demo_20260429_224936,2026-03-29T07:00:00,f5b1509b-eaa9-452d-8898-eaf6beb6f376,Damper_Opening,21.256999999999998
furnace_ranking_v1,demo_20260429_224936,2026-03-29T07:00:00,f5b1509b-eaa9-452d-8898-eaf6beb6f376,Flow_Control_Valve_OP,19.471500000000006
furnace_ranking_v1,demo_20260429_224936,2026-03-29T07:00:00,f5b1509b-eaa9-452d-8898-eaf6beb6f376,max_cpr,0.0
furnace_ranking_v1,demo_20260429_224936,2026-03-29T07:00:00,f5b1509b-eaa9-452d-8898-eaf6beb6f376,Total_Runtime,127.5852
furnace_ranking_v1,demo_20260429_224936,2026-03-29T07:00:00,f5b1509b-eaa9-452d-8898-eaf6beb6f376,Feed_Type,0.0
furnace_ranking_v1,demo_20260429_224936,2026-03-29T07:00:00,f5b1509b-eaa9-452d-8898-eaf6beb6f376,percent_above_threshold,0.0
furnace_ranking_v1,demo_20260429_224936,2026-03-29T07:00:00,f5b1509b-eaa9-452d-8898-eaf6beb6f376,ethylene_yield,159.86697878348755
furnace_ranking_v1,demo_20260429_224936,2026-03-29T07:00:00,f5b1509b-eaa9-452d-8898-eaf6beb6f376,specific_energy_consumption,1.1586815092000777e-05
furnace_ranking_v1,demo_20260429_224936,2026-03-29T08:00:00,68fadd62-8e82-4037-93de-78c6c0735184,Max_CPR,10.692999760422879
furnace_ranking_v1,demo_20260429_224936,2026-03-29T08:00:00,68fadd62-8e82-4037-93de-78c6c0735184,HC_Flow_CV_Max_OP,67.46805
furnace_ranking_v1,demo_20260429_224936,2026-03-29T08:00:00,68fadd62-8e82-4037-93de-78c6c0735184,DS_Flow_CV_Max_OP,94.08475
furnace_ranking_v1,demo_20260429_224936,2026-03-29T08:00:00,68fadd62-8e82-4037-93de-78c6c0735184,fuel_gas_pressure,-620.6046891099999
furnace_ranking_v1,demo_20260429_224936,2026-03-29T08:00:00,68fadd62-8e82-4037-93de-78c6c0735184,draft_pressure,1.5
furnace_ranking_v1,demo_20260429_224936,2026-03-29T08:00:00,68fadd62-8e82-4037-93de-78c6c0735184,Damper_Opening,14.634200000000007
furnace_ranking_v1,demo_20260429_224936,2026-03-29T08:00:00,68fadd62-8e82-4037-93de-78c6c0735184,Flow_Control_Valve_OP,0.0
furnace_ranking_v1,demo_20260429_224936,2026-03-29T08:00:00,68fadd62-8e82-4037-93de-78c6c0735184,max_cpr,0.0
furnace_ranking_v1,demo_20260429_224936,2026-03-29T08:00:00,68fadd62-8e82-4037-93de-78c6c0735184,Total_Runtime,39.7834
furnace_ranking_v1,demo_20260429_224936,2026-03-29T08:00:00,68fadd62-8e82-4037-93de-78c6c0735184,Feed_Type,0.0
furnace_ranking_v1,demo_20260429_224936,2026-03-29T08:00:00,68fadd62-8e82-4037-93de-78c6c0735184,percent_above_threshold,0.0
furnace_ranking_v1,demo_20260429_224936,2026-03-29T08:00:00,68fadd62-8e82-4037-93de-78c6c0735184,ethylene_yield,103.83211678832116
furnace_ranking_v1,demo_20260429_224936,2026-03-29T08:00:00,68fadd62-8e82-4037-93de-78c6c0735184,specific_energy_consumption,4.245863195393695e-06
furnace_ranking_v1,demo_20260429_224936,2026-03-29T08:00:00,f5b1509b-eaa9-452d-8898-eaf6beb6f376,Max_CPR,10.692999760422879
furnace_ranking_v1,demo_20260429_224936,2026-03-29T08:00:00,f5b1509b-eaa9-452d-8898-eaf6beb6f376,HC_Flow_CV_Max_OP,67.46805
furnace_ranking_v1,demo_20260429_224936,2026-03-29T08:00:00,f5b1509b-eaa9-452d-8898-eaf6beb6f376,DS_Flow_CV_Max_OP,94.08475
furnace_ranking_v1,demo_20260429_224936,2026-03-29T08:00:00,f5b1509b-eaa9-452d-8898-eaf6beb6f376,fuel_gas_pressure,-620.6046891099999
furnace_ranking_v1,demo_20260429_224936,2026-03-29T08:00:00,f5b1509b-eaa9-452d-8898-eaf6beb6f376,draft_pressure,1.5
furnace_ranking_v1,demo_20260429_224936,2026-03-29T08:00:00,f5b1509b-eaa9-452d-8898-eaf6beb6f376,Damper_Opening,23.415
furnace_ranking_v1,demo_20260429_224936,2026-03-29T08:00:00,f5b1509b-eaa9-452d-8898-eaf6beb6f376,Flow_Control_Valve_OP,0.0
furnace_ranking_v1,demo_20260429_224936,2026-03-29T08:00:00,f5b1509b-eaa9-452d-8898-eaf6beb6f376,max_cpr,0.0
furnace_ranking_v1,demo_20260429_224936,2026-03-29T08:00:00,f5b1509b-eaa9-452d-8898-eaf6beb6f376,Total_Runtime,34.5304
furnace_ranking_v1,demo_20260429_224936,2026-03-29T08:00:00,f5b1509b-eaa9-452d-8898-eaf6beb6f376,Feed_Type,0.0
furnace_ranking_v1,demo_20260429_224936,2026-03-29T08:00:00,f5b1509b-eaa9-452d-8898-eaf6beb6f376,percent_above_threshold,0.0
furnace_ranking_v1,demo_20260429_224936,2026-03-29T08:00:00,f5b1509b-eaa9-452d-8898-eaf6beb6f376,ethylene_yield,59.85571853130094
furnace_ranking_v1,demo_20260429_224936,2026-03-29T08:00:00,f5b1509b-eaa9-452d-8898-eaf6beb6f376,specific_energy_consumption,3.195378761548585e-05
furnace_ranking_v1,demo_20260429_224936,2026-03-29T09:00:00,68fadd62-8e82-4037-93de-78c6c0735184,Max_CPR,10.86813991345391
furnace_ranking_v1,demo_20260429_224936,2026-03-29T09:00:00,68fadd62-8e82-4037-93de-78c6c0735184,HC_Flow_CV_Max_OP,90.42375000000001
furnace_ranking_v1,demo_20260429_224936,2026-03-29T09:00:00,68fadd62-8e82-4037-93de-78c6c0735184,DS_Flow_CV_Max_OP,68.98005
furnace_ranking_v1,demo_20260429_224936,2026-03-29T09:00:00,68fadd62-8e82-4037-93de-78c6c0735184,fuel_gas_pressure,-1680.7935723775001
furnace_ranking_v1,demo_20260429_224936,2026-03-29T09:00:00,68fadd62-8e82-4037-93de-78c6c0735184,draft_pressure,1.5
furnace_ranking_v1,demo_20260429_224936,2026-03-29T09:00:00,68fadd62-8e82-4037-93de-78c6c0735184,Damper_Opening,56.814499999999995
furnace_ranking_v1,demo_20260429_224936,2026-03-29T09:00:00,68fadd62-8e82-4037-93de-78c6c0735184,Flow_Control_Valve_OP,0.0
furnace_ranking_v1,demo_20260429_224936,2026-03-29T09:00:00,68fadd62-8e82-4037-93de-78c6c0735184,max_cpr,0.0
furnace_ranking_v1,demo_20260429_224936,2026-03-29T09:00:00,68fadd62-8e82-4037-93de-78c6c0735184,Total_Runtime,99.6737
furnace_ranking_v1,demo_20260429_224936,2026-03-29T09:00:00,68fadd62-8e82-4037-93de-78c6c0735184,Feed_Type,0.0
furnace_ranking_v1,demo_20260429_224936,2026-03-29T09:00:00,68fadd62-8e82-4037-93de-78c6c0735184,percent_above_threshold,0.0
furnace_ranking_v1,demo_20260429_224936,2026-03-29T09:00:00,68fadd62-8e82-4037-93de-78c6c0735184,ethylene_yield,71.67670307428612
furnace_ranking_v1,demo_20260429_224936,2026-03-29T09:00:00,68fadd62-8e82-4037-93de-78c6c0735184,specific_energy_consumption,2.6085016278237186e-05
furnace_ranking_v1,demo_20260429_224936,2026-03-29T09:00:00,f5b1509b-eaa9-452d-8898-eaf6beb6f376,Max_CPR,10.86813991345391
furnace_ranking_v1,demo_20260429_224936,2026-03-29T09:00:00,f5b1509b-eaa9-452d-8898-eaf6beb6f376,HC_Flow_CV_Max_OP,90.42375000000001
furnace_ranking_v1,demo_20260429_224936,2026-03-29T09:00:00,f5b1509b-eaa9-452d-8898-eaf6beb6f376,DS_Flow_CV_Max_OP,68.98005
furnace_ranking_v1,demo_20260429_224936,2026-03-29T09:00:00,f5b1509b-eaa9-452d-8898-eaf6beb6f376,fuel_gas_pressure,-1680.7935723775001
furnace_ranking_v1,demo_20260429_224936,2026-03-29T09:00:00,f5b1509b-eaa9-452d-8898-eaf6beb6f376,draft_pressure,1.5
furnace_ranking_v1,demo_20260429_224936,2026-03-29T09:00:00,f5b1509b-eaa9-452d-8898-eaf6beb6f376,Damper_Opening,67.256
furnace_ranking_v1,demo_20260429_224936,2026-03-29T09:00:00,f5b1509b-eaa9-452d-8898-eaf6beb6f376,Flow_Control_Valve_OP,0.0
furnace_ranking_v1,demo_20260429_224936,2026-03-29T09:00:00,f5b1509b-eaa9-452d-8898-eaf6beb6f376,max_cpr,0.0
furnace_ranking_v1,demo_20260429_224936,2026-03-29T09:00:00,f5b1509b-eaa9-452d-8898-eaf6beb6f376,Total_Runtime,110.6835
furnace_ranking_v1,demo_20260429_224936,2026-03-29T09:00:00,f5b1509b-eaa9-452d-8898-eaf6beb6f376,Feed_Type,0.0
furnace_ranking_v1,demo_20260429_224936,2026-03-29T09:00:00,f5b1509b-eaa9-452d-8898-eaf6beb6f376,percent_above_threshold,0.0
furnace_ranking_v1,demo_20260429_224936,2026-03-29T09:00:00,f5b1509b-eaa9-452d-8898-eaf6beb6f376,ethylene_yield,240.05375431997632
furnace_ranking_v1,demo_20260429_224936,2026-03-29T09:00:00,f5b1509b-eaa9-452d-8898-eaf6beb6f376,specific_energy_consumption,8.100234264171643e-06
furnace_ranking_v1,demo_20260429_224936,2026-03-29T10:00:00,68fadd62-8e82-4037-93de-78c6c0735184,Max_CPR,3.2084465807391847
furnace_ranking_v1,demo_20260429_224936,2026-03-29T10:00:00,68fadd62-8e82-4037-93de-78c6c0735184,HC_Flow_CV_Max_OP,87.0009
furnace_ranking_v1,demo_20260429_224936,2026-03-29T10:00:00,68fadd62-8e82-4037-93de-78c6c0735184,DS_Flow_CV_Max_OP,75.28265
furnace_ranking_v1,demo_20260429_224936,2026-03-29T10:00:00,68fadd62-8e82-4037-93de-78c6c0735184,fuel_gas_pressure,-1709.8192510000001
furnace_ranking_v1,demo_20260429_224936,2026-03-29T10:00:00,68fadd62-8e82-4037-93de-78c6c0735184,draft_pressure,1.5
furnace_ranking_v1,demo_20260429_224936,2026-03-29T10:00:00,68fadd62-8e82-4037-93de-78c6c0735184,Damper_Opening,6.038200000000003
furnace_ranking_v1,demo_20260429_224936,2026-03-29T10:00:00,68fadd62-8e82-4037-93de-78c6c0735184,Flow_Control_Valve_OP,2.9990999999999985
furnace_ranking_v1,demo_20260429_224936,2026-03-29T10:00:00,68fadd62-8e82-4037-93de-78c6c0735184,max_cpr,0.0
furnace_ranking_v1,demo_20260429_224936,2026-03-29T10:00:00,68fadd62-8e82-4037-93de-78c6c0735184,Total_Runtime,79.44200000000001
furnace_ranking_v1,demo_20260429_224936,2026-03-29T10:00:00,68fadd62-8e82-4037-93de-78c6c0735184,Feed_Type,0.0
furnace_ranking_v1,demo_20260429_224936,2026-03-29T10:00:00,68fadd62-8e82-4037-93de-78c6c0735184,percent_above_threshold,0.0
furnace_ranking_v1,demo_20260429_224936,2026-03-29T10:00:00,68fadd62-8e82-4037-93de-78c6c0735184,ethylene_yield,10.474242487657612
furnace_ranking_v1,demo_20260429_224936,2026-03-29T10:00:00,68fadd62-8e82-4037-93de-78c6c0735184,specific_energy_consumption,0.00018915317559373864
furnace_ranking_v1,demo_20260429_224936,2026-03-29T10:00:00,f5b1509b-eaa9-452d-8898-eaf6beb6f376,Max_CPR,3.2084465807391847
furnace_ranking_v1,demo_20260429_224936,2026-03-29T10:00:00,f5b1509b-eaa9-452d-8898-eaf6beb6f376,HC_Flow_CV_Max_OP,87.0009
furnace_ranking_v1,demo_20260429_224936,2026-03-29T10:00:00,f5b1509b-eaa9-452d-8898-eaf6beb6f376,DS_Flow_CV_Max_OP,75.28265
furnace_ranking_v1,demo_20260429_224936,2026-03-29T10:00:00,f5b1509b-eaa9-452d-8898-eaf6beb6f376,fuel_gas_pressure,-1709.8192510000001
furnace_ranking_v1,demo_20260429_224936,2026-03-29T10:00:00,f5b1509b-eaa9-452d-8898-eaf6beb6f376,draft_pressure,1.5
furnace_ranking_v1,demo_20260429_224936,2026-03-29T10:00:00,f5b1509b-eaa9-452d-8898-eaf6beb6f376,Damper_Opening,73.2933
furnace_ranking_v1,demo_20260429_224936,2026-03-29T10:00:00,f5b1509b-eaa9-452d-8898-eaf6beb6f376,Flow_Control_Valve_OP,2.9990999999999985
furnace_ranking_v1,demo_20260429_224936,2026-03-29T10:00:00,f5b1509b-eaa9-452d-8898-eaf6beb6f376,max_cpr,0.0
furnace_ranking_v1,demo_20260429_224936,2026-03-29T10:00:00,f5b1509b-eaa9-452d-8898-eaf6beb6f376,Total_Runtime,106.1511
furnace_ranking_v1,demo_20260429_224936,2026-03-29T10:00:00,f5b1509b-eaa9-452d-8898-eaf6beb6f376,Feed_Type,0.0
furnace_ranking_v1,demo_20260429_224936,2026-03-29T10:00:00,f5b1509b-eaa9-452d-8898-eaf6beb6f376,percent_above_threshold,0.0
furnace_ranking_v1,demo_20260429_224936,2026-03-29T10:00:00,f5b1509b-eaa9-452d-8898-eaf6beb6f376,ethylene_yield,611.3525112981222
furnace_ranking_v1,demo_20260429_224936,2026-03-29T10:00:00,f5b1509b-eaa9-452d-8898-eaf6beb6f376,specific_energy_consumption,2.6490295801355224e-06
furnace_ranking_v1,demo_20260429_224936,2026-03-29T11:00:00,68fadd62-8e82-4037-93de-78c6c0735184,Max_CPR,7.874865505351708
furnace_ranking_v1,demo_20260429_224936,2026-03-29T11:00:00,68fadd62-8e82-4037-93de-78c6c0735184,HC_Flow_CV_Max_OP,75.8911
furnace_ranking_v1,demo_20260429_224936,2026-03-29T11:00:00,68fadd62-8e82-4037-93de-78c6c0735184,DS_Flow_CV_Max_OP,63.97025
furnace_ranking_v1,demo_20260429_224936,2026-03-29T11:00:00,68fadd62-8e82-4037-93de-78c6c0735184,fuel_gas_pressure,-1484.96947599
furnace_ranking_v1,demo_20260429_224936,2026-03-29T11:00:00,68fadd62-8e82-4037-93de-78c6c0735184,draft_pressure,1.5
furnace_ranking_v1,demo_20260429_224936,2026-03-29T11:00:00,68fadd62-8e82-4037-93de-78c6c0735184,Damper_Opening,26.6631
furnace_ranking_v1,demo_20260429_224936,2026-03-29T11:00:00,68fadd62-8e82-4037-93de-78c6c0735184,Flow_Control_Valve_OP,14.108900000000006
furnace_ranking_v1,demo_20260429_224936,2026-03-29T11:00:00,68fadd62-8e82-4037-93de-78c6c0735184,max_cpr,0.0
furnace_ranking_v1,demo_20260429_224936,2026-03-29T11:00:00,68fadd62-8e82-4037-93de-78c6c0735184,Total_Runtime,67.4871
furnace_ranking_v1,demo_20260429_224936,2026-03-29T11:00:00,68fadd62-8e82-4037-93de-78c6c0735184,Feed_Type,0.0
furnace_ranking_v1,demo_20260429_224936,2026-03-29T11:00:00,68fadd62-8e82-4037-93de-78c6c0735184,percent_above_threshold,0.0
furnace_ranking_v1,demo_20260429_224936,2026-03-29T11:00:00,68fadd62-8e82-4037-93de-78c6c0735184,ethylene_yield,32.89342953422696
furnace_ranking_v1,demo_20260429_224936,2026-03-29T11:00:00,68fadd62-8e82-4037-93de-78c6c0735184,specific_energy_consumption,2.093919069902559e-05
furnace_ranking_v1,demo_20260429_224936,2026-03-29T11:00:00,f5b1509b-eaa9-452d-8898-eaf6beb6f376,Max_CPR,7.874865505351708
furnace_ranking_v1,demo_20260429_224936,2026-03-29T11:00:00,f5b1509b-eaa9-452d-8898-eaf6beb6f376,HC_Flow_CV_Max_OP,75.8911
furnace_ranking_v1,demo_20260429_224936,2026-03-29T11:00:00,f5b1509b-eaa9-452d-8898-eaf6beb6f376,DS_Flow_CV_Max_OP,63.97025
furnace_ranking_v1,demo_20260429_224936,2026-03-29T11:00:00,f5b1509b-eaa9-452d-8898-eaf6beb6f376,fuel_gas_pressure,-1484.96947599
furnace_ranking_v1,demo_20260429_224936,2026-03-29T11:00:00,f5b1509b-eaa9-452d-8898-eaf6beb6f376,draft_pressure,1.5
furnace_ranking_v1,demo_20260429_224936,2026-03-29T11:00:00,f5b1509b-eaa9-452d-8898-eaf6beb6f376,Damper_Opening,-11.987899999999996
furnace_ranking_v1,demo_20260429_224936,2026-03-29T11:00:00,f5b1509b-eaa9-452d-8898-eaf6beb6f376,Flow_Control_Valve_OP,14.108900000000006
furnace_ranking_v1,demo_20260429_224936,2026-03-29T11:00:00,f5b1509b-eaa9-452d-8898-eaf6beb6f376,max_cpr,0.0
furnace_ranking_v1,demo_20260429_224936,2026-03-29T11:00:00,f5b1509b-eaa9-452d-8898-eaf6beb6f376,Total_Runtime,119.1143
furnace_ranking_v1,demo_20260429_224936,2026-03-29T11:00:00,f5b1509b-eaa9-452d-8898-eaf6beb6f376,Feed_Type,0.0
furnace_ranking_v1,demo_20260429_224936,2026-03-29T11:00:00,f5b1509b-eaa9-452d-8898-eaf6beb6f376,percent_above_threshold,0.0
furnace_ranking_v1,demo_20260429_224936,2026-03-29T11:00:00,f5b1509b-eaa9-452d-8898-eaf6beb6f376,ethylene_yield,53.14396781356846
furnace_ranking_v1,demo_20260429_224936,2026-03-29T11:00:00,f5b1509b-eaa9-452d-8898-eaf6beb6f376,specific_energy_consumption,2.1515110744531468e-06
furnace_ranking_v1,demo_20260429_224936,2026-03-29T12:00:00,68fadd62-8e82-4037-93de-78c6c0735184,Max_CPR,4.411976171768784
furnace_ranking_v1,demo_20260429_224936,2026-03-29T12:00:00,68fadd62-8e82-4037-93de-78c6c0735184,HC_Flow_CV_Max_OP,73.42055
furnace_ranking_v1,demo_20260429_224936,2026-03-29T12:00:00,68fadd62-8e82-4037-93de-78c6c0735184,DS_Flow_CV_Max_OP,90.4744
furnace_ranking_v1,demo_20260429_224936,2026-03-29T12:00:00,68fadd62-8e82-4037-93de-78c6c0735184,fuel_gas_pressure,-1221.1715802975
furnace_ranking_v1,demo_20260429_224936,2026-03-29T12:00:00,68fadd62-8e82-4037-93de-78c6c0735184,draft_pressure,1.5
furnace_ranking_v1,demo_20260429_224936,2026-03-29T12:00:00,68fadd62-8e82-4037-93de-78c6c0735184,Damper_Opening,68.7383
furnace_ranking_v1,demo_20260429_224936,2026-03-29T12:00:00,68fadd62-8e82-4037-93de-78c6c0735184,Flow_Control_Valve_OP,0.0
furnace_ranking_v1,demo_20260429_224936,2026-03-29T12:00:00,68fadd62-8e82-4037-93de-78c6c0735184,max_cpr,0.0
furnace_ranking_v1,demo_20260429_224936,2026-03-29T12:00:00,68fadd62-8e82-4037-93de-78c6c0735184,Total_Runtime,112.2537
furnace_ranking_v1,demo_20260429_224936,2026-03-29T12:00:00,68fadd62-8e82-4037-93de-78c6c0735184,Feed_Type,0.0
furnace_ranking_v1,demo_20260429_224936,2026-03-29T12:00:00,68fadd62-8e82-4037-93de-78c6c0735184,percent_above_threshold,0.0
furnace_ranking_v1,demo_20260429_224936,2026-03-29T12:00:00,68fadd62-8e82-4037-93de-78c6c0735184,ethylene_yield,130.87692222895885
furnace_ranking_v1,demo_20260429_224936,2026-03-29T12:00:00,68fadd62-8e82-4037-93de-78c6c0735184,specific_energy_consumption,7.5032325473491495e-06
furnace_ranking_v1,demo_20260429_224936,2026-03-29T12:00:00,f5b1509b-eaa9-452d-8898-eaf6beb6f376,Max_CPR,4.411976171768784
furnace_ranking_v1,demo_20260429_224936,2026-03-29T12:00:00,f5b1509b-eaa9-452d-8898-eaf6beb6f376,HC_Flow_CV_Max_OP,73.42055
furnace_ranking_v1,demo_20260429_224936,2026-03-29T12:00:00,f5b1509b-eaa9-452d-8898-eaf6beb6f376,DS_Flow_CV_Max_OP,90.4744
furnace_ranking_v1,demo_20260429_224936,2026-03-29T12:00:00,f5b1509b-eaa9-452d-8898-eaf6beb6f376,fuel_gas_pressure,-1221.1715802975
furnace_ranking_v1,demo_20260429_224936,2026-03-29T12:00:00,f5b1509b-eaa9-452d-8898-eaf6beb6f376,draft_pressure,1.5
furnace_ranking_v1,demo_20260429_224936,2026-03-29T12:00:00,f5b1509b-eaa9-452d-8898-eaf6beb6f376,Damper_Opening,-1.6063999999999936
furnace_ranking_v1,demo_20260429_224936,2026-03-29T12:00:00,f5b1509b-eaa9-452d-8898-eaf6beb6f376,Flow_Control_Valve_OP,0.0
furnace_ranking_v1,demo_20260429_224936,2026-03-29T12:00:00,f5b1509b-eaa9-452d-8898-eaf6beb6f376,max_cpr,0.0
furnace_ranking_v1,demo_20260429_224936,2026-03-29T12:00:00,f5b1509b-eaa9-452d-8898-eaf6beb6f376,Total_Runtime,32.6367
furnace_ranking_v1,demo_20260429_224936,2026-03-29T12:00:00,f5b1509b-eaa9-452d-8898-eaf6beb6f376,Feed_Type,0.0
furnace_ranking_v1,demo_20260429_224936,2026-03-29T12:00:00,f5b1509b-eaa9-452d-8898-eaf6beb6f376,percent_above_threshold,0.0
furnace_ranking_v1,demo_20260429_224936,2026-03-29T12:00:00,f5b1509b-eaa9-452d-8898-eaf6beb6f376,ethylene_yield,46.44520469358573
furnace_ranking_v1,demo_20260429_224936,2026-03-29T12:00:00,f5b1509b-eaa9-452d-8898-eaf6beb6f376,specific_energy_consumption,1.0957480408433231e-05
furnace_ranking_v1,demo_20260429_224936,2026-03-29T13:00:00,68fadd62-8e82-4037-93de-78c6c0735184,Max_CPR,0.9293348211958814
furnace_ranking_v1,demo_20260429_224936,2026-03-29T13:00:00,68fadd62-8e82-4037-93de-78c6c0735184,HC_Flow_CV_Max_OP,52.9781
furnace_ranking_v1,demo_20260429_224936,2026-03-29T13:00:00,68fadd62-8e82-4037-93de-78c6c0735184,DS_Flow_CV_Max_OP,88.32615
furnace_ranking_v1,demo_20260429_224936,2026-03-29T13:00:00,68fadd62-8e82-4037-93de-78c6c0735184,fuel_gas_pressure,-75.8237824375
furnace_ranking_v1,demo_20260429_224936,2026-03-29T13:00:00,68fadd62-8e82-4037-93de-78c6c0735184,draft_pressure,1.5
furnace_ranking_v1,demo_20260429_224936,2026-03-29T13:00:00,68fadd62-8e82-4037-93de-78c6c0735184,Damper_Opening,17.842699999999994
furnace_ranking_v1,demo_20260429_224936,2026-03-29T13:00:00,68fadd62-8e82-4037-93de-78c6c0735184,Flow_Control_Valve_OP,1.6738500000000016
furnace_ranking_v1,demo_20260429_224936,2026-03-29T13:00:00,68fadd62-8e82-4037-93de-78c6c0735184,max_cpr,0.0
furnace_ranking_v1,demo_20260429_224936,2026-03-29T13:00:00,68fadd62-8e82-4037-93de-78c6c0735184,Total_Runtime,107.2318
furnace_ranking_v1,demo_20260429_224936,2026-03-29T13:00:00,68fadd62-8e82-4037-93de-78c6c0735184,Feed_Type,0.0
furnace_ranking_v1,demo_20260429_224936,2026-03-29T13:00:00,68fadd62-8e82-4037-93de-78c6c0735184,percent_above_threshold,0.0
furnace_ranking_v1,demo_20260429_224936,2026-03-29T13:00:00,68fadd62-8e82-4037-93de-78c6c0735184,ethylene_yield,61.03907381287096
furnace_ranking_v1,demo_20260429_224936,2026-03-29T13:00:00,68fadd62-8e82-4037-93de-78c6c0735184,specific_energy_consumption,1.6532478686529634e-05
furnace_ranking_v1,demo_20260429_224936,2026-03-29T13:00:00,f5b1509b-eaa9-452d-8898-eaf6beb6f376,Max_CPR,0.9293348211958814
furnace_ranking_v1,demo_20260429_224936,2026-03-29T13:00:00,f5b1509b-eaa9-452d-8898-eaf6beb6f376,HC_Flow_CV_Max_OP,52.9781
furnace_ranking_v1,demo_20260429_224936,2026-03-29T13:00:00,f5b1509b-eaa9-452d-8898-eaf6beb6f376,DS_Flow_CV_Max_OP,88.32615
furnace_ranking_v1,demo_20260429_224936,2026-03-29T13:00:00,f5b1509b-eaa9-452d-8898-eaf6beb6f376,fuel_gas_pressure,-75.8237824375
furnace_ranking_v1,demo_20260429_224936,2026-03-29T13:00:00,f5b1509b-eaa9-452d-8898-eaf6beb6f376,draft_pressure,1.5
furnace_ranking_v1,demo_20260429_224936,2026-03-29T13:00:00,f5b1509b-eaa9-452d-8898-eaf6beb6f376,Damper_Opening,44.6517
furnace_ranking_v1,demo_20260429_224936,2026-03-29T13:00:00,f5b1509b-eaa9-452d-8898-eaf6beb6f376,Flow_Control_Valve_OP,1.6738500000000016
furnace_ranking_v1,demo_20260429_224936,2026-03-29T13:00:00,f5b1509b-eaa9-452d-8898-eaf6beb6f376,max_cpr,0.0
furnace_ranking_v1,demo_20260429_224936,2026-03-29T13:00:00,f5b1509b-eaa9-452d-8898-eaf6beb6f376,Total_Runtime,32.8783
furnace_ranking_v1,demo_20260429_224936,2026-03-29T13:00:00,f5b1509b-eaa9-452d-8898-eaf6beb6f376,Feed_Type,0.0
furnace_ranking_v1,demo_20260429_224936,2026-03-29T13:00:00,f5b1509b-eaa9-452d-8898-eaf6beb6f376,percent_above_threshold,0.0
furnace_ranking_v1,demo_20260429_224936,2026-03-29T13:00:00,f5b1509b-eaa9-452d-8898-eaf6beb6f376,ethylene_yield,121.73542261127501
furnace_ranking_v1,demo_20260429_224936,2026-03-29T13:00:00,f5b1509b-eaa9-452d-8898-eaf6beb6f376,specific_energy_consumption,5.515691307228577e-06
furnace_ranking_v1,demo_20260429_224936,2026-03-29T14:00:00,68fadd62-8e82-4037-93de-78c6c0735184,Max_CPR,2.6517387005040867
furnace_ranking_v1,demo_20260429_224936,2026-03-29T14:00:00,68fadd62-8e82-4037-93de-78c6c0735184,HC_Flow_CV_Max_OP,80.56335
furnace_ranking_v1,demo_20260429_224936,2026-03-29T14:00:00,68fadd62-8e82-4037-93de-78c6c0735184,DS_Flow_CV_Max_OP,41.500949999999996
furnace_ranking_v1,demo_20260429_224936,2026-03-29T14:00:00,68fadd62-8e82-4037-93de-78c6c0735184,fuel_gas_pressure,-1381.8123678975
furnace_ranking_v1,demo_20260429_224936,2026-03-29T14:00:00,68fadd62-8e82-4037-93de-78c6c0735184,draft_pressure,1.5
furnace_ranking_v1,demo_20260429_224936,2026-03-29T14:00:00,68fadd62-8e82-4037-93de-78c6c0735184,Damper_Opening,69.80969999999999
furnace_ranking_v1,demo_20260429_224936,2026-03-29T14:00:00,68fadd62-8e82-4037-93de-78c6c0735184,Flow_Control_Valve_OP,9.43665
furnace_ranking_v1,demo_20260429_224936,2026-03-29T14:00:00,68fadd62-8e82-4037-93de-78c6c0735184,max_cpr,0.0
furnace_ranking_v1,demo_20260429_224936,2026-03-29T14:00:00,68fadd62-8e82-4037-93de-78c6c0735184,Total_Runtime,94.0875
furnace_ranking_v1,demo_20260429_224936,2026-03-29T14:00:00,68fadd62-8e82-4037-93de-78c6c0735184,Feed_Type,0.0
furnace_ranking_v1,demo_20260429_224936,2026-03-29T14:00:00,68fadd62-8e82-4037-93de-78c6c0735184,percent_above_threshold,0.0
furnace_ranking_v1,demo_20260429_224936,2026-03-29T14:00:00,68fadd62-8e82-4037-93de-78c6c0735184,ethylene_yield,52.61711415900274
furnace_ranking_v1,demo_20260429_224936,2026-03-29T14:00:00,68fadd62-8e82-4037-93de-78c6c0735184,specific_energy_consumption,6.491512017325222e-05
furnace_ranking_v1,demo_20260429_224936,2026-03-29T14:00:00,f5b1509b-eaa9-452d-8898-eaf6beb6f376,Max_CPR,2.6517387005040867
furnace_ranking_v1,demo_20260429_224936,2026-03-29T14:00:00,f5b1509b-eaa9-452d-8898-eaf6beb6f376,HC_Flow_CV_Max_OP,80.56335
furnace_ranking_v1,demo_20260429_224936,2026-03-29T14:00:00,f5b1509b-eaa9-452d-8898-eaf6beb6f376,DS_Flow_CV_Max_OP,41.500949999999996
furnace_ranking_v1,demo_20260429_224936,2026-03-29T14:00:00,f5b1509b-eaa9-452d-8898-eaf6beb6f376,fuel_gas_pressure,-1381.8123678975
furnace_ranking_v1,demo_20260429_224936,2026-03-29T14:00:00,f5b1509b-eaa9-452d-8898-eaf6beb6f376,draft_pressure,1.5
furnace_ranking_v1,demo_20260429_224936,2026-03-29T14:00:00,f5b1509b-eaa9-452d-8898-eaf6beb6f376,Damper_Opening,67.768
furnace_ranking_v1,demo_20260429_224936,2026-03-29T14:00:00,f5b1509b-eaa9-452d-8898-eaf6beb6f376,Flow_Control_Valve_OP,9.43665
furnace_ranking_v1,demo_20260429_224936,2026-03-29T14:00:00,f5b1509b-eaa9-452d-8898-eaf6beb6f376,max_cpr,0.0
furnace_ranking_v1,demo_20260429_224936,2026-03-29T14:00:00,f5b1509b-eaa9-452d-8898-eaf6beb6f376,Total_Runtime,34.0869
furnace_ranking_v1,demo_20260429_224936,2026-03-29T14:00:00,f5b1509b-eaa9-452d-8898-eaf6beb6f376,Feed_Type,0.0
furnace_ranking_v1,demo_20260429_224936,2026-03-29T14:00:00,f5b1509b-eaa9-452d-8898-eaf6beb6f376,percent_above_threshold,0.0
furnace_ranking_v1,demo_20260429_224936,2026-03-29T14:00:00,f5b1509b-eaa9-452d-8898-eaf6beb6f376,ethylene_yield,60.6392907139524
furnace_ranking_v1,demo_20260429_224936,2026-03-29T14:00:00,f5b1509b-eaa9-452d-8898-eaf6beb6f376,specific_energy_consumption,2.581748738009031e-06
furnace_ranking_v1,demo_20260429_224936,2026-03-29T15:00:00,68fadd62-8e82-4037-93de-78c6c0735184,Max_CPR,2.780467581428574
furnace_ranking_v1,demo_20260429_224936,2026-03-29T15:00:00,68fadd62-8e82-4037-93de-78c6c0735184,HC_Flow_CV_Max_OP,51.319900000000004
furnace_ranking_v1,demo_20260429_224936,2026-03-29T15:00:00,68fadd62-8e82-4037-93de-78c6c0735184,DS_Flow_CV_Max_OP,61.6379
furnace_ranking_v1,demo_20260429_224936,2026-03-29T15:00:00,68fadd62-8e82-4037-93de-78c6c0735184,fuel_gas_pressure,-1658.0559139900001
furnace_ranking_v1,demo_20260429_224936,2026-03-29T15:00:00,68fadd62-8e82-4037-93de-78c6c0735184,draft_pressure,1.5
furnace_ranking_v1,demo_20260429_224936,2026-03-29T15:00:00,68fadd62-8e82-4037-93de-78c6c0735184,Damper_Opening,-4.520700000000005
furnace_ranking_v1,demo_20260429_224936,2026-03-29T15:00:00,68fadd62-8e82-4037-93de-78c6c0735184,Flow_Control_Valve_OP,28.362099999999998
furnace_ranking_v1,demo_20260429_224936,2026-03-29T15:00:00,68fadd62-8e82-4037-93de-78c6c0735184,max_cpr,0.0
furnace_ranking_v1,demo_20260429_224936,2026-03-29T15:00:00,68fadd62-8e82-4037-93de-78c6c0735184,Total_Runtime,83.2113
furnace_ranking_v1,demo_20260429_224936,2026-03-29T15:00:00,68fadd62-8e82-4037-93de-78c6c0735184,Feed_Type,0.0
furnace_ranking_v1,demo_20260429_224936,2026-03-29T15:00:00,68fadd62-8e82-4037-93de-78c6c0735184,percent_above_threshold,0.0
furnace_ranking_v1,demo_20260429_224936,2026-03-29T15:00:00,68fadd62-8e82-4037-93de-78c6c0735184,ethylene_yield,23.95376073954208
furnace_ranking_v1,demo_20260429_224936,2026-03-29T15:00:00,68fadd62-8e82-4037-93de-78c6c0735184,specific_energy_consumption,3.3472718985213794e-05
furnace_ranking_v1,demo_20260429_224936,2026-03-29T15:00:00,f5b1509b-eaa9-452d-8898-eaf6beb6f376,Max_CPR,2.780467581428574
furnace_ranking_v1,demo_20260429_224936,2026-03-29T15:00:00,f5b1509b-eaa9-452d-8898-eaf6beb6f376,HC_Flow_CV_Max_OP,51.319900000000004
furnace_ranking_v1,demo_20260429_224936,2026-03-29T15:00:00,f5b1509b-eaa9-452d-8898-eaf6beb6f376,DS_Flow_CV_Max_OP,61.6379
furnace_ranking_v1,demo_20260429_224936,2026-03-29T15:00:00,f5b1509b-eaa9-452d-8898-eaf6beb6f376,fuel_gas_pressure,-1658.0559139900001
furnace_ranking_v1,demo_20260429_224936,2026-03-29T15:00:00,f5b1509b-eaa9-452d-8898-eaf6beb6f376,draft_pressure,1.5
furnace_ranking_v1,demo_20260429_224936,2026-03-29T15:00:00,f5b1509b-eaa9-452d-8898-eaf6beb6f376,Damper_Opening,47.2716
furnace_ranking_v1,demo_20260429_224936,2026-03-29T15:00:00,f5b1509b-eaa9-452d-8898-eaf6beb6f376,Flow_Control_Valve_OP,28.362099999999998
furnace_ranking_v1,demo_20260429_224936,2026-03-29T15:00:00,f5b1509b-eaa9-452d-8898-eaf6beb6f376,max_cpr,0.0
furnace_ranking_v1,demo_20260429_224936,2026-03-29T15:00:00,f5b1509b-eaa9-452d-8898-eaf6beb6f376,Total_Runtime,62.2079
furnace_ranking_v1,demo_20260429_224936,2026-03-29T15:00:00,f5b1509b-eaa9-452d-8898-eaf6beb6f376,Feed_Type,0.0
furnace_ranking_v1,demo_20260429_224936,2026-03-29T15:00:00,f5b1509b-eaa9-452d-8898-eaf6beb6f376,percent_above_threshold,0.0
furnace_ranking_v1,demo_20260429_224936,2026-03-29T15:00:00,f5b1509b-eaa9-452d-8898-eaf6beb6f376,ethylene_yield,64.56486624304955
furnace_ranking_v1,demo_20260429_224936,2026-03-29T15:00:00,f5b1509b-eaa9-452d-8898-eaf6beb6f376,specific_energy_consumption,1.4010706936877572e-05
furnace_ranking_v1,demo_20260429_224936,2026-03-29T16:00:00,68fadd62-8e82-4037-93de-78c6c0735184,Max_CPR,8.389577414192873
furnace_ranking_v1,demo_20260429_224936,2026-03-29T16:00:00,68fadd62-8e82-4037-93de-78c6c0735184,HC_Flow_CV_Max_OP,65.68195
furnace_ranking_v1,demo_20260429_224936,2026-03-29T16:00:00,68fadd62-8e82-4037-93de-78c6c0735184,DS_Flow_CV_Max_OP,37.3895
furnace_ranking_v1,demo_20260429_224936,2026-03-29T16:00:00,68fadd62-8e82-4037-93de-78c6c0735184,fuel_gas_pressure,-698.72241516
furnace_ranking_v1,demo_20260429_224936,2026-03-29T16:00:00,68fadd62-8e82-4037-93de-78c6c0735184,draft_pressure,1.5
furnace_ranking_v1,demo_20260429_224936,2026-03-29T16:00:00,68fadd62-8e82-4037-93de-78c6c0735184,Damper_Opening,32.5489
furnace_ranking_v1,demo_20260429_224936,2026-03-29T16:00:00,68fadd62-8e82-4037-93de-78c6c0735184,Flow_Control_Valve_OP,24.31805
furnace_ranking_v1,demo_20260429_224936,2026-03-29T16:00:00,68fadd62-8e82-4037-93de-78c6c0735184,max_cpr,0.0
furnace_ranking_v1,demo_20260429_224936,2026-03-29T16:00:00,68fadd62-8e82-4037-93de-78c6c0735184,Total_Runtime,128.2379
furnace_ranking_v1,demo_20260429_224936,2026-03-29T16:00:00,68fadd62-8e82-4037-93de-78c6c0735184,Feed_Type,0.0
furnace_ranking_v1,demo_20260429_224936,2026-03-29T16:00:00,68fadd62-8e82-4037-93de-78c6c0735184,percent_above_threshold,0.0
furnace_ranking_v1,demo_20260429_224936,2026-03-29T16:00:00,68fadd62-8e82-4037-93de-78c6c0735184,ethylene_yield,28.160691305396927
furnace_ranking_v1,demo_20260429_224936,2026-03-29T16:00:00,68fadd62-8e82-4037-93de-78c6c0735184,specific_energy_consumption,0.00020803348022910672
furnace_ranking_v1,demo_20260429_224936,2026-03-29T16:00:00,f5b1509b-eaa9-452d-8898-eaf6beb6f376,Max_CPR,8.389577414192873
furnace_ranking_v1,demo_20260429_224936,2026-03-29T16:00:00,f5b1509b-eaa9-452d-8898-eaf6beb6f376,HC_Flow_CV_Max_OP,65.68195
furnace_ranking_v1,demo_20260429_224936,2026-03-29T16:00:00,f5b1509b-eaa9-452d-8898-eaf6beb6f376,DS_Flow_CV_Max_OP,37.3895
furnace_ranking_v1,demo_20260429_224936,2026-03-29T16:00:00,f5b1509b-eaa9-452d-8898-eaf6beb6f376,fuel_gas_pressure,-698.72241516
furnace_ranking_v1,demo_20260429_224936,2026-03-29T16:00:00,f5b1509b-eaa9-452d-8898-eaf6beb6f376,draft_pressure,1.5
furnace_ranking_v1,demo_20260429_224936,2026-03-29T16:00:00,f5b1509b-eaa9-452d-8898-eaf6beb6f376,Damper_Opening,59.2097
furnace_ranking_v1,demo_20260429_224936,2026-03-29T16:00:00,f5b1509b-eaa9-452d-8898-eaf6beb6f376,Flow_Control_Valve_OP,24.31805
furnace_ranking_v1,demo_20260429_224936,2026-03-29T16:00:00,f5b1509b-eaa9-452d-8898-eaf6beb6f376,max_cpr,0.0
furnace_ranking_v1,demo_20260429_224936,2026-03-29T16:00:00,f5b1509b-eaa9-452d-8898-eaf6beb6f376,Total_Runtime,96.8643
furnace_ranking_v1,demo_20260429_224936,2026-03-29T16:00:00,f5b1509b-eaa9-452d-8898-eaf6beb6f376,Feed_Type,0.0
furnace_ranking_v1,demo_20260429_224936,2026-03-29T16:00:00,f5b1509b-eaa9-452d-8898-eaf6beb6f376,percent_above_threshold,0.0
furnace_ranking_v1,demo_20260429_224936,2026-03-29T16:00:00,f5b1509b-eaa9-452d-8898-eaf6beb6f376,ethylene_yield,166.92488545395437
furnace_ranking_v1,demo_20260429_224936,2026-03-29T16:00:00,f5b1509b-eaa9-452d-8898-eaf6beb6f376,specific_energy_consumption,4.783365879872326e-06
furnace_ranking_v1,demo_20260429_224936,2026-03-29T17:00:00,68fadd62-8e82-4037-93de-78c6c0735184,Max_CPR,2.1983033806987553
furnace_ranking_v1,demo_20260429_224936,2026-03-29T17:00:00,68fadd62-8e82-4037-93de-78c6c0735184,HC_Flow_CV_Max_OP,60.4375
furnace_ranking_v1,demo_20260429_224936,2026-03-29T17:00:00,68fadd62-8e82-4037-93de-78c6c0735184,DS_Flow_CV_Max_OP,71.47685
furnace_ranking_v1,demo_20260429_224936,2026-03-29T17:00:00,68fadd62-8e82-4037-93de-78c6c0735184,fuel_gas_pressure,-1709.6450484375
furnace_ranking_v1,demo_20260429_224936,2026-03-29T17:00:00,68fadd62-8e82-4037-93de-78c6c0735184,draft_pressure,1.5
furnace_ranking_v1,demo_20260429_224936,2026-03-29T17:00:00,68fadd62-8e82-4037-93de-78c6c0735184,Damper_Opening,-7.9529
furnace_ranking_v1,demo_20260429_224936,2026-03-29T17:00:00,68fadd62-8e82-4037-93de-78c6c0735184,Flow_Control_Valve_OP,18.52315
furnace_ranking_v1,demo_20260429_224936,2026-03-29T17:00:00,68fadd62-8e82-4037-93de-78c6c0735184,max_cpr,0.0
furnace_ranking_v1,demo_20260429_224936,2026-03-29T17:00:00,68fadd62-8e82-4037-93de-78c6c0735184,Total_Runtime,126.5027
furnace_ranking_v1,demo_20260429_224936,2026-03-29T17:00:00,68fadd62-8e82-4037-93de-78c6c0735184,Feed_Type,0.0
furnace_ranking_v1,demo_20260429_224936,2026-03-29T17:00:00,68fadd62-8e82-4037-93de-78c6c0735184,percent_above_threshold,0.0
furnace_ranking_v1,demo_20260429_224936,2026-03-29T17:00:00,68fadd62-8e82-4037-93de-78c6c0735184,ethylene_yield,17.006787828702077
furnace_ranking_v1,demo_20260429_224936,2026-03-29T17:00:00,68fadd62-8e82-4037-93de-78c6c0735184,specific_energy_consumption,3.800444214261004e-05
furnace_ranking_v1,demo_20260429_224936,2026-03-29T17:00:00,f5b1509b-eaa9-452d-8898-eaf6beb6f376,Max_CPR,2.1983033806987553
furnace_ranking_v1,demo_20260429_224936,2026-03-29T17:00:00,f5b1509b-eaa9-452d-8898-eaf6beb6f376,HC_Flow_CV_Max_OP,60.4375
furnace_ranking_v1,demo_20260429_224936,2026-03-29T17:00:00,f5b1509b-eaa9-452d-8898-eaf6beb6f376,DS_Flow_CV_Max_OP,71.47685
furnace_ranking_v1,demo_20260429_224936,2026-03-29T17:00:00,f5b1509b-eaa9-452d-8898-eaf6beb6f376,fuel_gas_pressure,-1709.6450484375
furnace_ranking_v1,demo_20260429_224936,2026-03-29T17:00:00,f5b1509b-eaa9-452d-8898-eaf6beb6f376,draft_pressure,1.5
furnace_ranking_v1,demo_20260429_224936,2026-03-29T17:00:00,f5b1509b-eaa9-452d-8898-eaf6beb6f376,Damper_Opening,10.887900000000002
furnace_ranking_v1,demo_20260429_224936,2026-03-29T17:00:00,f5b1509b-eaa9-452d-8898-eaf6beb6f376,Flow_Control_Valve_OP,18.52315
furnace_ranking_v1,demo_20260429_224936,2026-03-29T17:00:00,f5b1509b-eaa9-452d-8898-eaf6beb6f376,max_cpr,0.0
furnace_ranking_v1,demo_20260429_224936,2026-03-29T17:00:00,f5b1509b-eaa9-452d-8898-eaf6beb6f376,Total_Runtime,114.1829
furnace_ranking_v1,demo_20260429_224936,2026-03-29T17:00:00,f5b1509b-eaa9-452d-8898-eaf6beb6f376,Feed_Type,0.0
furnace_ranking_v1,demo_20260429_224936,2026-03-29T17:00:00,f5b1509b-eaa9-452d-8898-eaf6beb6f376,percent_above_threshold,0.0
furnace_ranking_v1,demo_20260429_224936,2026-03-29T17:00:00,f5b1509b-eaa9-452d-8898-eaf6beb6f376,ethylene_yield,17.575480939105983
furnace_ranking_v1,demo_20260429_224936,2026-03-29T17:00:00,f5b1509b-eaa9-452d-8898-eaf6beb6f376,specific_energy_consumption,6.557796568697594e-06
furnace_ranking_v1,demo_20260429_224936,2026-03-29T18:00:00,68fadd62-8e82-4037-93de-78c6c0735184,Max_CPR,1.978049409323416
furnace_ranking_v1,demo_20260429_224936,2026-03-29T18:00:00,68fadd62-8e82-4037-93de-78c6c0735184,HC_Flow_CV_Max_OP,87.22890000000001
furnace_ranking_v1,demo_20260429_224936,2026-03-29T18:00:00,68fadd62-8e82-4037-93de-78c6c0735184,DS_Flow_CV_Max_OP,47.178749999999994
furnace_ranking_v1,demo_20260429_224936,2026-03-29T18:00:00,68fadd62-8e82-4037-93de-78c6c0735184,fuel_gas_pressure,-1256.7436040775
furnace_ranking_v1,demo_20260429_224936,2026-03-29T18:00:00,68fadd62-8e82-4037-93de-78c6c0735184,draft_pressure,1.5
furnace_ranking_v1,demo_20260429_224936,2026-03-29T18:00:00,68fadd62-8e82-4037-93de-78c6c0735184,Damper_Opening,31.6539
furnace_ranking_v1,demo_20260429_224936,2026-03-29T18:00:00,68fadd62-8e82-4037-93de-78c6c0735184,Flow_Control_Valve_OP,2.77109999999999
furnace_ranking_v1,demo_20260429_224936,2026-03-29T18:00:00,68fadd62-8e82-4037-93de-78c6c0735184,max_cpr,0.0
furnace_ranking_v1,demo_20260429_224936,2026-03-29T18:00:00,68fadd62-8e82-4037-93de-78c6c0735184,Total_Runtime,108.8597
furnace_ranking_v1,demo_20260429_224936,2026-03-29T18:00:00,68fadd62-8e82-4037-93de-78c6c0735184,Feed_Type,0.0
furnace_ranking_v1,demo_20260429_224936,2026-03-29T18:00:00,68fadd62-8e82-4037-93de-78c6c0735184,percent_above_threshold,0.0
furnace_ranking_v1,demo_20260429_224936,2026-03-29T18:00:00,68fadd62-8e82-4037-93de-78c6c0735184,ethylene_yield,48.65713680779669
furnace_ranking_v1,demo_20260429_224936,2026-03-29T18:00:00,68fadd62-8e82-4037-93de-78c6c0735184,specific_energy_consumption,3.3855721772430086e-05
furnace_ranking_v1,demo_20260429_224936,2026-03-29T18:00:00,f5b1509b-eaa9-452d-8898-eaf6beb6f376,Max_CPR,1.978049409323416
furnace_ranking_v1,demo_20260429_224936,2026-03-29T18:00:00,f5b1509b-eaa9-452d-8898-eaf6beb6f376,HC_Flow_CV_Max_OP,87.22890000000001
furnace_ranking_v1,demo_20260429_224936,2026-03-29T18:00:00,f5b1509b-eaa9-452d-8898-eaf6beb6f376,DS_Flow_CV_Max_OP,47.178749999999994
furnace_ranking_v1,demo_20260429_224936,2026-03-29T18:00:00,f5b1509b-eaa9-452d-8898-eaf6beb6f376,fuel_gas_pressure,-1256.7436040775
furnace_ranking_v1,demo_20260429_224936,2026-03-29T18:00:00,f5b1509b-eaa9-452d-8898-eaf6beb6f376,draft_pressure,1.5
furnace_ranking_v1,demo_20260429_224936,2026-03-29T18:00:00,f5b1509b-eaa9-452d-8898-eaf6beb6f376,Damper_Opening,28.011000000000003
furnace_ranking_v1,demo_20260429_224936,2026-03-29T18:00:00,f5b1509b-eaa9-452d-8898-eaf6beb6f376,Flow_Control_Valve_OP,2.77109999999999
furnace_ranking_v1,demo_20260429_224936,2026-03-29T18:00:00,f5b1509b-eaa9-452d-8898-eaf6beb6f376,max_cpr,0.0
furnace_ranking_v1,demo_20260429_224936,2026-03-29T18:00:00,f5b1509b-eaa9-452d-8898-eaf6beb6f376,Total_Runtime,117.6766
furnace_ranking_v1,demo_20260429_224936,2026-03-29T18:00:00,f5b1509b-eaa9-452d-8898-eaf6beb6f376,Feed_Type,0.0
furnace_ranking_v1,demo_20260429_224936,2026-03-29T18:00:00,f5b1509b-eaa9-452d-8898-eaf6beb6f376,percent_above_threshold,0.0
furnace_ranking_v1,demo_20260429_224936,2026-03-29T18:00:00,f5b1509b-eaa9-452d-8898-eaf6beb6f376,ethylene_yield,41.65346535859055
furnace_ranking_v1,demo_20260429_224936,2026-03-29T18:00:00,f5b1509b-eaa9-452d-8898-eaf6beb6f376,specific_energy_consumption,7.60414475541602e-06
furnace_ranking_v1,demo_20260429_224936,2026-03-29T19:00:00,68fadd62-8e82-4037-93de-78c6c0735184,Max_CPR,4.143606951983496
furnace_ranking_v1,demo_20260429_224936,2026-03-29T19:00:00,68fadd62-8e82-4037-93de-78c6c0735184,HC_Flow_CV_Max_OP,62.75265
furnace_ranking_v1,demo_20260429_224936,2026-03-29T19:00:00,68fadd62-8e82-4037-93de-78c6c0735184,DS_Flow_CV_Max_OP,57.459950000000006
furnace_ranking_v1,demo_20260429_224936,2026-03-29T19:00:00,68fadd62-8e82-4037-93de-78c6c0735184,fuel_gas_pressure,-1478.53619439
furnace_ranking_v1,demo_20260429_224936,2026-03-29T19:00:00,68fadd62-8e82-4037-93de-78c6c0735184,draft_pressure,1.5
furnace_ranking_v1,demo_20260429_224936,2026-03-29T19:00:00,68fadd62-8e82-4037-93de-78c6c0735184,Damper_Opening,-7.249899999999997
furnace_ranking_v1,demo_20260429_224936,2026-03-29T19:00:00,68fadd62-8e82-4037-93de-78c6c0735184,Flow_Control_Valve_OP,27.247349999999997
furnace_ranking_v1,demo_20260429_224936,2026-03-29T19:00:00,68fadd62-8e82-4037-93de-78c6c0735184,max_cpr,0.0
furnace_ranking_v1,demo_20260429_224936,2026-03-29T19:00:00,68fadd62-8e82-4037-93de-78c6c0735184,Total_Runtime,45.2539
furnace_ranking_v1,demo_20260429_224936,2026-03-29T19:00:00,68fadd62-8e82-4037-93de-78c6c0735184,Feed_Type,0.0
furnace_ranking_v1,demo_20260429_224936,2026-03-29T19:00:00,68fadd62-8e82-4037-93de-78c6c0735184,percent_above_threshold,0.0
furnace_ranking_v1,demo_20260429_224936,2026-03-29T19:00:00,68fadd62-8e82-4037-93de-78c6c0735184,ethylene_yield,94.98495998945138
furnace_ranking_v1,demo_20260429_224936,2026-03-29T19:00:00,68fadd62-8e82-4037-93de-78c6c0735184,specific_energy_consumption,1.5055586123026452e-05
furnace_ranking_v1,demo_20260429_224936,2026-03-29T19:00:00,f5b1509b-eaa9-452d-8898-eaf6beb6f376,Max_CPR,4.143606951983496
furnace_ranking_v1,demo_20260429_224936,2026-03-29T19:00:00,f5b1509b-eaa9-452d-8898-eaf6beb6f376,HC_Flow_CV_Max_OP,62.75265
furnace_ranking_v1,demo_20260429_224936,2026-03-29T19:00:00,f5b1509b-eaa9-452d-8898-eaf6beb6f376,DS_Flow_CV_Max_OP,57.459950000000006
furnace_ranking_v1,demo_20260429_224936,2026-03-29T19:00:00,f5b1509b-eaa9-452d-8898-eaf6beb6f376,fuel_gas_pressure,-1478.53619439
furnace_ranking_v1,demo_20260429_224936,2026-03-29T19:00:00,f5b1509b-eaa9-452d-8898-eaf6beb6f376,draft_pressure,1.5
furnace_ranking_v1,demo_20260429_224936,2026-03-29T19:00:00,f5b1509b-eaa9-452d-8898-eaf6beb6f376,Damper_Opening,-7.556899999999999
furnace_ranking_v1,demo_20260429_224936,2026-03-29T19:00:00,f5b1509b-eaa9-452d-8898-eaf6beb6f376,Flow_Control_Valve_OP,27.247349999999997
furnace_ranking_v1,demo_20260429_224936,2026-03-29T19:00:00,f5b1509b-eaa9-452d-8898-eaf6beb6f376,max_cpr,0.0
furnace_ranking_v1,demo_20260429_224936,2026-03-29T19:00:00,f5b1509b-eaa9-452d-8898-eaf6beb6f376,Total_Runtime,41.3238
furnace_ranking_v1,demo_20260429_224936,2026-03-29T19:00:00,f5b1509b-eaa9-452d-8898-eaf6beb6f376,Feed_Type,0.0
furnace_ranking_v1,demo_20260429_224936,2026-03-29T19:00:00,f5b1509b-eaa9-452d-8898-eaf6beb6f376,percent_above_threshold,0.0
furnace_ranking_v1,demo_20260429_224936,2026-03-29T19:00:00,f5b1509b-eaa9-452d-8898-eaf6beb6f376,ethylene_yield,117.39698986050749
furnace_ranking_v1,demo_20260429_224936,2026-03-29T19:00:00,f5b1509b-eaa9-452d-8898-eaf6beb6f376,specific_energy_consumption,3.2378302195763354e-06
furnace_ranking_v1,demo_20260429_224936,2026-03-29T20:00:00,68fadd62-8e82-4037-93de-78c6c0735184,Max_CPR,2.8995104630980886
furnace_ranking_v1,demo_20260429_224936,2026-03-29T20:00:00,68fadd62-8e82-4037-93de-78c6c0735184,HC_Flow_CV_Max_OP,48.678749999999994
furnace_ranking_v1,demo_20260429_224936,2026-03-29T20:00:00,68fadd62-8e82-4037-93de-78c6c0735184,DS_Flow_CV_Max_OP,69.3088
furnace_ranking_v1,demo_20260429_224936,2026-03-29T20:00:00,68fadd62-8e82-4037-93de-78c6c0735184,fuel_gas_pressure,-1377.8850732775
furnace_ranking_v1,demo_20260429_224936,2026-03-29T20:00:00,68fadd62-8e82-4037-93de-78c6c0735184,draft_pressure,1.5
furnace_ranking_v1,demo_20260429_224936,2026-03-29T20:00:00,68fadd62-8e82-4037-93de-78c6c0735184,Damper_Opening,18.646299999999997
furnace_ranking_v1,demo_20260429_224936,2026-03-29T20:00:00,68fadd62-8e82-4037-93de-78c6c0735184,Flow_Control_Valve_OP,20.691199999999995
furnace_ranking_v1,demo_20260429_224936,2026-03-29T20:00:00,68fadd62-8e82-4037-93de-78c6c0735184,max_cpr,0.0
furnace_ranking_v1,demo_20260429_224936,2026-03-29T20:00:00,68fadd62-8e82-4037-93de-78c6c0735184,Total_Runtime,126.107
furnace_ranking_v1,demo_20260429_224936,2026-03-29T20:00:00,68fadd62-8e82-4037-93de-78c6c0735184,Feed_Type,0.0
furnace_ranking_v1,demo_20260429_224936,2026-03-29T20:00:00,68fadd62-8e82-4037-93de-78c6c0735184,percent_above_threshold,0.0
furnace_ranking_v1,demo_20260429_224936,2026-03-29T20:00:00,68fadd62-8e82-4037-93de-78c6c0735184,ethylene_yield,35.854895037431504
furnace_ranking_v1,demo_20260429_224936,2026-03-29T20:00:00,68fadd62-8e82-4037-93de-78c6c0735184,specific_energy_consumption,1.5897850227247754e-05
furnace_ranking_v1,demo_20260429_224936,2026-03-29T20:00:00,f5b1509b-eaa9-452d-8898-eaf6beb6f376,Max_CPR,2.8995104630980886
furnace_ranking_v1,demo_20260429_224936,2026-03-29T20:00:00,f5b1509b-eaa9-452d-8898-eaf6beb6f376,HC_Flow_CV_Max_OP,48.678749999999994
furnace_ranking_v1,demo_20260429_224936,2026-03-29T20:00:00,f5b1509b-eaa9-452d-8898-eaf6beb6f376,DS_Flow_CV_Max_OP,69.3088
furnace_ranking_v1,demo_20260429_224936,2026-03-29T20:00:00,f5b1509b-eaa9-452d-8898-eaf6beb6f376,fuel_gas_pressure,-1377.8850732775
furnace_ranking_v1,demo_20260429_224936,2026-03-29T20:00:00,f5b1509b-eaa9-452d-8898-eaf6beb6f376,draft_pressure,1.5
furnace_ranking_v1,demo_20260429_224936,2026-03-29T20:00:00,f5b1509b-eaa9-452d-8898-eaf6beb6f376,Damper_Opening,25.4615
furnace_ranking_v1,demo_20260429_224936,2026-03-29T20:00:00,f5b1509b-eaa9-452d-8898-eaf6beb6f376,Flow_Control_Valve_OP,20.691199999999995
furnace_ranking_v1,demo_20260429_224936,2026-03-29T20:00:00,f5b1509b-eaa9-452d-8898-eaf6beb6f376,max_cpr,0.0
furnace_ranking_v1,demo_20260429_224936,2026-03-29T20:00:00,f5b1509b-eaa9-452d-8898-eaf6beb6f376,Total_Runtime,104.996
furnace_ranking_v1,demo_20260429_224936,2026-03-29T20:00:00,f5b1509b-eaa9-452d-8898-eaf6beb6f376,Feed_Type,0.0
furnace_ranking_v1,demo_20260429_224936,2026-03-29T20:00:00,f5b1509b-eaa9-452d-8898-eaf6beb6f376,percent_above_threshold,0.0
furnace_ranking_v1,demo_20260429_224936,2026-03-29T20:00:00,f5b1509b-eaa9-452d-8898-eaf6beb6f376,ethylene_yield,23.373427433094225
furnace_ranking_v1,demo_20260429_224936,2026-03-29T20:00:00,f5b1509b-eaa9-452d-8898-eaf6beb6f376,specific_energy_consumption,5.1766209001489555e-06
furnace_ranking_v1,demo_20260429_224936,2026-03-29T21:00:00,68fadd62-8e82-4037-93de-78c6c0735184,Max_CPR,3.2990468149092873
furnace_ranking_v1,demo_20260429_224936,2026-03-29T21:00:00,68fadd62-8e82-4037-93de-78c6c0735184,HC_Flow_CV_Max_OP,72.07965
furnace_ranking_v1,demo_20260429_224936,2026-03-29T21:00:00,68fadd62-8e82-4037-93de-78c6c0735184,DS_Flow_CV_Max_OP,50.586
furnace_ranking_v1,demo_20260429_224936,2026-03-29T21:00:00,68fadd62-8e82-4037-93de-78c6c0735184,fuel_gas_pressure,-210.23947219750005
furnace_ranking_v1,demo_20260429_224936,2026-03-29T21:00:00,68fadd62-8e82-4037-93de-78c6c0735184,draft_pressure,1.5
furnace_ranking_v1,demo_20260429_224936,2026-03-29T21:00:00,68fadd62-8e82-4037-93de-78c6c0735184,Damper_Opening,74.5891
furnace_ranking_v1,demo_20260429_224936,2026-03-29T21:00:00,68fadd62-8e82-4037-93de-78c6c0735184,Flow_Control_Valve_OP,17.92035
furnace_ranking_v1,demo_20260429_224936,2026-03-29T21:00:00,68fadd62-8e82-4037-93de-78c6c0735184,max_cpr,0.0
furnace_ranking_v1,demo_20260429_224936,2026-03-29T21:00:00,68fadd62-8e82-4037-93de-78c6c0735184,Total_Runtime,47.8545
furnace_ranking_v1,demo_20260429_224936,2026-03-29T21:00:00,68fadd62-8e82-4037-93de-78c6c0735184,Feed_Type,0.0
furnace_ranking_v1,demo_20260429_224936,2026-03-29T21:00:00,68fadd62-8e82-4037-93de-78c6c0735184,percent_above_threshold,0.0
furnace_ranking_v1,demo_20260429_224936,2026-03-29T21:00:00,68fadd62-8e82-4037-93de-78c6c0735184,ethylene_yield,274.0523043206274
furnace_ranking_v1,demo_20260429_224936,2026-03-29T21:00:00,68fadd62-8e82-4037-93de-78c6c0735184,specific_energy_consumption,1.0290401733599288e-06
furnace_ranking_v1,demo_20260429_224936,2026-03-29T21:00:00,f5b1509b-eaa9-452d-8898-eaf6beb6f376,Max_CPR,3.2990468149092873
furnace_ranking_v1,demo_20260429_224936,2026-03-29T21:00:00,f5b1509b-eaa9-452d-8898-eaf6beb6f376,HC_Flow_CV_Max_OP,72.07965
furnace_ranking_v1,demo_20260429_224936,2026-03-29T21:00:00,f5b1509b-eaa9-452d-8898-eaf6beb6f376,DS_Flow_CV_Max_OP,50.586
furnace_ranking_v1,demo_20260429_224936,2026-03-29T21:00:00,f5b1509b-eaa9-452d-8898-eaf6beb6f376,fuel_gas_pressure,-210.23947219750005
furnace_ranking_v1,demo_20260429_224936,2026-03-29T21:00:00,f5b1509b-eaa9-452d-8898-eaf6beb6f376,draft_pressure,1.5
furnace_ranking_v1,demo_20260429_224936,2026-03-29T21:00:00,f5b1509b-eaa9-452d-8898-eaf6beb6f376,Damper_Opening,-0.5695999999999941
furnace_ranking_v1,demo_20260429_224936,2026-03-29T21:00:00,f5b1509b-eaa9-452d-8898-eaf6beb6f376,Flow_Control_Valve_OP,17.92035
furnace_ranking_v1,demo_20260429_224936,2026-03-29T21:00:00,f5b1509b-eaa9-452d-8898-eaf6beb6f376,max_cpr,0.0
furnace_ranking_v1,demo_20260429_224936,2026-03-29T21:00:00,f5b1509b-eaa9-452d-8898-eaf6beb6f376,Total_Runtime,69.7184
furnace_ranking_v1,demo_20260429_224936,2026-03-29T21:00:00,f5b1509b-eaa9-452d-8898-eaf6beb6f376,Feed_Type,0.0
furnace_ranking_v1,demo_20260429_224936,2026-03-29T21:00:00,f5b1509b-eaa9-452d-8898-eaf6beb6f376,percent_above_threshold,0.0
furnace_ranking_v1,demo_20260429_224936,2026-03-29T21:00:00,f5b1509b-eaa9-452d-8898-eaf6beb6f376,ethylene_yield,325.9205596534363
furnace_ranking_v1,demo_20260429_224936,2026-03-29T21:00:00,f5b1509b-eaa9-452d-8898-eaf6beb6f376,specific_energy_consumption,1.0925053021696344e-05
furnace_ranking_v1,demo_20260429_224936,2026-03-29T22:00:00,68fadd62-8e82-4037-93de-78c6c0735184,Max_CPR,1.1459852074986965
furnace_ranking_v1,demo_20260429_224936,2026-03-29T22:00:00,68fadd62-8e82-4037-93de-78c6c0735184,HC_Flow_CV_Max_OP,64.63305
furnace_ranking_v1,demo_20260429_224936,2026-03-29T22:00:00,68fadd62-8e82-4037-93de-78c6c0735184,DS_Flow_CV_Max_OP,49.801249999999996
furnace_ranking_v1,demo_20260429_224936,2026-03-29T22:00:00,68fadd62-8e82-4037-93de-78c6c0735184,fuel_gas_pressure,-1529.15933079
furnace_ranking_v1,demo_20260429_224936,2026-03-29T22:00:00,68fadd62-8e82-4037-93de-78c6c0735184,draft_pressure,1.5
furnace_ranking_v1,demo_20260429_224936,2026-03-29T22:00:00,68fadd62-8e82-4037-93de-78c6c0735184,Damper_Opening,82.7531
furnace_ranking_v1,demo_20260429_224936,2026-03-29T22:00:00,68fadd62-8e82-4037-93de-78c6c0735184,Flow_Control_Valve_OP,25.366950000000003
furnace_ranking_v1,demo_20260429_224936,2026-03-29T22:00:00,68fadd62-8e82-4037-93de-78c6c0735184,max_cpr,0.0
furnace_ranking_v1,demo_20260429_224936,2026-03-29T22:00:00,68fadd62-8e82-4037-93de-78c6c0735184,Total_Runtime,84.1634
furnace_ranking_v1,demo_20260429_224936,2026-03-29T22:00:00,68fadd62-8e82-4037-93de-78c6c0735184,Feed_Type,0.0
furnace_ranking_v1,demo_20260429_224936,2026-03-29T22:00:00,68fadd62-8e82-4037-93de-78c6c0735184,percent_above_threshold,0.0
furnace_ranking_v1,demo_20260429_224936,2026-03-29T22:00:00,68fadd62-8e82-4037-93de-78c6c0735184,ethylene_yield,245.64074326839557
furnace_ranking_v1,demo_20260429_224936,2026-03-29T22:00:00,68fadd62-8e82-4037-93de-78c6c0735184,specific_energy_consumption,5.102014639813853e-06
furnace_ranking_v1,demo_20260429_224936,2026-03-29T22:00:00,f5b1509b-eaa9-452d-8898-eaf6beb6f376,Max_CPR,1.1459852074986965
furnace_ranking_v1,demo_20260429_224936,2026-03-29T22:00:00,f5b1509b-eaa9-452d-8898-eaf6beb6f376,HC_Flow_CV_Max_OP,64.63305
furnace_ranking_v1,demo_20260429_224936,2026-03-29T22:00:00,f5b1509b-eaa9-452d-8898-eaf6beb6f376,DS_Flow_CV_Max_OP,49.801249999999996
furnace_ranking_v1,demo_20260429_224936,2026-03-29T22:00:00,f5b1509b-eaa9-452d-8898-eaf6beb6f376,fuel_gas_pressure,-1529.15933079
furnace_ranking_v1,demo_20260429_224936,2026-03-29T22:00:00,f5b1509b-eaa9-452d-8898-eaf6beb6f376,draft_pressure,1.5
furnace_ranking_v1,demo_20260429_224936,2026-03-29T22:00:00,f5b1509b-eaa9-452d-8898-eaf6beb6f376,Damper_Opening,32.431
furnace_ranking_v1,demo_20260429_224936,2026-03-29T22:00:00,f5b1509b-eaa9-452d-8898-eaf6beb6f376,Flow_Control_Valve_OP,25.366950000000003
furnace_ranking_v1,demo_20260429_224936,2026-03-29T22:00:00,f5b1509b-eaa9-452d-8898-eaf6beb6f376,max_cpr,0.0
furnace_ranking_v1,demo_20260429_224936,2026-03-29T22:00:00,f5b1509b-eaa9-452d-8898-eaf6beb6f376,Total_Runtime,57.2307
furnace_ranking_v1,demo_20260429_224936,2026-03-29T22:00:00,f5b1509b-eaa9-452d-8898-eaf6beb6f376,Feed_Type,0.0
furnace_ranking_v1,demo_20260429_224936,2026-03-29T22:00:00,f5b1509b-eaa9-452d-8898-eaf6beb6f376,percent_above_threshold,0.0
furnace_ranking_v1,demo_20260429_224936,2026-03-29T22:00:00,f5b1509b-eaa9-452d-8898-eaf6beb6f376,ethylene_yield,2.011486395588314
furnace_ranking_v1,demo_20260429_224936,2026-03-29T22:00:00,f5b1509b-eaa9-452d-8898-eaf6beb6f376,specific_energy_consumption,0.00010253405276131442
furnace_ranking_v1,demo_20260429_224936,2026-03-29T23:00:00,68fadd62-8e82-4037-93de-78c6c0735184,Max_CPR,8.014821480668795
furnace_ranking_v1,demo_20260429_224936,2026-03-29T23:00:00,68fadd62-8e82-4037-93de-78c6c0735184,HC_Flow_CV_Max_OP,85.8365
furnace_ranking_v1,demo_20260429_224936,2026-03-29T23:00:00,68fadd62-8e82-4037-93de-78c6c0735184,DS_Flow_CV_Max_OP,41.57575
furnace_ranking_v1,demo_20260429_224936,2026-03-29T23:00:00,68fadd62-8e82-4037-93de-78c6c0735184,fuel_gas_pressure,-311.57857239
furnace_ranking_v1,demo_20260429_224936,2026-03-29T23:00:00,68fadd62-8e82-4037-93de-78c6c0735184,draft_pressure,1.5
furnace_ranking_v1,demo_20260429_224936,2026-03-29T23:00:00,68fadd62-8e82-4037-93de-78c6c0735184,Damper_Opening,55.287800000000004
furnace_ranking_v1,demo_20260429_224936,2026-03-29T23:00:00,68fadd62-8e82-4037-93de-78c6c0735184,Flow_Control_Valve_OP,4.163499999999999
furnace_ranking_v1,demo_20260429_224936,2026-03-29T23:00:00,68fadd62-8e82-4037-93de-78c6c0735184,max_cpr,0.0
furnace_ranking_v1,demo_20260429_224936,2026-03-29T23:00:00,68fadd62-8e82-4037-93de-78c6c0735184,Total_Runtime,77.60499999999999
furnace_ranking_v1,demo_20260429_224936,2026-03-29T23:00:00,68fadd62-8e82-4037-93de-78c6c0735184,Feed_Type,0.0
furnace_ranking_v1,demo_20260429_224936,2026-03-29T23:00:00,68fadd62-8e82-4037-93de-78c6c0735184,percent_above_threshold,0.0
furnace_ranking_v1,demo_20260429_224936,2026-03-29T23:00:00,68fadd62-8e82-4037-93de-78c6c0735184,ethylene_yield,70.84220189361996
furnace_ranking_v1,demo_20260429_224936,2026-03-29T23:00:00,68fadd62-8e82-4037-93de-78c6c0735184,specific_energy_consumption,6.590406729304798e-06
furnace_ranking_v1,demo_20260429_224936,2026-03-29T23:00:00,f5b1509b-eaa9-452d-8898-eaf6beb6f376,Max_CPR,8.014821480668795
furnace_ranking_v1,demo_20260429_224936,2026-03-29T23:00:00,f5b1509b-eaa9-452d-8898-eaf6beb6f376,HC_Flow_CV_Max_OP,85.8365
furnace_ranking_v1,demo_20260429_224936,2026-03-29T23:00:00,f5b1509b-eaa9-452d-8898-eaf6beb6f376,DS_Flow_CV_Max_OP,41.57575
furnace_ranking_v1,demo_20260429_224936,2026-03-29T23:00:00,f5b1509b-eaa9-452d-8898-eaf6beb6f376,fuel_gas_pressure,-311.57857239
furnace_ranking_v1,demo_20260429_224936,2026-03-29T23:00:00,f5b1509b-eaa9-452d-8898-eaf6beb6f376,draft_pressure,1.5
furnace_ranking_v1,demo_20260429_224936,2026-03-29T23:00:00,f5b1509b-eaa9-452d-8898-eaf6beb6f376,Damper_Opening,58.7736
furnace_ranking_v1,demo_20260429_224936,2026-03-29T23:00:00,f5b1509b-eaa9-452d-8898-eaf6beb6f376,Flow_Control_Valve_OP,4.163499999999999
furnace_ranking_v1,demo_20260429_224936,2026-03-29T23:00:00,f5b1509b-eaa9-452d-8898-eaf6beb6f376,max_cpr,0.0
furnace_ranking_v1,demo_20260429_224936,2026-03-29T23:00:00,f5b1509b-eaa9-452d-8898-eaf6beb6f376,Total_Runtime,35.1426
furnace_ranking_v1,demo_20260429_224936,2026-03-29T23:00:00,f5b1509b-eaa9-452d-8898-eaf6beb6f376,Feed_Type,0.0
furnace_ranking_v1,demo_20260429_224936,2026-03-29T23:00:00,f5b1509b-eaa9-452d-8898-eaf6beb6f376,percent_above_threshold,0.0
furnace_ranking_v1,demo_20260429_224936,2026-03-29T23:00:00,f5b1509b-eaa9-452d-8898-eaf6beb6f376,ethylene_yield,83.16525451416872
furnace_ranking_v1,demo_20260429_224936,2026-03-29T23:00:00,f5b1509b-eaa9-452d-8898-eaf6beb6f376,specific_energy_consumption,1.4419954816495175e-05
furnace_ranking_v1,demo_20260429_224936,2026-03-30T00:00:00,68fadd62-8e82-4037-93de-78c6c0735184,Max_CPR,1.052510498767245
furnace_ranking_v1,demo_20260429_224936,2026-03-30T00:00:00,68fadd62-8e82-4037-93de-78c6c0735184,HC_Flow_CV_Max_OP,82.6383
furnace_ranking_v1,demo_20260429_224936,2026-03-30T00:00:00,68fadd62-8e82-4037-93de-78c6c0735184,DS_Flow_CV_Max_OP,58.165099999999995
furnace_ranking_v1,demo_20260429_224936,2026-03-30T00:00:00,68fadd62-8e82-4037-93de-78c6c0735184,fuel_gas_pressure,-1405.6933155099998
furnace_ranking_v1,demo_20260429_224936,2026-03-30T00:00:00,68fadd62-8e82-4037-93de-78c6c0735184,draft_pressure,1.5
furnace_ranking_v1,demo_20260429_224936,2026-03-30T00:00:00,68fadd62-8e82-4037-93de-78c6c0735184,Damper_Opening,36.0575
furnace_ranking_v1,demo_20260429_224936,2026-03-30T00:00:00,68fadd62-8e82-4037-93de-78c6c0735184,Flow_Control_Valve_OP,7.361699999999999
furnace_ranking_v1,demo_20260429_224936,2026-03-30T00:00:00,68fadd62-8e82-4037-93de-78c6c0735184,max_cpr,0.0
furnace_ranking_v1,demo_20260429_224936,2026-03-30T00:00:00,68fadd62-8e82-4037-93de-78c6c0735184,Total_Runtime,128.7668
furnace_ranking_v1,demo_20260429_224936,2026-03-30T00:00:00,68fadd62-8e82-4037-93de-78c6c0735184,Feed_Type,0.0
furnace_ranking_v1,demo_20260429_224936,2026-03-30T00:00:00,68fadd62-8e82-4037-93de-78c6c0735184,percent_above_threshold,0.0
furnace_ranking_v1,demo_20260429_224936,2026-03-30T00:00:00,68fadd62-8e82-4037-93de-78c6c0735184,ethylene_yield,2394.4479671291247
furnace_ranking_v1,demo_20260429_224936,2026-03-30T00:00:00,68fadd62-8e82-4037-93de-78c6c0735184,specific_energy_consumption,1.920877642887433e-05
furnace_ranking_v1,demo_20260429_224936,2026-03-30T00:00:00,f5b1509b-eaa9-452d-8898-eaf6beb6f376,Max_CPR,1.052510498767245
furnace_ranking_v1,demo_20260429_224936,2026-03-30T00:00:00,f5b1509b-eaa9-452d-8898-eaf6beb6f376,HC_Flow_CV_Max_OP,82.6383
furnace_ranking_v1,demo_20260429_224936,2026-03-30T00:00:00,f5b1509b-eaa9-452d-8898-eaf6beb6f376,DS_Flow_CV_Max_OP,58.165099999999995
furnace_ranking_v1,demo_20260429_224936,2026-03-30T00:00:00,f5b1509b-eaa9-452d-8898-eaf6beb6f376,fuel_gas_pressure,-1405.6933155099998
furnace_ranking_v1,demo_20260429_224936,2026-03-30T00:00:00,f5b1509b-eaa9-452d-8898-eaf6beb6f376,draft_pressure,1.5
furnace_ranking_v1,demo_20260429_224936,2026-03-30T00:00:00,f5b1509b-eaa9-452d-8898-eaf6beb6f376,Damper_Opening,28.2055
furnace_ranking_v1,demo_20260429_224936,2026-03-30T00:00:00,f5b1509b-eaa9-452d-8898-eaf6beb6f376,Flow_Control_Valve_OP,7.361699999999999
furnace_ranking_v1,demo_20260429_224936,2026-03-30T00:00:00,f5b1509b-eaa9-452d-8898-eaf6beb6f376,max_cpr,0.0
furnace_ranking_v1,demo_20260429_224936,2026-03-30T00:00:00,f5b1509b-eaa9-452d-8898-eaf6beb6f376,Total_Runtime,33.3946
furnace_ranking_v1,demo_20260429_224936,2026-03-30T00:00:00,f5b1509b-eaa9-452d-8898-eaf6beb6f376,Feed_Type,0.0
furnace_ranking_v1,demo_20260429_224936,2026-03-30T00:00:00,f5b1509b-eaa9-452d-8898-eaf6beb6f376,percent_above_threshold,0.0
furnace_ranking_v1,demo_20260429_224936,2026-03-30T00:00:00,f5b1509b-eaa9-452d-8898-eaf6beb6f376,ethylene_yield,234.54593760194254
furnace_ranking_v1,demo_20260429_224936,2026-03-30T00:00:00,f5b1509b-eaa9-452d-8898-eaf6beb6f376,specific_energy_consumption,3.575249295689828e-05
