pi_tag,element_path,attribute_name,uom,flag_sip,sip_min_pct,sip_max_pct
UN.UO.86XI6024.PV,Steam Network 1,Ambient Temperature,degC,,,
UN.UO.86XI6025.PV,Steam Network 1,Relative Humidity,,,,
UN.ETH.17PC7032.PV,Steam Network 1 > VHP Steam HeaderA,Steam Pressure,bar,,,
UN.ETH.12TI2107.PV,Steam Network 1 > VHP Steam HeaderA,Steam Temperature,degC,,,
UN.ETH.11FI1029AA.PV,Steam Network 1 > VHP Steam HeaderA > VHP Steam GeneratorA > VHP Waste Heat BoilerA,Fuel Gas Flow,metric_ton/h,,,
UN.ETH.11TI1011A.PV,Steam Network 1 > VHP Steam HeaderA > VHP Steam GeneratorA > VHP Waste Heat BoilerA,Stack Temperature,degC,,,
UN.ETH.11FI1031A.PV,Steam Network 1 > VHP Steam HeaderA > VHP Steam GeneratorA > VHP Waste Heat BoilerA,Steam Generation Flow,metric_ton/h,,,
UN.ETH.11PI1688A.PV,Steam Network 1 > VHP Steam HeaderA > VHP Steam GeneratorA > VHP Waste Heat BoilerA,Steam Outlet Pressure,bar,,,
UN.ETH.11TC1017A.PV,Steam Network 1 > VHP Steam HeaderA > VHP Steam GeneratorA > VHP Waste Heat BoilerA,Steam Outlet Temperature,degC,,,
UN.ETH.11FI1029BA.PV,Steam Network 1 > VHP Steam HeaderA > VHP Steam GeneratorA > VHP Waste Heat BoilerB,Fuel Gas Flow,metric_ton/h,,,
UN.ETH.11TI1011B.PV,Steam Network 1 > VHP Steam HeaderA > VHP Steam GeneratorA > VHP Waste Heat BoilerB,Stack Temperature,degC,,,
UN.ETH.11FI1031B.PV,Steam Network 1 > VHP Steam HeaderA > VHP Steam GeneratorA > VHP Waste Heat BoilerB,Steam Generation Flow,metric_ton/h,,,
UN.ETH.11PI1688B.PV,Steam Network 1 > VHP Steam HeaderA > VHP Steam GeneratorA > VHP Waste Heat BoilerB,Steam Outlet Pressure,bar,,,
UN.ETH.11TC1017B.PV,Steam Network 1 > VHP Steam HeaderA > VHP Steam GeneratorA > VHP Waste Heat BoilerB,Steam Outlet Temperature,degC,,,
UN.ETH.11FI1029CA.PV,Steam Network 1 > VHP Steam HeaderA > VHP Steam GeneratorA > VHP Waste Heat BoilerC,Fuel Gas Flow,metric_ton/h,,,
UN.ETH.11TI1011C.PV,Steam Network 1 > VHP Steam HeaderA > VHP Steam GeneratorA > VHP Waste Heat BoilerC,Stack Temperature,degC,,,
UN.ETH.11FI1031C.PV,Steam Network 1 > VHP Steam HeaderA > VHP Steam GeneratorA > VHP Waste Heat BoilerC,Steam Generation Flow,metric_ton/h,,,
UN.ETH.11PI1688C.PV,Steam Network 1 > VHP Steam HeaderA > VHP Steam GeneratorA > VHP Waste Heat BoilerC,Steam Outlet Pressure,bar,,,
UN.ETH.11TC1017D.PV,Steam Network 1 > VHP Steam HeaderA > VHP Steam GeneratorA > VHP Waste Heat BoilerC,Steam Outlet Temperature,degC,,,
UN.ETH.11FI1029DA.PV,Steam Network 1 > VHP Steam HeaderA > VHP Steam GeneratorA > VHP Waste Heat BoilerD,Fuel Gas Flow,metric_ton/h,,,
UN.ETH.11TI1011D.PV,Steam Network 1 > VHP Steam HeaderA > VHP Steam GeneratorA > VHP Waste Heat BoilerD,Stack Temperature,degC,,,
UN.ETH.11FI1031D.PV,Steam Network 1 > VHP Steam HeaderA > VHP Steam GeneratorA > VHP Waste Heat BoilerD,Steam Generation Flow,metric_ton/h,,,
UN.ETH.11PI1688D.PV,Steam Network 1 > VHP Steam HeaderA > VHP Steam GeneratorA > VHP Waste Heat BoilerD,Steam Outlet Pressure,bar,,,
UN.ETH.11TC1017D.PV,Steam Network 1 > VHP Steam HeaderA > VHP Steam GeneratorA > VHP Waste Heat BoilerD,Steam Outlet Temperature,degC,,,
UN.ETH.11FI1029EA.PV,Steam Network 1 > VHP Steam HeaderA > VHP Steam GeneratorA > VHP Waste Heat BoilerE,Fuel Gas Flow,metric_ton/h,,,
UN.ETH.11TI1011E.PV,Steam Network 1 > VHP Steam HeaderA > VHP Steam GeneratorA > VHP Waste Heat BoilerE,Stack Temperature,degC,,,
UN.ETH.11FI1031E.PV,Steam Network 1 > VHP Steam HeaderA > VHP Steam GeneratorA > VHP Waste Heat BoilerE,Steam Generation Flow,metric_ton/h,,,
UN.ETH.11PI1688E.PV,Steam Network 1 > VHP Steam HeaderA > VHP Steam GeneratorA > VHP Waste Heat BoilerE,Steam Outlet Pressure,bar,,,
UN.ETH.11TC1017E.PV,Steam Network 1 > VHP Steam HeaderA > VHP Steam GeneratorA > VHP Waste Heat BoilerE,Steam Outlet Temperature,degC,,,
UN.ETH.11FI1029FA.PV,Steam Network 1 > VHP Steam HeaderA > VHP Steam GeneratorA > VHP Waste Heat BoilerF,Fuel Gas Flow,metric_ton/h,,,
UN.ETH.11TI1011F.PV,Steam Network 1 > VHP Steam HeaderA > VHP Steam GeneratorA > VHP Waste Heat BoilerF,Stack Temperature,degC,,,
UN.ETH.11FI1031F.PV,Steam Network 1 > VHP Steam HeaderA > VHP Steam GeneratorA > VHP Waste Heat BoilerF,Steam Generation Flow,metric_ton/h,,,
UN.ETH.11PI1688F.PV,Steam Network 1 > VHP Steam HeaderA > VHP Steam GeneratorA > VHP Waste Heat BoilerF,Steam Outlet Pressure,bar,,,
UN.ETH.11TC1017F.PV,Steam Network 1 > VHP Steam HeaderA > VHP Steam GeneratorA > VHP Waste Heat BoilerF,Steam Outlet Temperature,degC,,,
UN.ETH.11FI1029GA.PV,Steam Network 1 > VHP Steam HeaderA > VHP Steam GeneratorA > VHP Waste Heat BoilerG,Fuel Gas Flow,metric_ton/h,,,
UN.ETH.11TI1011G.PV,Steam Network 1 > VHP Steam HeaderA > VHP Steam GeneratorA > VHP Waste Heat BoilerG,Stack Temperature,degC,,,
UN.ETH.11FI1031G.PV,Steam Network 1 > VHP Steam HeaderA > VHP Steam GeneratorA > VHP Waste Heat BoilerG,Steam Generation Flow,metric_ton/h,,,
UN.ETH.11PI1688G.PV,Steam Network 1 > VHP Steam HeaderA > VHP Steam GeneratorA > VHP Waste Heat BoilerG,Steam Outlet Pressure,bar,,,
UN.ETH.11TC1017G.PV,Steam Network 1 > VHP Steam HeaderA > VHP Steam GeneratorA > VHP Waste Heat BoilerG,Steam Outlet Temperature,degC,,,
UN.ETH.11FI1029HA.PV,Steam Network 1 > VHP Steam HeaderA > VHP Steam GeneratorA > VHP Waste Heat BoilerH,Fuel Gas Flow,metric_ton/h,,,
UN.ETH.11TI1011H.PV,Steam Network 1 > VHP Steam HeaderA > VHP Steam GeneratorA > VHP Waste Heat BoilerH,Stack Temperature,degC,,,
UN.ETH.11FI1031H.PV,Steam Network 1 > VHP Steam HeaderA > VHP Steam GeneratorA > VHP Waste Heat BoilerH,Steam Generation Flow,metric_ton/h,,,
UN.ETH.11PI1688H.PV,Steam Network 1 > VHP Steam HeaderA > VHP Steam GeneratorA > VHP Waste Heat BoilerH,Steam Outlet Pressure,bar,,,
UN.ETH.11TC1017H.PV,Steam Network 1 > VHP Steam HeaderA > VHP Steam GeneratorA > VHP Waste Heat BoilerH,Steam Outlet Temperature,degC,,,
UN.ETH.11FI1029IA.PV,Steam Network 1 > VHP Steam HeaderA > VHP Steam GeneratorA > VHP Waste Heat BoilerI,Fuel Gas Flow,metric_ton/h,,,
UN.ETH.11TI1011I.PV,Steam Network 1 > VHP Steam HeaderA > VHP Steam GeneratorA > VHP Waste Heat BoilerI,Stack Temperature,degC,,,
UN.ETH.11FI1031I.PV,Steam Network 1 > VHP Steam HeaderA > VHP Steam GeneratorA > VHP Waste Heat BoilerI,Steam Generation Flow,metric_ton/h,,,
UN.ETH.11PI1688I.PV,Steam Network 1 > VHP Steam HeaderA > VHP Steam GeneratorA > VHP Waste Heat BoilerI,Steam Outlet Pressure,bar,,,
UN.ETH.11TC1017I.PV,Steam Network 1 > VHP Steam HeaderA > VHP Steam GeneratorA > VHP Waste Heat BoilerI,Steam Outlet Temperature,degC,,,
UN.ETH.12PI2130.PV,Steam Network 1 > VHP Steam HeaderA > VHP Steam GeneratorA > VHP Extraction-Condensing Turbine (extraction)A,Extraction Pressure,bar,,,
UN.ETH.12FI2158.PV,Steam Network 1 > VHP Steam HeaderA > VHP Steam GeneratorA > VHP Extraction-Condensing Turbine (extraction)A,Extraction Steam Flow,metric_ton/h,,,
UN.ETH.12TI2103.PV,Steam Network 1 > VHP Steam HeaderA > VHP Steam GeneratorA > VHP Extraction-Condensing Turbine (extraction)A,ExtractionTemperature,degC,,,
UN.ETH.12FI2157.PV,Steam Network 1 > VHP Steam HeaderA > VHP Steam GeneratorA > VHP Extraction-Condensing Turbine (extraction)A,Inlet Steam Flow,metric_ton/h,,,
UN.ETH.12PI2125.PV,Steam Network 1 > VHP Steam HeaderA > VHP Steam GeneratorA > VHP Extraction-Condensing Turbine (extraction)A,Inlet Steam Pressure,bar,,,
UN.ETH.12TI2107.PV,Steam Network 1 > VHP Steam HeaderA > VHP Steam GeneratorA > VHP Extraction-Condensing Turbine (extraction)A,Inlet Steam Temperature,degC,,,
UN.ETH.12SI2800A.PV,Steam Network 1 > VHP Steam HeaderA > VHP Steam GeneratorA > VHP Extraction-Condensing Turbine (extraction)A,Turbine Speed,rpm,,,
UN.ETH.17PC7032.PV,Steam Network 1 > VHP Steam HeaderA > VHP Steam ConsumersA > VHP Steam VentA,Steam Pressure,bar,,,
UN.ETH.12TI2107.PV,Steam Network 1 > VHP Steam HeaderA > VHP Steam ConsumersA > VHP Steam VentA,Steam Temperature,degC,,,
UN.ETH.17PC7032.MV,Steam Network 1 > VHP Steam HeaderA > VHP Steam ConsumersA > VHP Steam VentA,Vent Valve Opening,percent,,,
UN.ETH.17PC7032.PV,Steam Network 1 > VHP Steam HeaderA > VHP Steam LetdownA > VHP to HP-2 PRDSA,Inlet Pressure,bar,,,
UN.ETH.12TI2107.PV,Steam Network 1 > VHP Steam HeaderA > VHP Steam LetdownA > VHP to HP-2 PRDSA,Inlet Temperature,degC,,,
UN.UO.70PI0012A.PV,Steam Network 1 > VHP Steam HeaderA > VHP Steam LetdownA > VHP to HP-2 PRDSA,Outlet Pressure,bar,,,
UN.UO.70TI0007.PV,Steam Network 1 > VHP Steam HeaderA > VHP Steam LetdownA > VHP to HP-2 PRDSA,Outlet Temperature,degC,,,
UN.ETH.17TC7006.PV,Steam Network 1 > VHP Steam HeaderA > VHP Steam LetdownA > VHP to HP-2 PRDSA,Pressure Valve Opening,percent,,,
UN.ETH.17TC7006.MV,Steam Network 1 > VHP Steam HeaderA > VHP Steam LetdownA > VHP to HP-2 PRDSA,Temperature Valve Opening,percent,,,
UN.ETH.17PC7032.PV,Steam Network 1 > VHP Steam HeaderA > VHP Steam LetdownA > VHP to HP-2 PRDSB,Inlet Pressure,bar,,,
UN.ETH.12TI2107.PV,Steam Network 1 > VHP Steam HeaderA > VHP Steam LetdownA > VHP to HP-2 PRDSB,Inlet Temperature,degC,,,
UN.UO.70PI0012A.PV,Steam Network 1 > VHP Steam HeaderA > VHP Steam LetdownA > VHP to HP-2 PRDSB,Outlet Pressure,bar,,,
UN.UO.70TI0007.PV,Steam Network 1 > VHP Steam HeaderA > VHP Steam LetdownA > VHP to HP-2 PRDSB,Outlet Temperature,degC,,,
UN.ETH.17PC7024.MV,Steam Network 1 > VHP Steam HeaderA > VHP Steam LetdownA > VHP to HP-2 PRDSB,Pressure Valve Opening,percent,,,
UN.ETH.17TC7012.MV,Steam Network 1 > VHP Steam HeaderA > VHP Steam LetdownA > VHP to HP-2 PRDSB,Temperature Valve Opening,percent,,,
UN.UO.71PC1103.PV,Steam Network 1 > HP-2 Steam HeaderA > HP-2 Steam GeneratorA > HP-2 Fuel Fired BoilerA,Drum Pressure,bar,,,
UN.UO.71AC1104.PV,Steam Network 1 > HP-2 Steam HeaderA > HP-2 Steam GeneratorA > HP-2 Fuel Fired BoilerA,Flue Gas O2,mol%,,,
AR.AR5.DCS.Process.AI51211.PV,Steam Network 1 > HP-2 Steam HeaderA > HP-2 Steam GeneratorA > HP-2 Fuel Fired BoilerA,Fuel Gas C1,mol%,,,
AR.AR5.DCS.Process.AI51212.PV,Steam Network 1 > HP-2 Steam HeaderA > HP-2 Steam GeneratorA > HP-2 Fuel Fired BoilerA,Fuel Gas C2,mol%,,,
AR.AR5.DCS.Process.AI51213.PV,Steam Network 1 > HP-2 Steam HeaderA > HP-2 Steam GeneratorA > HP-2 Fuel Fired BoilerA,Fuel Gas C3,mol%,,,
AR.AR5.DCS.Process.AI51217.PV,Steam Network 1 > HP-2 Steam HeaderA > HP-2 Steam GeneratorA > HP-2 Fuel Fired BoilerA,Fuel Gas CO2,mol%,,,
UN.UO.71FC1104.PV,Steam Network 1 > HP-2 Steam HeaderA > HP-2 Steam GeneratorA > HP-2 Fuel Fired BoilerA,Fuel Gas Flow,metric_ton/h,,,
AR.AR5.DCS.Process.AI51215.PV,Steam Network 1 > HP-2 Steam HeaderA > HP-2 Steam GeneratorA > HP-2 Fuel Fired BoilerA,Fuel Gas iC4,mol%,,,
AR.AR5.DCS.Process.AI512111.PV,Steam Network 1 > HP-2 Steam HeaderA > HP-2 Steam GeneratorA > HP-2 Fuel Fired BoilerA,Fuel Gas iC5,mol%,,,
AR.AR5.DCS.Process.AI51219.PV,Steam Network 1 > HP-2 Steam HeaderA > HP-2 Steam GeneratorA > HP-2 Fuel Fired BoilerA,Fuel Gas N2,mol%,,,
AR.AR5.DCS.Process.AI51214.PV,Steam Network 1 > HP-2 Steam HeaderA > HP-2 Steam GeneratorA > HP-2 Fuel Fired BoilerA,Fuel Gas nC4,mol%,,,
AR.AR5.DCS.Process.AI512110.PV,Steam Network 1 > HP-2 Steam HeaderA > HP-2 Steam GeneratorA > HP-2 Fuel Fired BoilerA,Fuel Gas nC5,mol%,,,
UN.UO.71TI1107.PV,Steam Network 1 > HP-2 Steam HeaderA > HP-2 Steam GeneratorA > HP-2 Fuel Fired BoilerA,Stack Temperature,degC,,,
UN.UO.71FI1101.PV,Steam Network 1 > HP-2 Steam HeaderA > HP-2 Steam GeneratorA > HP-2 Fuel Fired BoilerA,Steam Generation Flow,metric_ton/h,,,
UN.UO.71PC1113.PV,Steam Network 1 > HP-2 Steam HeaderA > HP-2 Steam GeneratorA > HP-2 Fuel Fired BoilerA,Steam Outlet Pressure,bar,,,
UN.UO.71TC1111.PV,Steam Network 1 > HP-2 Steam HeaderA > HP-2 Steam GeneratorA > HP-2 Fuel Fired BoilerA,Steam Outlet Temperature,degC,,,
UN.UO.71TI1114B.PV,Steam Network 1 > HP-2 Steam HeaderA > HP-2 Steam GeneratorA > HP-2 Fuel Fired BoilerA > HP Boiler Air PreheaterA,Air Inlet Temperature,degC,,,
UN.UO.71TI1016A.PV,Steam Network 1 > HP-2 Steam HeaderA > HP-2 Steam GeneratorA > HP-2 Fuel Fired BoilerA > HP Boiler BFW SystemA > HP Boiler BFW PumpA,Bearing Temperature,,,,
UN.UO.71PI1021A.PV,Steam Network 1 > HP-2 Steam HeaderA > HP-2 Steam GeneratorA > HP-2 Fuel Fired BoilerA > HP Boiler BFW SystemA > HP Boiler BFW PumpA,Discharge Pressure,bar,UN.UO.71PI1021A.PV,,
UN.UO.71II1001.PV,Steam Network 1 > HP-2 Steam HeaderA > HP-2 Steam GeneratorA > HP-2 Fuel Fired BoilerA > HP Boiler BFW SystemA > HP Boiler BFW PumpA,Motor Current,A,,,
UN.UO.71VI1002A.PV,Steam Network 1 > HP-2 Steam HeaderA > HP-2 Steam GeneratorA > HP-2 Fuel Fired BoilerA > HP Boiler BFW SystemA > HP Boiler BFW PumpA,Vibration,,,,
UN.UO.71PI1021A.PV,Steam Network 1 > HP-2 Steam HeaderA > HP-2 Steam GeneratorA > HP-2 Fuel Fired BoilerA > HP Boiler BFW SystemA,BFW Header Pressure,bar,,,
UN.UO.71TI1079.PV,Steam Network 1 > HP-2 Steam HeaderA > HP-2 Steam GeneratorA > HP-2 Fuel Fired BoilerA > HP Boiler BFW SystemA,BFW Header Temperature,degC,,,
UN.UO.71FC1103.PV,Steam Network 1 > HP-2 Steam HeaderA > HP-2 Steam GeneratorA > HP-2 Fuel Fired BoilerA > HP Boiler BFW SystemA,BFW Inlet Flow,metric_ton/h,,,
UN.UO.71AI1005B.PV,Steam Network 1 > HP-2 Steam HeaderA > HP-2 Steam GeneratorA > HP-2 Fuel Fired BoilerA > HP Boiler BFW SystemA,BFW Quality (Conductivity),,,,
UN.UO.71AC1101.PV,Steam Network 1 > HP-2 Steam HeaderA > HP-2 Steam GeneratorA > HP-2 Fuel Fired BoilerA > HP Boiler Blowdown SystemA,Blowdown Conductivity,,,,
UN.UO.71FC1100.PV,Steam Network 1 > HP-2 Steam HeaderA > HP-2 Steam GeneratorA > HP-2 Fuel Fired BoilerA > HP Boiler Blowdown SystemA,Continuous Blowdown Flow,metric_ton/h,,,
UN.UO.71TI1106.PV,Steam Network 1 > HP-2 Steam HeaderA > HP-2 Steam GeneratorA > HP-2 Fuel Fired BoilerA > HP Boiler SuperheaterA > HP Boiler DesuperheaterA,Inlet Steam Temperature,degC,,,
UN.UO.71TC1111.PV,Steam Network 1 > HP-2 Steam HeaderA > HP-2 Steam GeneratorA > HP-2 Fuel Fired BoilerA > HP Boiler SuperheaterA > HP Boiler DesuperheaterA,Outlet Steam Temperature,degC,,,
UN.UO.71FI1102.PV,Steam Network 1 > HP-2 Steam HeaderA > HP-2 Steam GeneratorA > HP-2 Fuel Fired BoilerA > HP Boiler SuperheaterA > HP Boiler DesuperheaterA,Spray Water Flow,,,,
UN.UO.71TI1110.PV,Steam Network 1 > HP-2 Steam HeaderA > HP-2 Steam GeneratorA > HP-2 Fuel Fired BoilerA > HP Boiler EconomizerA,BFW Inlet Temperature,degC,,,
UN.UO.71TI1102.PV,Steam Network 1 > HP-2 Steam HeaderA > HP-2 Steam GeneratorA > HP-2 Fuel Fired BoilerA > HP Boiler EconomizerA,BFW Outlet Temperature,degC,,,
UN.UO.71AC1104.PV,Steam Network 1 > HP-2 Steam HeaderA > HP-2 Steam GeneratorA > HP-2 Fuel Fired BoilerA > HP Boiler StackA,O2 in Flue Gas,,,,
UN.UO.71FI1101.PV,Steam Network 1 > HP-2 Steam HeaderA > HP-2 Steam GeneratorA > HP-2 Fuel Fired BoilerA > HP Boiler SuperheaterA,Attemperator Spray Flow,,,,
UN.UO.71TI1119.PV,Steam Network 1 > HP-2 Steam HeaderA > HP-2 Steam GeneratorA > HP-2 Fuel Fired BoilerA > HP Boiler SuperheaterA,Steam Inlet Temperature,degC,,,
AR.AR5.DCS.Process.AI51211.PV,Steam Network 1 > HP-2 Steam HeaderA > HP-2 Steam GeneratorA > HP-2 Fuel Fired BoilerB,Fuel Gas C1,mol%,,,
AR.AR5.DCS.Process.AI51212.PV,Steam Network 1 > HP-2 Steam HeaderA > HP-2 Steam GeneratorA > HP-2 Fuel Fired BoilerB,Fuel Gas C2,mol%,,,
AR.AR5.DCS.Process.AI51213.PV,Steam Network 1 > HP-2 Steam HeaderA > HP-2 Steam GeneratorA > HP-2 Fuel Fired BoilerB,Fuel Gas C3,mol%,,,
AR.AR5.DCS.Process.AI51217.PV,Steam Network 1 > HP-2 Steam HeaderA > HP-2 Steam GeneratorA > HP-2 Fuel Fired BoilerB,Fuel Gas CO2,mol%,,,
UN.UO.71FC1204.PV,Steam Network 1 > HP-2 Steam HeaderA > HP-2 Steam GeneratorA > HP-2 Fuel Fired BoilerB,Fuel Gas Flow,metric_ton/h,,,
AR.AR5.DCS.Process.AI51215.PV,Steam Network 1 > HP-2 Steam HeaderA > HP-2 Steam GeneratorA > HP-2 Fuel Fired BoilerB,Fuel Gas iC4,mol%,,,
AR.AR5.DCS.Process.AI512111.PV,Steam Network 1 > HP-2 Steam HeaderA > HP-2 Steam GeneratorA > HP-2 Fuel Fired BoilerB,Fuel Gas iC5,mol%,,,
AR.AR5.DCS.Process.AI51219.PV,Steam Network 1 > HP-2 Steam HeaderA > HP-2 Steam GeneratorA > HP-2 Fuel Fired BoilerB,Fuel Gas N2,mol%,,,
AR.AR5.DCS.Process.AI51214.PV,Steam Network 1 > HP-2 Steam HeaderA > HP-2 Steam GeneratorA > HP-2 Fuel Fired BoilerB,Fuel Gas nC4,mol%,,,
AR.AR5.DCS.Process.AI512110.PV,Steam Network 1 > HP-2 Steam HeaderA > HP-2 Steam GeneratorA > HP-2 Fuel Fired BoilerB,Fuel Gas nC5,mol%,,,
UN.UO.71TI1207.PV,Steam Network 1 > HP-2 Steam HeaderA > HP-2 Steam GeneratorA > HP-2 Fuel Fired BoilerB,Stack Temperature,degC,,,
UN.UO.71FI1201.PV,Steam Network 1 > HP-2 Steam HeaderA > HP-2 Steam GeneratorA > HP-2 Fuel Fired BoilerB,Steam Generation Flow,metric_ton/h,,,
UN.UO.71PC1213.PV,Steam Network 1 > HP-2 Steam HeaderA > HP-2 Steam GeneratorA > HP-2 Fuel Fired BoilerB,Steam Outlet Pressure,bar,,,
UN.UO.71TC1211.PV,Steam Network 1 > HP-2 Steam HeaderA > HP-2 Steam GeneratorA > HP-2 Fuel Fired BoilerB,Steam Outlet Temperature,degC,,,
UN.UO.71TI1020A.PV,Steam Network 1 > HP-2 Steam HeaderA > HP-2 Steam GeneratorA > HP-2 Fuel Fired BoilerB > HP Boiler BFW SystemA > HP Boiler BFW PumpA,Bearing Temperature,,,,
UN.UO.71PI1021A.PV,Steam Network 1 > HP-2 Steam HeaderA > HP-2 Steam GeneratorA > HP-2 Fuel Fired BoilerB > HP Boiler BFW SystemA > HP Boiler BFW PumpA,Discharge Pressure,bar,,,
UN.UO.71II1002.PV,Steam Network 1 > HP-2 Steam HeaderA > HP-2 Steam GeneratorA > HP-2 Fuel Fired BoilerB > HP Boiler BFW SystemA > HP Boiler BFW PumpA,Motor Current,A,,,
UN.UO.71VI1006A.PV,Steam Network 1 > HP-2 Steam HeaderA > HP-2 Steam GeneratorA > HP-2 Fuel Fired BoilerB > HP Boiler BFW SystemA > HP Boiler BFW PumpA,Vibration,,,,
UN.UO.71PI1021A.PV,Steam Network 1 > HP-2 Steam HeaderA > HP-2 Steam GeneratorA > HP-2 Fuel Fired BoilerB > HP Boiler BFW SystemA,BFW Header Pressure,bar,,,
UN.UO.71TI1079.PV,Steam Network 1 > HP-2 Steam HeaderA > HP-2 Steam GeneratorA > HP-2 Fuel Fired BoilerB > HP Boiler BFW SystemA,BFW Header Temperature,degC,,,
UN.UO.71FC1103.PV,Steam Network 1 > HP-2 Steam HeaderA > HP-2 Steam GeneratorA > HP-2 Fuel Fired BoilerB > HP Boiler BFW SystemA,BFW Inlet Flow,metric_ton/h,,,
UN.UO.71AI1005B.PV,Steam Network 1 > HP-2 Steam HeaderA > HP-2 Steam GeneratorA > HP-2 Fuel Fired BoilerB > HP Boiler BFW SystemA,BFW Quality (Conductivity),,,,
UN.UO.71AC1201.PV,Steam Network 1 > HP-2 Steam HeaderA > HP-2 Steam GeneratorA > HP-2 Fuel Fired BoilerB > HP Boiler Blowdown SystemA,Blowdown Conductivity,,,,
UN.UO.71FC1200.PV,Steam Network 1 > HP-2 Steam HeaderA > HP-2 Steam GeneratorA > HP-2 Fuel Fired BoilerB > HP Boiler Blowdown SystemA,Continuous Blowdown Flow,metric_ton/h,,,
UN.UO.71TC1211.PV,Steam Network 1 > HP-2 Steam HeaderA > HP-2 Steam GeneratorA > HP-2 Fuel Fired BoilerB > HP Boiler SuperheaterA > HP Boiler DesuperheaterA,Outlet Steam Temperature,degC,,,
UN.UO.71FI1202.PV,Steam Network 1 > HP-2 Steam HeaderA > HP-2 Steam GeneratorA > HP-2 Fuel Fired BoilerB > HP Boiler SuperheaterA > HP Boiler DesuperheaterA,Spray Water Flow,,,,
AR.AR5.DCS.Process.AI51211.PV,Steam Network 1 > HP-2 Steam HeaderA > HP-2 Steam GeneratorA > HP-2 Fuel Fired BoilerC,Fuel Gas C1,mol%,,,
AR.AR5.DCS.Process.AI51212.PV,Steam Network 1 > HP-2 Steam HeaderA > HP-2 Steam GeneratorA > HP-2 Fuel Fired BoilerC,Fuel Gas C2,mol%,,,
AR.AR5.DCS.Process.AI51213.PV,Steam Network 1 > HP-2 Steam HeaderA > HP-2 Steam GeneratorA > HP-2 Fuel Fired BoilerC,Fuel Gas C3,mol%,,,
AR.AR5.DCS.Process.AI51217.PV,Steam Network 1 > HP-2 Steam HeaderA > HP-2 Steam GeneratorA > HP-2 Fuel Fired BoilerC,Fuel Gas CO2,mol%,,,
UN.UO.71FC1304.PV,Steam Network 1 > HP-2 Steam HeaderA > HP-2 Steam GeneratorA > HP-2 Fuel Fired BoilerC,Fuel Gas Flow,metric_ton/h,,,
AR.AR5.DCS.Process.AI51215.PV,Steam Network 1 > HP-2 Steam HeaderA > HP-2 Steam GeneratorA > HP-2 Fuel Fired BoilerC,Fuel Gas iC4,mol%,,,
AR.AR5.DCS.Process.AI512111.PV,Steam Network 1 > HP-2 Steam HeaderA > HP-2 Steam GeneratorA > HP-2 Fuel Fired BoilerC,Fuel Gas iC5,mol%,,,
AR.AR5.DCS.Process.AI51219.PV,Steam Network 1 > HP-2 Steam HeaderA > HP-2 Steam GeneratorA > HP-2 Fuel Fired BoilerC,Fuel Gas N2,mol%,,,
AR.AR5.DCS.Process.AI51214.PV,Steam Network 1 > HP-2 Steam HeaderA > HP-2 Steam GeneratorA > HP-2 Fuel Fired BoilerC,Fuel Gas nC4,mol%,,,
AR.AR5.DCS.Process.AI512110.PV,Steam Network 1 > HP-2 Steam HeaderA > HP-2 Steam GeneratorA > HP-2 Fuel Fired BoilerC,Fuel Gas nC5,mol%,,,
UN.UO.71TI1307.PV,Steam Network 1 > HP-2 Steam HeaderA > HP-2 Steam GeneratorA > HP-2 Fuel Fired BoilerC,Stack Temperature,degC,,,
UN.UO.71FI1301.PV,Steam Network 1 > HP-2 Steam HeaderA > HP-2 Steam GeneratorA > HP-2 Fuel Fired BoilerC,Steam Generation Flow,metric_ton/h,,,
UN.UO.71PC1313.PV,Steam Network 1 > HP-2 Steam HeaderA > HP-2 Steam GeneratorA > HP-2 Fuel Fired BoilerC,Steam Outlet Pressure,bar,,,
UN.UO.71TC1311.PV,Steam Network 1 > HP-2 Steam HeaderA > HP-2 Steam GeneratorA > HP-2 Fuel Fired BoilerC,Steam Outlet Temperature,degC,,,
UN.UO.71VI1872.PV,Steam Network 1 > HP-2 Steam HeaderA > HP-2 Steam GeneratorA > HP-2 Fuel Fired BoilerC > HP Boiler BFW SystemA > HP Boiler BFW PumpA,Vibration,,,,
UN.UO.71PI1021A.PV,Steam Network 1 > HP-2 Steam HeaderA > HP-2 Steam GeneratorA > HP-2 Fuel Fired BoilerC > HP Boiler BFW SystemA,BFW Header Pressure,bar,,,
UN.UO.71TI1079.PV,Steam Network 1 > HP-2 Steam HeaderA > HP-2 Steam GeneratorA > HP-2 Fuel Fired BoilerC > HP Boiler BFW SystemA,BFW Header Temperature,degC,,,
UN.UO.71FC1103.PV,Steam Network 1 > HP-2 Steam HeaderA > HP-2 Steam GeneratorA > HP-2 Fuel Fired BoilerC > HP Boiler BFW SystemA,BFW Inlet Flow,metric_ton/h,,,
UN.UO.71AI1005B.PV,Steam Network 1 > HP-2 Steam HeaderA > HP-2 Steam GeneratorA > HP-2 Fuel Fired BoilerC > HP Boiler BFW SystemA,BFW Quality (Conductivity),,,,
UN.UO.71AC1301.PV,Steam Network 1 > HP-2 Steam HeaderA > HP-2 Steam GeneratorA > HP-2 Fuel Fired BoilerC > HP Boiler Blowdown SystemA,Blowdown Conductivity,,,,
UN.UO.71FC1300.PV,Steam Network 1 > HP-2 Steam HeaderA > HP-2 Steam GeneratorA > HP-2 Fuel Fired BoilerC > HP Boiler Blowdown SystemA,Continuous Blowdown Flow,metric_ton/h,,,
UN.UO.71TC1311.PV,Steam Network 1 > HP-2 Steam HeaderA > HP-2 Steam GeneratorA > HP-2 Fuel Fired BoilerC > HP Boiler SuperheaterA > HP Boiler DesuperheaterA,Outlet Steam Temperature,degC,,,
UN.UO.71FI1302.PV,Steam Network 1 > HP-2 Steam HeaderA > HP-2 Steam GeneratorA > HP-2 Fuel Fired BoilerC > HP Boiler SuperheaterA > HP Boiler DesuperheaterA,Spray Water Flow,,,,
AR.AR5.DCS.Process.AI51211.PV,Steam Network 1 > HP-2 Steam HeaderA > HP-2 Steam GeneratorA > HP-2 Fuel Fired BoilerD,Fuel Gas C1,mol%,,,
AR.AR5.DCS.Process.AI51212.PV,Steam Network 1 > HP-2 Steam HeaderA > HP-2 Steam GeneratorA > HP-2 Fuel Fired BoilerD,Fuel Gas C2,mol%,,,
AR.AR5.DCS.Process.AI51213.PV,Steam Network 1 > HP-2 Steam HeaderA > HP-2 Steam GeneratorA > HP-2 Fuel Fired BoilerD,Fuel Gas C3,mol%,,,
AR.AR5.DCS.Process.AI51217.PV,Steam Network 1 > HP-2 Steam HeaderA > HP-2 Steam GeneratorA > HP-2 Fuel Fired BoilerD,Fuel Gas CO2,mol%,,,
UN.UO.71FC1404.PV,Steam Network 1 > HP-2 Steam HeaderA > HP-2 Steam GeneratorA > HP-2 Fuel Fired BoilerD,Fuel Gas Flow,metric_ton/h,,,
AR.AR5.DCS.Process.AI51215.PV,Steam Network 1 > HP-2 Steam HeaderA > HP-2 Steam GeneratorA > HP-2 Fuel Fired BoilerD,Fuel Gas iC4,mol%,,,
AR.AR5.DCS.Process.AI512111.PV,Steam Network 1 > HP-2 Steam HeaderA > HP-2 Steam GeneratorA > HP-2 Fuel Fired BoilerD,Fuel Gas iC5,mol%,,,
AR.AR5.DCS.Process.AI51219.PV,Steam Network 1 > HP-2 Steam HeaderA > HP-2 Steam GeneratorA > HP-2 Fuel Fired BoilerD,Fuel Gas N2,mol%,,,
AR.AR5.DCS.Process.AI51214.PV,Steam Network 1 > HP-2 Steam HeaderA > HP-2 Steam GeneratorA > HP-2 Fuel Fired BoilerD,Fuel Gas nC4,mol%,,,
AR.AR5.DCS.Process.AI512110.PV,Steam Network 1 > HP-2 Steam HeaderA > HP-2 Steam GeneratorA > HP-2 Fuel Fired BoilerD,Fuel Gas nC5,mol%,,,
UN.UO.71TI1407.PV,Steam Network 1 > HP-2 Steam HeaderA > HP-2 Steam GeneratorA > HP-2 Fuel Fired BoilerD,Stack Temperature,degC,,,
UN.UO.71FI1401.PV,Steam Network 1 > HP-2 Steam HeaderA > HP-2 Steam GeneratorA > HP-2 Fuel Fired BoilerD,Steam Generation Flow,metric_ton/h,,,
UN.UO.71PC1413.PV,Steam Network 1 > HP-2 Steam HeaderA > HP-2 Steam GeneratorA > HP-2 Fuel Fired BoilerD,Steam Outlet Pressure,bar,,,
UN.UO.71TC1411.PV,Steam Network 1 > HP-2 Steam HeaderA > HP-2 Steam GeneratorA > HP-2 Fuel Fired BoilerD,Steam Outlet Temperature,degC,,,
UN.UO.71PI1021A.PV,Steam Network 1 > HP-2 Steam HeaderA > HP-2 Steam GeneratorA > HP-2 Fuel Fired BoilerD > HP Boiler BFW SystemA,BFW Header Pressure,bar,,,
UN.UO.71TI1079.PV,Steam Network 1 > HP-2 Steam HeaderA > HP-2 Steam GeneratorA > HP-2 Fuel Fired BoilerD > HP Boiler BFW SystemA,BFW Header Temperature,degC,,,
UN.UO.71FC1103.PV,Steam Network 1 > HP-2 Steam HeaderA > HP-2 Steam GeneratorA > HP-2 Fuel Fired BoilerD > HP Boiler BFW SystemA,BFW Inlet Flow,metric_ton/h,,,
UN.UO.71AI1005B.PV,Steam Network 1 > HP-2 Steam HeaderA > HP-2 Steam GeneratorA > HP-2 Fuel Fired BoilerD > HP Boiler BFW SystemA,BFW Quality (Conductivity),,,,
UN.UO.71AC1401.PV,Steam Network 1 > HP-2 Steam HeaderA > HP-2 Steam GeneratorA > HP-2 Fuel Fired BoilerD > HP Boiler Blowdown SystemA,Blowdown Conductivity,,,,
UN.UO.71FC1400.PV,Steam Network 1 > HP-2 Steam HeaderA > HP-2 Steam GeneratorA > HP-2 Fuel Fired BoilerD > HP Boiler Blowdown SystemA,Continuous Blowdown Flow,metric_ton/h,,,
UN.UO.71TC1411.PV,Steam Network 1 > HP-2 Steam HeaderA > HP-2 Steam GeneratorA > HP-2 Fuel Fired BoilerD > HP Boiler SuperheaterA > HP Boiler DesuperheaterA,Outlet Steam Temperature,degC,,,
UN.UO.71FI1402.PV,Steam Network 1 > HP-2 Steam HeaderA > HP-2 Steam GeneratorA > HP-2 Fuel Fired BoilerD > HP Boiler SuperheaterA > HP Boiler DesuperheaterA,Spray Water Flow,,,,
AR.AR5.DCS.Process.AI51211.PV,Steam Network 1 > HP-2 Steam HeaderA > HP-2 Steam GeneratorA > HP-2 Fuel Fired BoilerE,Fuel Gas C1,mol%,,,
AR.AR5.DCS.Process.AI51212.PV,Steam Network 1 > HP-2 Steam HeaderA > HP-2 Steam GeneratorA > HP-2 Fuel Fired BoilerE,Fuel Gas C2,mol%,,,
AR.AR5.DCS.Process.AI51213.PV,Steam Network 1 > HP-2 Steam HeaderA > HP-2 Steam GeneratorA > HP-2 Fuel Fired BoilerE,Fuel Gas C3,mol%,,,
AR.AR5.DCS.Process.AI51217.PV,Steam Network 1 > HP-2 Steam HeaderA > HP-2 Steam GeneratorA > HP-2 Fuel Fired BoilerE,Fuel Gas CO2,mol%,,,
UN.UO.71FC1504.PV,Steam Network 1 > HP-2 Steam HeaderA > HP-2 Steam GeneratorA > HP-2 Fuel Fired BoilerE,Fuel Gas Flow,metric_ton/h,,,
AR.AR5.DCS.Process.AI51215.PV,Steam Network 1 > HP-2 Steam HeaderA > HP-2 Steam GeneratorA > HP-2 Fuel Fired BoilerE,Fuel Gas iC4,mol%,,,
AR.AR5.DCS.Process.AI512111.PV,Steam Network 1 > HP-2 Steam HeaderA > HP-2 Steam GeneratorA > HP-2 Fuel Fired BoilerE,Fuel Gas iC5,mol%,,,
AR.AR5.DCS.Process.AI51219.PV,Steam Network 1 > HP-2 Steam HeaderA > HP-2 Steam GeneratorA > HP-2 Fuel Fired BoilerE,Fuel Gas N2,mol%,,,
AR.AR5.DCS.Process.AI51214.PV,Steam Network 1 > HP-2 Steam HeaderA > HP-2 Steam GeneratorA > HP-2 Fuel Fired BoilerE,Fuel Gas nC4,mol%,,,
AR.AR5.DCS.Process.AI512110.PV,Steam Network 1 > HP-2 Steam HeaderA > HP-2 Steam GeneratorA > HP-2 Fuel Fired BoilerE,Fuel Gas nC5,mol%,,,
UN.UO.71TI1507.PV,Steam Network 1 > HP-2 Steam HeaderA > HP-2 Steam GeneratorA > HP-2 Fuel Fired BoilerE,Stack Temperature,degC,,,
UN.UO.71FI1501A.PV,Steam Network 1 > HP-2 Steam HeaderA > HP-2 Steam GeneratorA > HP-2 Fuel Fired BoilerE,Steam Generation Flow,metric_ton/h,,,
UN.UO.71PC1513.PV,Steam Network 1 > HP-2 Steam HeaderA > HP-2 Steam GeneratorA > HP-2 Fuel Fired BoilerE,Steam Outlet Pressure,bar,,,
UN.UO.71TC1511.PV,Steam Network 1 > HP-2 Steam HeaderA > HP-2 Steam GeneratorA > HP-2 Fuel Fired BoilerE,Steam Outlet Temperature,degC,,,
UN.UO.71PI1021A.PV,Steam Network 1 > HP-2 Steam HeaderA > HP-2 Steam GeneratorA > HP-2 Fuel Fired BoilerE > HP Boiler BFW SystemA,BFW Header Pressure,bar,,,
UN.UO.71TI1079.PV,Steam Network 1 > HP-2 Steam HeaderA > HP-2 Steam GeneratorA > HP-2 Fuel Fired BoilerE > HP Boiler BFW SystemA,BFW Header Temperature,degC,,,
UN.UO.71FC1103.PV,Steam Network 1 > HP-2 Steam HeaderA > HP-2 Steam GeneratorA > HP-2 Fuel Fired BoilerE > HP Boiler BFW SystemA,BFW Inlet Flow,metric_ton/h,,,
UN.UO.71AI1005B.PV,Steam Network 1 > HP-2 Steam HeaderA > HP-2 Steam GeneratorA > HP-2 Fuel Fired BoilerE > HP Boiler BFW SystemA,BFW Quality (Conductivity),,,,
UN.UO.71AC1501A.PV,Steam Network 1 > HP-2 Steam HeaderA > HP-2 Steam GeneratorA > HP-2 Fuel Fired BoilerE > HP Boiler Blowdown SystemA,Blowdown Conductivity,,,,
UN.UO.71FC1500.PV,Steam Network 1 > HP-2 Steam HeaderA > HP-2 Steam GeneratorA > HP-2 Fuel Fired BoilerE > HP Boiler Blowdown SystemA,Continuous Blowdown Flow,metric_ton/h,,,
UN.UO.71TC1511.PV,Steam Network 1 > HP-2 Steam HeaderA > HP-2 Steam GeneratorA > HP-2 Fuel Fired BoilerE > HP Boiler SuperheaterA > HP Boiler DesuperheaterA,Outlet Steam Temperature,degC,,,
UN.UO.71FI1502.PV,Steam Network 1 > HP-2 Steam HeaderA > HP-2 Steam GeneratorA > HP-2 Fuel Fired BoilerE > HP Boiler SuperheaterA > HP Boiler DesuperheaterA,Spray Water Flow,,,,
UN.UO.71FI1812.PV,Steam Network 1 > HP-2 Steam HeaderA > HP-2 Steam ConsumersA > HP-2 Backpressure Steam TurbineA,Inlet Steam Flow,t/hr,,,
UN.UO.70PI0012A.PV,Steam Network 1 > HP-2 Steam HeaderA > HP-2 Steam ConsumersA > HP-2 Backpressure Steam TurbineA,Inlet Steam Pressure,bar,,,
UN.UO.70TI0007.PV,Steam Network 1 > HP-2 Steam HeaderA > HP-2 Steam ConsumersA > HP-2 Backpressure Steam TurbineA,Inlet Steam Temperature,degC,,,
UN.UO.71FI1812.PV,Steam Network 1 > HP-2 Steam HeaderA > HP-2 Steam ConsumersA > HP-2 Backpressure Steam TurbineA,Outlet Steam Flow,t/hr,,,
UN.UO.70PI0024A.PV,Steam Network 1 > HP-2 Steam HeaderA > HP-2 Steam ConsumersA > HP-2 Backpressure Steam TurbineA,Outlet Steam Pressure,bar,,,
UN.UO.70TI0006.PV,Steam Network 1 > HP-2 Steam HeaderA > HP-2 Steam ConsumersA > HP-2 Backpressure Steam TurbineA,Outlet Steam Temperature,degC,,,
UN.UO.71FI1813.PV,Steam Network 1 > HP-2 Steam HeaderA > HP-2 Steam ConsumersA > HP-2 Backpressure Steam TurbineB,Inlet Steam Flow,t/hr,,,
UN.UO.70PI0012A.PV,Steam Network 1 > HP-2 Steam HeaderA > HP-2 Steam ConsumersA > HP-2 Backpressure Steam TurbineB,Inlet Steam Pressure,bar,,,
UN.UO.70TI0007.PV,Steam Network 1 > HP-2 Steam HeaderA > HP-2 Steam ConsumersA > HP-2 Backpressure Steam TurbineB,Inlet Steam Temperature,degC,,,
UN.UO.71FI1813.PV,Steam Network 1 > HP-2 Steam HeaderA > HP-2 Steam ConsumersA > HP-2 Backpressure Steam TurbineB,Outlet Steam Flow,t/hr,,,
UN.UO.70PI0024A.PV,Steam Network 1 > HP-2 Steam HeaderA > HP-2 Steam ConsumersA > HP-2 Backpressure Steam TurbineB,Outlet Steam Pressure,bar,,,
UN.UO.70TI0006.PV,Steam Network 1 > HP-2 Steam HeaderA > HP-2 Steam ConsumersA > HP-2 Backpressure Steam TurbineB,Outlet Steam Temperature,degC,,,
UN.UO.71FI1604.PV,Steam Network 1 > HP-2 Steam HeaderA > HP-2 Steam ConsumersA > HP-2 Backpressure Steam TurbineC,Inlet Steam Flow,t/hr,,,
UN.UO.70PI0012A.PV,Steam Network 1 > HP-2 Steam HeaderA > HP-2 Steam ConsumersA > HP-2 Backpressure Steam TurbineC,Inlet Steam Pressure,bar,,,
UN.UO.70TI0007.PV,Steam Network 1 > HP-2 Steam HeaderA > HP-2 Steam ConsumersA > HP-2 Backpressure Steam TurbineC,Inlet Steam Temperature,degC,,,
UN.UO.71FI1604.PV,Steam Network 1 > HP-2 Steam HeaderA > HP-2 Steam ConsumersA > HP-2 Backpressure Steam TurbineC,Outlet Steam Flow,t/hr,,,
UN.UO.70PI0024A.PV,Steam Network 1 > HP-2 Steam HeaderA > HP-2 Steam ConsumersA > HP-2 Backpressure Steam TurbineC,Outlet Steam Pressure,bar,,,
UN.UO.70TI0006.PV,Steam Network 1 > HP-2 Steam HeaderA > HP-2 Steam ConsumersA > HP-2 Backpressure Steam TurbineC,Outlet Steam Temperature,degC,,,
UN.UO.71FI1814.PV,Steam Network 1 > HP-2 Steam HeaderA > HP-2 Steam ConsumersA > HP-2 Backpressure Steam TurbineD,Inlet Steam Flow,t/hr,,,
UN.UO.70PI0012A.PV,Steam Network 1 > HP-2 Steam HeaderA > HP-2 Steam ConsumersA > HP-2 Backpressure Steam TurbineD,Inlet Steam Pressure,bar,,,
UN.UO.70TI0007.PV,Steam Network 1 > HP-2 Steam HeaderA > HP-2 Steam ConsumersA > HP-2 Backpressure Steam TurbineD,Inlet Steam Temperature,degC,,,
UN.UO.71FI1814.PV,Steam Network 1 > HP-2 Steam HeaderA > HP-2 Steam ConsumersA > HP-2 Backpressure Steam TurbineD,Outlet Steam Flow,t/hr,,,
UN.UO.70PI0024A.PV,Steam Network 1 > HP-2 Steam HeaderA > HP-2 Steam ConsumersA > HP-2 Backpressure Steam TurbineD,Outlet Steam Pressure,bar,,,
UN.UO.70TI0006.PV,Steam Network 1 > HP-2 Steam HeaderA > HP-2 Steam ConsumersA > HP-2 Backpressure Steam TurbineD,Outlet Steam Temperature,degC,,,
UN.UO.71FI1815.PV,Steam Network 1 > HP-2 Steam HeaderA > HP-2 Steam ConsumersA > HP-2 Backpressure Steam TurbineE,Inlet Steam Flow,t/hr,,,
UN.UO.70PI0012A.PV,Steam Network 1 > HP-2 Steam HeaderA > HP-2 Steam ConsumersA > HP-2 Backpressure Steam TurbineE,Inlet Steam Pressure,bar,,,
UN.UO.70TI0007.PV,Steam Network 1 > HP-2 Steam HeaderA > HP-2 Steam ConsumersA > HP-2 Backpressure Steam TurbineE,Inlet Steam Temperature,degC,,,
UN.UO.71FI1815.PV,Steam Network 1 > HP-2 Steam HeaderA > HP-2 Steam ConsumersA > HP-2 Backpressure Steam TurbineE,Outlet Steam Flow,t/hr,,,
UN.UO.70PI0024A.PV,Steam Network 1 > HP-2 Steam HeaderA > HP-2 Steam ConsumersA > HP-2 Backpressure Steam TurbineE,Outlet Steam Pressure,bar,,,
UN.UO.70TI0006.PV,Steam Network 1 > HP-2 Steam HeaderA > HP-2 Steam ConsumersA > HP-2 Backpressure Steam TurbineE,Outlet Steam Temperature,degC,,,
UN.UO.72FI2007.PV,Steam Network 1 > HP-2 Steam HeaderA > HP-2 Steam ConsumersA > HP-2 Backpressure Steam TurbineF,Inlet Steam Flow,t/hr,,,
UN.UO.70PI0012A.PV,Steam Network 1 > HP-2 Steam HeaderA > HP-2 Steam ConsumersA > HP-2 Backpressure Steam TurbineF,Inlet Steam Pressure,bar,,,
UN.UO.70TI0007.PV,Steam Network 1 > HP-2 Steam HeaderA > HP-2 Steam ConsumersA > HP-2 Backpressure Steam TurbineF,Inlet Steam Temperature,degC,,,
UN.UO.72FI2007.PV,Steam Network 1 > HP-2 Steam HeaderA > HP-2 Steam ConsumersA > HP-2 Backpressure Steam TurbineF,Outlet Steam Flow,t/hr,,,
UN.UO.70PI0024A.PV,Steam Network 1 > HP-2 Steam HeaderA > HP-2 Steam ConsumersA > HP-2 Backpressure Steam TurbineF,Outlet Steam Pressure,bar,,,
UN.UO.70TI0006.PV,Steam Network 1 > HP-2 Steam HeaderA > HP-2 Steam ConsumersA > HP-2 Backpressure Steam TurbineF,Outlet Steam Temperature,degC,,,
UN.UO.72FI2008.PV,Steam Network 1 > HP-2 Steam HeaderA > HP-2 Steam ConsumersA > HP-2 Backpressure Steam TurbineG,Inlet Steam Flow,t/hr,,,
UN.UO.70PI0012A.PV,Steam Network 1 > HP-2 Steam HeaderA > HP-2 Steam ConsumersA > HP-2 Backpressure Steam TurbineG,Inlet Steam Pressure,bar,,,
UN.UO.70TI0007.PV,Steam Network 1 > HP-2 Steam HeaderA > HP-2 Steam ConsumersA > HP-2 Backpressure Steam TurbineG,Inlet Steam Temperature,degC,,,
UN.UO.72FI2008.PV,Steam Network 1 > HP-2 Steam HeaderA > HP-2 Steam ConsumersA > HP-2 Backpressure Steam TurbineG,Outlet Steam Flow,t/hr,,,
UN.UO.70PI0024A.PV,Steam Network 1 > HP-2 Steam HeaderA > HP-2 Steam ConsumersA > HP-2 Backpressure Steam TurbineG,Outlet Steam Pressure,bar,,,
UN.UO.70TI0006.PV,Steam Network 1 > HP-2 Steam HeaderA > HP-2 Steam ConsumersA > HP-2 Backpressure Steam TurbineG,Outlet Steam Temperature,degC,,,
UN.UO.71FI1108.PV,Steam Network 1 > HP-2 Steam HeaderA > HP-2 Steam ConsumersA > HP-2 Backpressure Steam TurbineH,Inlet Steam Flow,t/hr,,,
UN.UO.70PI0012A.PV,Steam Network 1 > HP-2 Steam HeaderA > HP-2 Steam ConsumersA > HP-2 Backpressure Steam TurbineH,Inlet Steam Pressure,bar,,,
UN.UO.70TI0007.PV,Steam Network 1 > HP-2 Steam HeaderA > HP-2 Steam ConsumersA > HP-2 Backpressure Steam TurbineH,Inlet Steam Temperature,degC,,,
UN.UO.71FI1108.PV,Steam Network 1 > HP-2 Steam HeaderA > HP-2 Steam ConsumersA > HP-2 Backpressure Steam TurbineH,Outlet Steam Flow,t/hr,,,
UN.UO.70PI0024A.PV,Steam Network 1 > HP-2 Steam HeaderA > HP-2 Steam ConsumersA > HP-2 Backpressure Steam TurbineH,Outlet Steam Pressure,bar,,,
UN.UO.70TI0006.PV,Steam Network 1 > HP-2 Steam HeaderA > HP-2 Steam ConsumersA > HP-2 Backpressure Steam TurbineH,Outlet Steam Temperature,degC,,,
UN.UO.71FI1208.PV,Steam Network 1 > HP-2 Steam HeaderA > HP-2 Steam ConsumersA > HP-2 Backpressure Steam TurbineI,Inlet Steam Flow,t/hr,,,
UN.UO.70PI0012A.PV,Steam Network 1 > HP-2 Steam HeaderA > HP-2 Steam ConsumersA > HP-2 Backpressure Steam TurbineI,Inlet Steam Pressure,bar,,,
UN.UO.70TI0007.PV,Steam Network 1 > HP-2 Steam HeaderA > HP-2 Steam ConsumersA > HP-2 Backpressure Steam TurbineI,Inlet Steam Temperature,degC,,,
UN.UO.71FI1208.PV,Steam Network 1 > HP-2 Steam HeaderA > HP-2 Steam ConsumersA > HP-2 Backpressure Steam TurbineI,Outlet Steam Flow,t/hr,,,
UN.UO.70PI0024A.PV,Steam Network 1 > HP-2 Steam HeaderA > HP-2 Steam ConsumersA > HP-2 Backpressure Steam TurbineI,Outlet Steam Pressure,bar,,,
UN.UO.70TI0006.PV,Steam Network 1 > HP-2 Steam HeaderA > HP-2 Steam ConsumersA > HP-2 Backpressure Steam TurbineI,Outlet Steam Temperature,degC,,,
UN.UO.71FI1308.PV,Steam Network 1 > HP-2 Steam HeaderA > HP-2 Steam ConsumersA > HP-2 Backpressure Steam TurbineJ,Inlet Steam Flow,t/hr,,,
UN.UO.70PI0012A.PV,Steam Network 1 > HP-2 Steam HeaderA > HP-2 Steam ConsumersA > HP-2 Backpressure Steam TurbineJ,Inlet Steam Pressure,bar,,,
UN.UO.70TI0007.PV,Steam Network 1 > HP-2 Steam HeaderA > HP-2 Steam ConsumersA > HP-2 Backpressure Steam TurbineJ,Inlet Steam Temperature,degC,,,
UN.UO.71FI1308.PV,Steam Network 1 > HP-2 Steam HeaderA > HP-2 Steam ConsumersA > HP-2 Backpressure Steam TurbineJ,Outlet Steam Flow,t/hr,,,
UN.UO.70PI0024A.PV,Steam Network 1 > HP-2 Steam HeaderA > HP-2 Steam ConsumersA > HP-2 Backpressure Steam TurbineJ,Outlet Steam Pressure,bar,,,
UN.UO.70TI0006.PV,Steam Network 1 > HP-2 Steam HeaderA > HP-2 Steam ConsumersA > HP-2 Backpressure Steam TurbineJ,Outlet Steam Temperature,degC,,,
UN.UO.71FI1408.PV,Steam Network 1 > HP-2 Steam HeaderA > HP-2 Steam ConsumersA > HP-2 Backpressure Steam TurbineK,Inlet Steam Flow,t/hr,,,
UN.UO.70PI0012A.PV,Steam Network 1 > HP-2 Steam HeaderA > HP-2 Steam ConsumersA > HP-2 Backpressure Steam TurbineK,Inlet Steam Pressure,bar,,,
UN.UO.70TI0007.PV,Steam Network 1 > HP-2 Steam HeaderA > HP-2 Steam ConsumersA > HP-2 Backpressure Steam TurbineK,Inlet Steam Temperature,degC,,,
UN.UO.71FI1408.PV,Steam Network 1 > HP-2 Steam HeaderA > HP-2 Steam ConsumersA > HP-2 Backpressure Steam TurbineK,Outlet Steam Flow,t/hr,,,
UN.UO.70PI0024A.PV,Steam Network 1 > HP-2 Steam HeaderA > HP-2 Steam ConsumersA > HP-2 Backpressure Steam TurbineK,Outlet Steam Pressure,bar,,,
UN.UO.70TI0006.PV,Steam Network 1 > HP-2 Steam HeaderA > HP-2 Steam ConsumersA > HP-2 Backpressure Steam TurbineK,Outlet Steam Temperature,degC,,,
UN.UO.71FI1508.PV,Steam Network 1 > HP-2 Steam HeaderA > HP-2 Steam ConsumersA > HP-2 Backpressure Steam TurbineL,Inlet Steam Flow,t/hr,,,
UN.UO.70PI0012A.PV,Steam Network 1 > HP-2 Steam HeaderA > HP-2 Steam ConsumersA > HP-2 Backpressure Steam TurbineL,Inlet Steam Pressure,bar,,,
UN.UO.70TI0007.PV,Steam Network 1 > HP-2 Steam HeaderA > HP-2 Steam ConsumersA > HP-2 Backpressure Steam TurbineL,Inlet Steam Temperature,degC,,,
UN.UO.71FI1508.PV,Steam Network 1 > HP-2 Steam HeaderA > HP-2 Steam ConsumersA > HP-2 Backpressure Steam TurbineL,Outlet Steam Flow,t/hr,,,
UN.UO.70PI0024A.PV,Steam Network 1 > HP-2 Steam HeaderA > HP-2 Steam ConsumersA > HP-2 Backpressure Steam TurbineL,Outlet Steam Pressure,bar,,,
UN.UO.70TI0006.PV,Steam Network 1 > HP-2 Steam HeaderA > HP-2 Steam ConsumersA > HP-2 Backpressure Steam TurbineL,Outlet Steam Temperature,degC,,,
UN.UO.78FI8085.PV,Steam Network 1 > HP-2 Steam HeaderA > HP-2 Steam ConsumersA > HP-2 Backpressure Steam TurbineM,Inlet Steam Flow,t/hr,,,
UN.UO.70PI0012A.PV,Steam Network 1 > HP-2 Steam HeaderA > HP-2 Steam ConsumersA > HP-2 Backpressure Steam TurbineM,Inlet Steam Pressure,bar,,,
UN.UO.70TI0007.PV,Steam Network 1 > HP-2 Steam HeaderA > HP-2 Steam ConsumersA > HP-2 Backpressure Steam TurbineM,Inlet Steam Temperature,degC,,,
UN.UO.78FI8085.PV,Steam Network 1 > HP-2 Steam HeaderA > HP-2 Steam ConsumersA > HP-2 Backpressure Steam TurbineM,Outlet Steam Flow,t/hr,,,
UN.UO.70PI0024A.PV,Steam Network 1 > HP-2 Steam HeaderA > HP-2 Steam ConsumersA > HP-2 Backpressure Steam TurbineM,Outlet Steam Pressure,bar,,,
UN.UO.70TI0006.PV,Steam Network 1 > HP-2 Steam HeaderA > HP-2 Steam ConsumersA > HP-2 Backpressure Steam TurbineM,Outlet Steam Temperature,degC,,,
UN.UO.78FI8086.PV,Steam Network 1 > HP-2 Steam HeaderA > HP-2 Steam ConsumersA > HP-2 Backpressure Steam TurbineN,Inlet Steam Flow,t/hr,,,
UN.UO.70PI0012A.PV,Steam Network 1 > HP-2 Steam HeaderA > HP-2 Steam ConsumersA > HP-2 Backpressure Steam TurbineN,Inlet Steam Pressure,bar,,,
UN.UO.70TI0007.PV,Steam Network 1 > HP-2 Steam HeaderA > HP-2 Steam ConsumersA > HP-2 Backpressure Steam TurbineN,Inlet Steam Temperature,degC,,,
UN.UO.78FI8086.PV,Steam Network 1 > HP-2 Steam HeaderA > HP-2 Steam ConsumersA > HP-2 Backpressure Steam TurbineN,Outlet Steam Flow,t/hr,,,
UN.UO.70PI0024A.PV,Steam Network 1 > HP-2 Steam HeaderA > HP-2 Steam ConsumersA > HP-2 Backpressure Steam TurbineN,Outlet Steam Pressure,bar,,,
UN.UO.70TI0006.PV,Steam Network 1 > HP-2 Steam HeaderA > HP-2 Steam ConsumersA > HP-2 Backpressure Steam TurbineN,Outlet Steam Temperature,degC,,,
UN.UO.78FI8623.PV,Steam Network 1 > HP-2 Steam HeaderA > HP-2 Steam ConsumersA > HP-2 Backpressure Steam TurbineO,Inlet Steam Flow,t/hr,,,
UN.UO.70PI0012A.PV,Steam Network 1 > HP-2 Steam HeaderA > HP-2 Steam ConsumersA > HP-2 Backpressure Steam TurbineO,Inlet Steam Pressure,bar,,,
UN.UO.70TI0007.PV,Steam Network 1 > HP-2 Steam HeaderA > HP-2 Steam ConsumersA > HP-2 Backpressure Steam TurbineO,Inlet Steam Temperature,degC,,,
UN.UO.78FI8623.PV,Steam Network 1 > HP-2 Steam HeaderA > HP-2 Steam ConsumersA > HP-2 Backpressure Steam TurbineO,Outlet Steam Flow,t/hr,,,
UN.UO.70PI0024A.PV,Steam Network 1 > HP-2 Steam HeaderA > HP-2 Steam ConsumersA > HP-2 Backpressure Steam TurbineO,Outlet Steam Pressure,bar,,,
UN.UO.70TI0006.PV,Steam Network 1 > HP-2 Steam HeaderA > HP-2 Steam ConsumersA > HP-2 Backpressure Steam TurbineO,Outlet Steam Temperature,degC,,,
UN.EG1.29FI9201.PV,Steam Network 1 > HP-2 Steam HeaderA > HP-2 Steam ConsumersA > HP-2 Steam ExportA,Export Steam Flow,metric_ton/h,,,
UN.UO.70PI0012A.PV,Steam Network 1 > HP-2 Steam HeaderA > HP-2 Steam ConsumersA > HP-2 Steam ExportA,Export Steam Pressure,bar,,,
UN.UO.70TI0007.PV,Steam Network 1 > HP-2 Steam HeaderA > HP-2 Steam ConsumersA > HP-2 Steam ExportA,Export Steam Temperature,degC,,,
UN.EG2.49FI9201.PV,Steam Network 1 > HP-2 Steam HeaderA > HP-2 Steam ConsumersA > HP-2 Steam ExportB,Export Steam Flow,metric_ton/h,,,
UN.UO.70PI0012A.PV,Steam Network 1 > HP-2 Steam HeaderA > HP-2 Steam ConsumersA > HP-2 Steam ExportB,Export Steam Pressure,bar,,,
UN.UO.70TI0007.PV,Steam Network 1 > HP-2 Steam HeaderA > HP-2 Steam ConsumersA > HP-2 Steam ExportB,Export Steam Temperature,degC,,,
UN.EG3.69FI9201.PV,Steam Network 1 > HP-2 Steam HeaderA > HP-2 Steam ConsumersA > HP-2 Steam ExportC,Export Steam Flow,metric_ton/h,,,
UN.UO.70PI0012A.PV,Steam Network 1 > HP-2 Steam HeaderA > HP-2 Steam ConsumersA > HP-2 Steam ExportC,Export Steam Pressure,bar,,,
UN.UO.70TI0007.PV,Steam Network 1 > HP-2 Steam HeaderA > HP-2 Steam ConsumersA > HP-2 Steam ExportC,Export Steam Temperature,degC,,,
UN.ETH.17FC7064.PV,Steam Network 1 > HP-2 Steam HeaderA > HP-2 Steam ConsumersA > HP-2 Steam ExportD,Export Steam Flow,metric_ton/h,,,
UN.UO.70PI0012A.PV,Steam Network 1 > HP-2 Steam HeaderA > HP-2 Steam ConsumersA > HP-2 Steam ExportD,Export Steam Pressure,bar,,,
UN.UO.70TI0007.PV,Steam Network 1 > HP-2 Steam HeaderA > HP-2 Steam ConsumersA > HP-2 Steam ExportD,Export Steam Temperature,degC,,,
UN.UO.70PI0012A.PV,Steam Network 1 > HP-2 Steam HeaderA > HP-2 Steam ConsumersA > HP-2 Steam VentA,Steam Pressure,bar,,,
UN.UO.70TI0007.PV,Steam Network 1 > HP-2 Steam HeaderA > HP-2 Steam ConsumersA > HP-2 Steam VentA,Steam Temperature,degC,,,
UN.UO.70PC0012A.MV,Steam Network 1 > HP-2 Steam HeaderA > HP-2 Steam ConsumersA > HP-2 Steam VentA,Vent Valve Opening,percent,,,
UN.UO.70PI0012A.PV,Steam Network 1 > HP-2 Steam HeaderA > HP-2 Steam LetdownA > HP-2 to MP-2 PRDSA,Inlet Pressure,bar,,,
UN.UO.70TI0007.PV,Steam Network 1 > HP-2 Steam HeaderA > HP-2 Steam LetdownA > HP-2 to MP-2 PRDSA,Inlet Temperature,degC,,,
UN.UO.70PC0007A.PV,Steam Network 1 > HP-2 Steam HeaderA > HP-2 Steam LetdownA > HP-2 to MP-2 PRDSA,Outlet Pressure,bar,,,
UN.UO.70TC0005.PV,Steam Network 1 > HP-2 Steam HeaderA > HP-2 Steam LetdownA > HP-2 to MP-2 PRDSA,Outlet Temperature,degC,,,
UN.UO.70PC0007A.MV,Steam Network 1 > HP-2 Steam HeaderA > HP-2 Steam LetdownA > HP-2 to MP-2 PRDSA,Pressure Valve Opening,percent,,,
UN.UO.73FI3025.PV,Steam Network 1 > MP-2 Steam HeaderA > MP-2 Steam ConsumersA > MP-2 Backpressure Steam TurbineA,Inlet Steam Flow,t/hr,,,
UN.UO.70PI0012A.PV,Steam Network 1 > MP-2 Steam HeaderA > MP-2 Steam ConsumersA > MP-2 Backpressure Steam TurbineA,Inlet Steam Pressure,bar,,,
UN.UO.70TI0007.PV,Steam Network 1 > MP-2 Steam HeaderA > MP-2 Steam ConsumersA > MP-2 Backpressure Steam TurbineA,Inlet Steam Temperature,degC,,,
UN.UO.73FI3025.PV,Steam Network 1 > MP-2 Steam HeaderA > MP-2 Steam ConsumersA > MP-2 Backpressure Steam TurbineA,Outlet Steam Flow,t/hr,,,
UN.UO.70PI0024A.PV,Steam Network 1 > MP-2 Steam HeaderA > MP-2 Steam ConsumersA > MP-2 Backpressure Steam TurbineA,Outlet Steam Pressure,bar,,,
UN.UO.70TI0006.PV,Steam Network 1 > MP-2 Steam HeaderA > MP-2 Steam ConsumersA > MP-2 Backpressure Steam TurbineA,Outlet Steam Temperature,degC,,,
UN.UO.73FI3026.PV,Steam Network 1 > MP-2 Steam HeaderA > MP-2 Steam ConsumersA > MP-2 Backpressure Steam TurbineB,Inlet Steam Flow,t/hr,,,
UN.UO.70PI0012A.PV,Steam Network 1 > MP-2 Steam HeaderA > MP-2 Steam ConsumersA > MP-2 Backpressure Steam TurbineB,Inlet Steam Pressure,bar,,,
UN.UO.70TI0007.PV,Steam Network 1 > MP-2 Steam HeaderA > MP-2 Steam ConsumersA > MP-2 Backpressure Steam TurbineB,Inlet Steam Temperature,degC,,,
UN.UO.73FI3026.PV,Steam Network 1 > MP-2 Steam HeaderA > MP-2 Steam ConsumersA > MP-2 Backpressure Steam TurbineB,Outlet Steam Flow,t/hr,,,
UN.UO.70PI0024A.PV,Steam Network 1 > MP-2 Steam HeaderA > MP-2 Steam ConsumersA > MP-2 Backpressure Steam TurbineB,Outlet Steam Pressure,bar,,,
UN.UO.70TI0006.PV,Steam Network 1 > MP-2 Steam HeaderA > MP-2 Steam ConsumersA > MP-2 Backpressure Steam TurbineB,Outlet Steam Temperature,degC,,,
UN.EG1.29FI9202.PV,Steam Network 1 > MP-2 Steam HeaderA > MP-2 Steam ConsumersA > MP-2 Steam ExportA,Export Steam Flow,metric_ton/h,,,
UN.UO.70PC0007A.PV,Steam Network 1 > MP-2 Steam HeaderA > MP-2 Steam ConsumersA > MP-2 Steam ExportA,Export Steam Pressure,bar,,,
UN.UO.70TC0005.PV,Steam Network 1 > MP-2 Steam HeaderA > MP-2 Steam ConsumersA > MP-2 Steam ExportA,Export Steam Temperature,degC,,,
UN.EG2.49FI9202.PV,Steam Network 1 > MP-2 Steam HeaderA > MP-2 Steam ConsumersA > MP-2 Steam ExportB,Export Steam Flow,metric_ton/h,,,
UN.UO.70PC0007A.PV,Steam Network 1 > MP-2 Steam HeaderA > MP-2 Steam ConsumersA > MP-2 Steam ExportB,Export Steam Pressure,bar,,,
UN.UO.70TC0005.PV,Steam Network 1 > MP-2 Steam HeaderA > MP-2 Steam ConsumersA > MP-2 Steam ExportB,Export Steam Temperature,degC,,,
UN.EG3.69FI9208.PV,Steam Network 1 > MP-2 Steam HeaderA > MP-2 Steam ConsumersA > MP-2 Steam ExportC,Export Steam Flow,metric_ton/h,,,
UN.UO.70PC0007A.PV,Steam Network 1 > MP-2 Steam HeaderA > MP-2 Steam ConsumersA > MP-2 Steam ExportC,Export Steam Pressure,bar,,,
UN.UO.70TC0005.PV,Steam Network 1 > MP-2 Steam HeaderA > MP-2 Steam ConsumersA > MP-2 Steam ExportC,Export Steam Temperature,degC,,,
UN.UO.70PC0024A.MV,Steam Network 1 > LP-1 Steam HeaderA > LP-1 Steam ConsumersA > LP-1 Steam ExchangerA,Steam Inlet Flow,metric_ton/h,,,
UN.UO.71FI1097.PV,Steam Network 1 > LP-1 Steam HeaderA > LP-1 Steam ConsumersA > LP-1 DeaeratorA,Heating Steam Flow,metric_ton/h,,,
UN.UO.71FI1096.PV,Steam Network 1 > LP-1 Steam HeaderA > LP-1 Steam ConsumersA > LP-1 DeaeratorB,Heating Steam Flow,metric_ton/h,,,
UN.EG1.29FI9203.PV,Steam Network 1 > LP-1 Steam HeaderA > LP-1 Steam ConsumersA > LP-1 Steam ExportA,Export Steam Flow,metric_ton/h,,,
UN.UO.70PI0024A.PV,Steam Network 1 > LP-1 Steam HeaderA > LP-1 Steam ConsumersA > LP-1 Steam ExportA,Export Steam Pressure,bar,,,
UN.UO.70TI0006.PV,Steam Network 1 > LP-1 Steam HeaderA > LP-1 Steam ConsumersA > LP-1 Steam ExportA,Export Steam Temperature,degC,,,
UN.EG2.49FI9203.PV,Steam Network 1 > LP-1 Steam HeaderA > LP-1 Steam ConsumersA > LP-1 Steam ExportB,Export Steam Flow,metric_ton/h,,,
UN.UO.70PI0024A.PV,Steam Network 1 > LP-1 Steam HeaderA > LP-1 Steam ConsumersA > LP-1 Steam ExportB,Export Steam Pressure,bar,,,
UN.UO.70TI0006.PV,Steam Network 1 > LP-1 Steam HeaderA > LP-1 Steam ConsumersA > LP-1 Steam ExportB,Export Steam Temperature,degC,,,
UN.EG3.69FI9209.PV,Steam Network 1 > LP-1 Steam HeaderA > LP-1 Steam ConsumersA > LP-1 Steam ExportC,Export Steam Flow,metric_ton/h,,,
UN.UO.70PI0024A.PV,Steam Network 1 > LP-1 Steam HeaderA > LP-1 Steam ConsumersA > LP-1 Steam ExportC,Export Steam Pressure,bar,,,
UN.UO.70TI0006.PV,Steam Network 1 > LP-1 Steam HeaderA > LP-1 Steam ConsumersA > LP-1 Steam ExportC,Export Steam Temperature,degC,,,
UN.UO.17FI7065,Steam Network 1 > LP-1 Steam HeaderA > LP-1 Steam ConsumersA > LP-1 Steam ExportD,Export Steam Flow,metric_ton/h,,,
UN.UO.70PI0024A.PV,Steam Network 1 > LP-1 Steam HeaderA > LP-1 Steam ConsumersA > LP-1 Steam ExportD,Export Steam Pressure,bar,,,
UN.UO.70TI0006.PV,Steam Network 1 > LP-1 Steam HeaderA > LP-1 Steam ConsumersA > LP-1 Steam ExportD,Export Steam Temperature,degC,,,
UN.LAO.39FI9004.PV,Steam Network 1 > LP-1 Steam HeaderA > LP-1 Steam ConsumersA > LP-1 Steam ExportE,Export Steam Flow,metric_ton/h,,,
UN.UO.70PI0024A.PV,Steam Network 1 > LP-1 Steam HeaderA > LP-1 Steam ConsumersA > LP-1 Steam ExportE,Export Steam Pressure,bar,,,
UN.UO.70TI0006.PV,Steam Network 1 > LP-1 Steam HeaderA > LP-1 Steam ConsumersA > LP-1 Steam ExportE,Export Steam Temperature,degC,,,
UN.UO.70PI0024A.PV,Steam Network 1 > LP-1 Steam HeaderA > LP-1 Steam ConsumersA > LP-1 Steam VentA,Steam Pressure,bar,,,
UN.UO.70TI0006.PV,Steam Network 1 > LP-1 Steam HeaderA > LP-1 Steam ConsumersA > LP-1 Steam VentA,Steam Temperature,degC,,,
UN.UO.70PC0024B.MV,Steam Network 1 > LP-1 Steam HeaderA > LP-1 Steam ConsumersA > LP-1 Steam VentA,Vent Valve Opening,percent,,,
