short_name,network,plant,group,element_type,instance,pi_tag_base,status_tag,status_value,is_on,element_path
UTI Instrument Air CompressorA,Air Network,Utility Unit [UTI],Air Generators,UTI Instrument Air Compressor,A,UTIL.UTI.IAC-101,Air_Compressor_Turbine_A_Status,0.0,False,United > Air Network > Utility Unit [UTI] > Air Generators > UTI Instrument Air CompressorA
UTI Instrument Air CompressorB,Air Network,Utility Unit [UTI],Air Generators,UTI Instrument Air Compressor,B,UTIL.UTI.IAC-102,Air_Compressor_Motor_B_Status,1.0,True,United > Air Network > Utility Unit [UTI] > Air Generators > UTI Instrument Air CompressorB
UTI Instrument Air CompressorC,Air Network,Utility Unit [UTI],Air Generators,UTI Instrument Air Compressor,C,UTIL.UTI.IAC-103,Air_Compressor_Motor_C_Status,0.0,False,United > Air Network > Utility Unit [UTI] > Air Generators > UTI Instrument Air CompressorC
OLF Air Consumer (PCV/Inst.)A,Air Network,Utility Unit [UTI],Air Consumers,OLF Air Consumer (PCV/Inst.),A,UTIL.UTI.AU-101,ETH_Plant_Status,1.0,True,United > Air Network > Utility Unit [UTI] > Air Consumers > OLF Air Consumer (PCV/Inst.)A
EG1 Air Consumer (PCV/Inst.)A,Air Network,Utility Unit [UTI],Air Consumers,EG1 Air Consumer (PCV/Inst.),A,UTIL.UTI.AU-101,EOEG1_Plant_Status,0.0,False,United > Air Network > Utility Unit [UTI] > Air Consumers > EG1 Air Consumer (PCV/Inst.)A
EG2 Air Consumer (PCV/Inst.)A,Air Network,Utility Unit [UTI],Air Consumers,EG2 Air Consumer (PCV/Inst.),A,UTIL.UTI.AU-101,EOEG2_Plant_Status,0.0,False,United > Air Network > Utility Unit [UTI] > Air Consumers > EG2 Air Consumer (PCV/Inst.)A
EG3 Air Consumer (PCV/Inst.)A,Air Network,Utility Unit [UTI],Air Consumers,EG3 Air Consumer (PCV/Inst.),A,UTIL.UTI.AU-101,EOEG3_Plant_Status,1.0,True,United > Air Network > Utility Unit [UTI] > Air Consumers > EG3 Air Consumer (PCV/Inst.)A
CO2 Air Consumer (PCV/Inst.)A,Air Network,Utility Unit [UTI],Air Consumers,CO2 Air Consumer (PCV/Inst.),A,UTIL.UTI.AU-101,CO2_Plant_Status,1.0,True,United > Air Network > Utility Unit [UTI] > Air Consumers > CO2 Air Consumer (PCV/Inst.)A
UTI Fuel Import To ComplexA,Fuel Network,Utility Unit [UTI],Fuel Sources,UTI Fuel Import To Complex,A,UTIL.UTI.FIN-101,UO_Plant_Status,1.0,True,United > Fuel Network > Utility Unit [UTI] > Fuel Sources > UTI Fuel Import To ComplexA
Utility Unit Specific BoilerA,Fuel Network,Utility Unit [UTI],Fuel Consumers,Utility Unit Specific Boiler,A,UTIL.UTI.BLR-101,Boiler_A_Status,1.0,True,United > Fuel Network > Utility Unit [UTI] > Fuel Consumers > Utility Unit Specific BoilerA
Utility Unit Specific BoilerB,Fuel Network,Utility Unit [UTI],Fuel Consumers,Utility Unit Specific Boiler,B,UTIL.UTI.BLR-102,Boiler_B_Status,1.0,True,United > Fuel Network > Utility Unit [UTI] > Fuel Consumers > Utility Unit Specific BoilerB
Utility Unit Specific BoilerC,Fuel Network,Utility Unit [UTI],Fuel Consumers,Utility Unit Specific Boiler,C,UTIL.UTI.BLR-103,Boiler_C_Status,1.0,True,United > Fuel Network > Utility Unit [UTI] > Fuel Consumers > Utility Unit Specific BoilerC
Utility Unit Specific BoilerD,Fuel Network,Utility Unit [UTI],Fuel Consumers,Utility Unit Specific Boiler,D,UTIL.UTI.BLR-104,Boiler_D_Status,1.0,True,United > Fuel Network > Utility Unit [UTI] > Fuel Consumers > Utility Unit Specific BoilerD
Utility Unit Specific BoilerE,Fuel Network,Utility Unit [UTI],Fuel Consumers,Utility Unit Specific Boiler,E,UTIL.UTI.BLR-105,Boiler_E_Status,1.0,True,United > Fuel Network > Utility Unit [UTI] > Fuel Consumers > Utility Unit Specific BoilerE
OLF FurnaceA,Specific Energy Consumers,OLF [OLF],Fuel Energy,OLF Furnace,A,OLF.OLF.FRN-101,Furnace_1_Status,0.0,False,United > Specific Energy Consumers > OLF [OLF] > Fuel Energy > OLF FurnaceA
OLF FurnaceB,Specific Energy Consumers,OLF [OLF],Fuel Energy,OLF Furnace,B,OLF.OLF.FRN-102,Furnace_2_Status,1.0,True,United > Specific Energy Consumers > OLF [OLF] > Fuel Energy > OLF FurnaceB
OLF FurnaceC,Specific Energy Consumers,OLF [OLF],Fuel Energy,OLF Furnace,C,OLF.OLF.FRN-103,Furnace_3_Status,1.0,True,United > Specific Energy Consumers > OLF [OLF] > Fuel Energy > OLF FurnaceC
OLF FurnaceD,Specific Energy Consumers,OLF [OLF],Fuel Energy,OLF Furnace,D,OLF.OLF.FRN-104,Furnace_4_Status,1.0,True,United > Specific Energy Consumers > OLF [OLF] > Fuel Energy > OLF FurnaceD
OLF FurnaceE,Specific Energy Consumers,OLF [OLF],Fuel Energy,OLF Furnace,E,OLF.OLF.FRN-105,Furnace_5_Status,1.0,True,United > Specific Energy Consumers > OLF [OLF] > Fuel Energy > OLF FurnaceE
OLF FurnaceF,Specific Energy Consumers,OLF [OLF],Fuel Energy,OLF Furnace,F,OLF.OLF.FRN-106,Furnace_6_Status,1.0,True,United > Specific Energy Consumers > OLF [OLF] > Fuel Energy > OLF FurnaceF
OLF FurnaceG,Specific Energy Consumers,OLF [OLF],Fuel Energy,OLF Furnace,G,OLF.OLF.FRN-107,Furnace_7_Status,1.0,True,United > Specific Energy Consumers > OLF [OLF] > Fuel Energy > OLF FurnaceG
OLF FurnaceH,Specific Energy Consumers,OLF [OLF],Fuel Energy,OLF Furnace,H,OLF.OLF.FRN-108,Furnace_8_Status,1.0,True,United > Specific Energy Consumers > OLF [OLF] > Fuel Energy > OLF FurnaceH
OLF FurnaceI,Specific Energy Consumers,OLF [OLF],Fuel Energy,OLF Furnace,I,OLF.OLF.FRN-109,Furnace_9_Status,1.0,True,United > Specific Energy Consumers > OLF [OLF] > Fuel Energy > OLF FurnaceI
OLF TurbineA,Specific Energy Consumers,OLF [OLF],Steam Energy,OLF Turbine,A,OLF.OLF.TBN-101,CW_Turbine_A_Status,0.0,False,United > Specific Energy Consumers > OLF [OLF] > Steam Energy > OLF TurbineA
OLF TurbineB,Specific Energy Consumers,OLF [OLF],Steam Energy,OLF Turbine,B,OLF.OLF.TBN-102,CW_Turbine_B_Status,0.0,False,United > Specific Energy Consumers > OLF [OLF] > Steam Energy > OLF TurbineB
OLF TurbineC,Specific Energy Consumers,OLF [OLF],Steam Energy,OLF Turbine,C,OLF.OLF.TBN-103,CW_Turbine_G_Status,0.0,False,United > Specific Energy Consumers > OLF [OLF] > Steam Energy > OLF TurbineC
OLF Steam ExchangerA,Specific Energy Consumers,OLF [OLF],Steam Energy,OLF Steam Exchanger,A,OLF.OLF.SHX-101,E_1102_Status,1.0,True,United > Specific Energy Consumers > OLF [OLF] > Steam Energy > OLF Steam ExchangerA
EG1 CompressorA,Specific Energy Consumers,EG1 [EG1],Electric Energy,EG1 Compressor,A,EG1.EG1.COMP-101,KM_2115_Status,0.0,False,United > Specific Energy Consumers > EG1 [EG1] > Electric Energy > EG1 CompressorA
EG1 ReboilerA,Specific Energy Consumers,EG1 [EG1],Steam Energy,EG1 Reboiler,A,EG1.EG1.REB-101,EG1_Stripping_status,0.0,False,United > Specific Energy Consumers > EG1 [EG1] > Steam Energy > EG1 ReboilerA
EG1 ReboilerB,Specific Energy Consumers,EG1 [EG1],Steam Energy,EG1 Reboiler,B,EG1.EG1.REB-102,EG1_Stripping_status,0.0,False,United > Specific Energy Consumers > EG1 [EG1] > Steam Energy > EG1 ReboilerB
EG1 ReboilerC,Specific Energy Consumers,EG1 [EG1],Steam Energy,EG1 Reboiler,C,EG1.EG1.REB-103,EG1_Stripping_status,0.0,False,United > Specific Energy Consumers > EG1 [EG1] > Steam Energy > EG1 ReboilerC
EG1 Live Steam InjectionA,Specific Energy Consumers,EG1 [EG1],Steam Energy,EG1 Live Steam Injection,A,EG1.EG1.LSI-101,EG1_Stripping_status,0.0,False,United > Specific Energy Consumers > EG1 [EG1] > Steam Energy > EG1 Live Steam InjectionA
EG1 Live Steam InjectionB,Specific Energy Consumers,EG1 [EG1],Steam Energy,EG1 Live Steam Injection,B,EG1.EG1.LSI-102,EG1_Stripping_status,0.0,False,United > Specific Energy Consumers > EG1 [EG1] > Steam Energy > EG1 Live Steam InjectionB
EG1 Steam ExchangerA,Specific Energy Consumers,EG1 [EG1],Steam Energy,EG1 Steam Exchanger,A,EG1.EG1.SHX-101,E_2531_Status,0.0,False,United > Specific Energy Consumers > EG1 [EG1] > Steam Energy > EG1 Steam ExchangerA
EG2 CompressorA,Specific Energy Consumers,EG2 [EG2],Electric Energy,EG2 Compressor,A,EG2.EG2.COMP-101,KM_4115_Status,0.0,False,United > Specific Energy Consumers > EG2 [EG2] > Electric Energy > EG2 CompressorA
EG2 Live Steam InjectionA,Specific Energy Consumers,EG2 [EG2],Steam Energy,EG2 Live Steam Injection,A,EG2.EG2.LSI-101,EG2_Stripping_status,0.0,False,United > Specific Energy Consumers > EG2 [EG2] > Steam Energy > EG2 Live Steam InjectionA
EG2 Live Steam InjectionB,Specific Energy Consumers,EG2 [EG2],Steam Energy,EG2 Live Steam Injection,B,EG2.EG2.LSI-102,EG2_Stripping_status,0.0,False,United > Specific Energy Consumers > EG2 [EG2] > Steam Energy > EG2 Live Steam InjectionB
EG2 ReboilerA,Specific Energy Consumers,EG2 [EG2],Steam Energy,EG2 Reboiler,A,EG2.EG2.REB-101,EG2_Stripping_status,0.0,False,United > Specific Energy Consumers > EG2 [EG2] > Steam Energy > EG2 ReboilerA
EG2 ReboilerB,Specific Energy Consumers,EG2 [EG2],Steam Energy,EG2 Reboiler,B,EG2.EG2.REB-102,EG2_Stripping_status,0.0,False,United > Specific Energy Consumers > EG2 [EG2] > Steam Energy > EG2 ReboilerB
EG2 ReboilerC,Specific Energy Consumers,EG2 [EG2],Steam Energy,EG2 Reboiler,C,EG2.EG2.REB-103,EG2_Stripping_status,0.0,False,United > Specific Energy Consumers > EG2 [EG2] > Steam Energy > EG2 ReboilerC
EG2 Steam ExchangerA,Specific Energy Consumers,EG2 [EG2],Steam Energy,EG2 Steam Exchanger,A,EG2.EG2.SHX-101,E_4531_Status,0.0,False,United > Specific Energy Consumers > EG2 [EG2] > Steam Energy > EG2 Steam ExchangerA
EG3 CompressorA,Specific Energy Consumers,EG3 [EG3],Electric Energy,EG3 Compressor,A,EG3.EG3.COMP-101,KM_6115_Status,1.0,True,United > Specific Energy Consumers > EG3 [EG3] > Electric Energy > EG3 CompressorA
EG3 ReboilerA,Specific Energy Consumers,EG3 [EG3],Steam Energy,EG3 Reboiler,A,EG3.EG3.REB-101,EOEG3_Plant_Status,1.0,True,United > Specific Energy Consumers > EG3 [EG3] > Steam Energy > EG3 ReboilerA
EG3 ReboilerB,Specific Energy Consumers,EG3 [EG3],Steam Energy,EG3 Reboiler,B,EG3.EG3.REB-102,EOEG3_Plant_Status,1.0,True,United > Specific Energy Consumers > EG3 [EG3] > Steam Energy > EG3 ReboilerB
EG3 ReboilerC,Specific Energy Consumers,EG3 [EG3],Steam Energy,EG3 Reboiler,C,EG3.EG3.REB-103,EOEG3_Plant_Status,1.0,True,United > Specific Energy Consumers > EG3 [EG3] > Steam Energy > EG3 ReboilerC
LAO Feed PreheaterA,Specific Energy Consumers,LAO [LAO],Fuel Energy,LAO Feed Preheater,A,LAO.LAO.FPH-101,LAO_Plant_Status,1.0,True,United > Specific Energy Consumers > LAO [LAO] > Fuel Energy > LAO Feed PreheaterA
UTI BoilerA,Specific Energy Consumers,Utility Unit [UTI],Fuel Energy,UTI Boiler,A,UTIL.UTI.BLR-101,Boiler_A_Status,1.0,True,United > Specific Energy Consumers > Utility Unit [UTI] > Fuel Energy > UTI BoilerA
UTI BoilerB,Specific Energy Consumers,Utility Unit [UTI],Fuel Energy,UTI Boiler,B,UTIL.UTI.BLR-102,Boiler_B_Status,1.0,True,United > Specific Energy Consumers > Utility Unit [UTI] > Fuel Energy > UTI BoilerB
UTI BoilerC,Specific Energy Consumers,Utility Unit [UTI],Fuel Energy,UTI Boiler,C,UTIL.UTI.BLR-103,Boiler_C_Status,1.0,True,United > Specific Energy Consumers > Utility Unit [UTI] > Fuel Energy > UTI BoilerC
UTI BoilerD,Specific Energy Consumers,Utility Unit [UTI],Fuel Energy,UTI Boiler,D,UTIL.UTI.BLR-104,Boiler_D_Status,1.0,True,United > Specific Energy Consumers > Utility Unit [UTI] > Fuel Energy > UTI BoilerD
UTI BoilerE,Specific Energy Consumers,Utility Unit [UTI],Fuel Energy,UTI Boiler,E,UTIL.UTI.BLR-105,Boiler_E_Status,1.0,True,United > Specific Energy Consumers > Utility Unit [UTI] > Fuel Energy > UTI BoilerE
UTI PumpA,Specific Energy Consumers,Utility Unit [UTI],Electric Energy,UTI Pump,A,UTIL.UTI.PMP-101,BFW_A_Motor_Status,0.0,False,United > Specific Energy Consumers > Utility Unit [UTI] > Electric Energy > UTI PumpA
UTI PumpB,Specific Energy Consumers,Utility Unit [UTI],Electric Energy,UTI Pump,B,UTIL.UTI.PMP-102,BFW_B_Turb_Status,1.0,True,United > Specific Energy Consumers > Utility Unit [UTI] > Electric Energy > UTI PumpB
UTI PumpC,Specific Energy Consumers,Utility Unit [UTI],Electric Energy,UTI Pump,C,UTIL.UTI.PMP-103,BFW_C_Turb_Status,1.0,True,United > Specific Energy Consumers > Utility Unit [UTI] > Electric Energy > UTI PumpC
UTI PumpD,Specific Energy Consumers,Utility Unit [UTI],Electric Energy,UTI Pump,D,UTIL.UTI.PMP-104,BFW_D_Motor_Status,0.0,False,United > Specific Energy Consumers > Utility Unit [UTI] > Electric Energy > UTI PumpD
UTI CompressorA,Specific Energy Consumers,Utility Unit [UTI],Electric Energy,UTI Compressor,A,UTIL.UTI.COMP-101,Air_Compressor_Motor_B_Status,1.0,True,United > Specific Energy Consumers > Utility Unit [UTI] > Electric Energy > UTI CompressorA
UTI CompressorB,Specific Energy Consumers,Utility Unit [UTI],Electric Energy,UTI Compressor,B,UTIL.UTI.COMP-102,Air_Compressor_Motor_C_Status,0.0,False,United > Specific Energy Consumers > Utility Unit [UTI] > Electric Energy > UTI CompressorB
UTI TurbineA,Specific Energy Consumers,Utility Unit [UTI],Steam Energy,UTI Turbine,A,UTIL.UTI.TBN-101,CW_Turbine_A_Status,0.0,False,United > Specific Energy Consumers > Utility Unit [UTI] > Steam Energy > UTI TurbineA
UTI TurbineB,Specific Energy Consumers,Utility Unit [UTI],Steam Energy,UTI Turbine,B,UTIL.UTI.TBN-102,CW_Turbine_B_Status,0.0,False,United > Specific Energy Consumers > Utility Unit [UTI] > Steam Energy > UTI TurbineB
UTI TurbineC,Specific Energy Consumers,Utility Unit [UTI],Steam Energy,UTI Turbine,C,UTIL.UTI.TBN-103,BFW_B_Turb_Status,1.0,True,United > Specific Energy Consumers > Utility Unit [UTI] > Steam Energy > UTI TurbineC
UTI TurbineD,Specific Energy Consumers,Utility Unit [UTI],Steam Energy,UTI Turbine,D,UTIL.UTI.TBN-104,Air_Compressor_Turbine_A_Status,0.0,False,United > Specific Energy Consumers > Utility Unit [UTI] > Steam Energy > UTI TurbineD
UTI TurbineE,Specific Energy Consumers,Utility Unit [UTI],Steam Energy,UTI Turbine,E,UTIL.UTI.TBN-105,BFW_C_Turb_Status,1.0,True,United > Specific Energy Consumers > Utility Unit [UTI] > Steam Energy > UTI TurbineE
UTI TurbineF,Specific Energy Consumers,Utility Unit [UTI],Steam Energy,UTI Turbine,F,UTIL.UTI.TBN-106,Air_Compressor_Turbine_D_Status,0.0,False,United > Specific Energy Consumers > Utility Unit [UTI] > Steam Energy > UTI TurbineF
UTI TurbineG,Specific Energy Consumers,Utility Unit [UTI],Steam Energy,UTI Turbine,G,UTIL.UTI.TBN-107,CW_Turbine_G_Status,0.0,False,United > Specific Energy Consumers > Utility Unit [UTI] > Steam Energy > UTI TurbineG
UTI TurbineH,Specific Energy Consumers,Utility Unit [UTI],Steam Energy,UTI Turbine,H,UTIL.UTI.TBN-108,BFW_E_Turb_Status,1.0,True,United > Specific Energy Consumers > Utility Unit [UTI] > Steam Energy > UTI TurbineH
UTI TurbineI,Specific Energy Consumers,Utility Unit [UTI],Steam Energy,UTI Turbine,I,UTIL.UTI.TBN-109,DMW_Turbine_A_Status,1.0,True,United > Specific Energy Consumers > Utility Unit [UTI] > Steam Energy > UTI TurbineI
UTI TurbineJ,Specific Energy Consumers,Utility Unit [UTI],Steam Energy,UTI Turbine,J,UTIL.UTI.TBN-110,DMW_Turbine_C_Status,0.0,False,United > Specific Energy Consumers > Utility Unit [UTI] > Steam Energy > UTI TurbineJ
UTI Live Steam InjectionA,Specific Energy Consumers,Utility Unit [UTI],Steam Energy,UTI Live Steam Injection,A,UTIL.UTI.LSI-101,UO_Plant_Status,1.0,True,United > Specific Energy Consumers > Utility Unit [UTI] > Steam Energy > UTI Live Steam InjectionA
UTI Live Steam InjectionB,Specific Energy Consumers,Utility Unit [UTI],Steam Energy,UTI Live Steam Injection,B,UTIL.UTI.LSI-102,UO_Plant_Status,1.0,True,United > Specific Energy Consumers > Utility Unit [UTI] > Steam Energy > UTI Live Steam InjectionB
CO2 CompressorA,Specific Energy Consumers,CO2 [CO2],Electric Energy,CO2 Compressor,A,CO2.CO2.COMP-101,PK_5020_status,1.0,True,United > Specific Energy Consumers > CO2 [CO2] > Electric Energy > CO2 CompressorA
CO2 CompressorB,Specific Energy Consumers,CO2 [CO2],Electric Energy,CO2 Compressor,B,CO2.CO2.COMP-102,PK_5070_status,1.0,True,United > Specific Energy Consumers > CO2 [CO2] > Electric Energy > CO2 CompressorB
UTI VHP Steam Header (100-110 KG/CM2A)A,Steam Network,Utility Unit [UTI],Steam Distribution (Headers/PRDS),UTI VHP Steam Header (100-110 KG/CM2A),A,UTIL.UTI.VHP-101,UO_Plant_Status,1.0,True,United > Steam Network > Utility Unit [UTI] > Steam Distribution (Headers/PRDS) > UTI VHP Steam Header (100-110 KG/CM2A)A
UTI HP-2 Steam Header (40-45 KG/CM2A)A,Steam Network,Utility Unit [UTI],Steam Distribution (Headers/PRDS),UTI HP-2 Steam Header (40-45 KG/CM2A),A,UTIL.UTI.HP2-101,UO_Plant_Status,1.0,True,United > Steam Network > Utility Unit [UTI] > Steam Distribution (Headers/PRDS) > UTI HP-2 Steam Header (40-45 KG/CM2A)A
UTI HP-1 Steam Header (30-35 KG/CM2A)A,Steam Network,Utility Unit [UTI],Steam Distribution (Headers/PRDS),UTI HP-1 Steam Header (30-35 KG/CM2A),A,UTIL.UTI.HP1-101,UO_Plant_Status,1.0,True,United > Steam Network > Utility Unit [UTI] > Steam Distribution (Headers/PRDS) > UTI HP-1 Steam Header (30-35 KG/CM2A)A
UTI MP-2 Steam Header (20-25 KG/CM2A)A,Steam Network,Utility Unit [UTI],Steam Distribution (Headers/PRDS),UTI MP-2 Steam Header (20-25 KG/CM2A),A,UTIL.UTI.MP2-101,UO_Plant_Status,1.0,True,United > Steam Network > Utility Unit [UTI] > Steam Distribution (Headers/PRDS) > UTI MP-2 Steam Header (20-25 KG/CM2A)A
UTI MP-1 Steam Header (12-15 KG/CM2A)A,Steam Network,Utility Unit [UTI],Steam Distribution (Headers/PRDS),UTI MP-1 Steam Header (12-15 KG/CM2A),A,UTIL.UTI.MP1-101,UO_Plant_Status,1.0,True,United > Steam Network > Utility Unit [UTI] > Steam Distribution (Headers/PRDS) > UTI MP-1 Steam Header (12-15 KG/CM2A)A
UTI LP-1 Steam Header (5-7 KG/CM2A)A,Steam Network,Utility Unit [UTI],Steam Distribution (Headers/PRDS),UTI LP-1 Steam Header (5-7 KG/CM2A),A,UTIL.UTI.LP1-101,UO_Plant_Status,1.0,True,United > Steam Network > Utility Unit [UTI] > Steam Distribution (Headers/PRDS) > UTI LP-1 Steam Header (5-7 KG/CM2A)A
UTI LP-2 Steam Header (2-3 KG/CM2A)A,Steam Network,Utility Unit [UTI],Steam Distribution (Headers/PRDS),UTI LP-2 Steam Header (2-3 KG/CM2A),A,UTIL.UTI.LP2-101,UO_Plant_Status,1.0,True,United > Steam Network > Utility Unit [UTI] > Steam Distribution (Headers/PRDS) > UTI LP-2 Steam Header (2-3 KG/CM2A)A
UTI Condensate HeaderA,Steam Network,Utility Unit [UTI],Steam Distribution (Headers/PRDS),UTI Condensate Header,A,UTIL.UTI.CON-101,UO_Plant_Status,1.0,True,United > Steam Network > Utility Unit [UTI] > Steam Distribution (Headers/PRDS) > UTI Condensate HeaderA
UTI HP-2 Fuel Fired BoilerA,Steam Network,Utility Unit [UTI],Steam Generators & Turbines,UTI HP-2 Fuel Fired Boiler,A,UTIL.UTI.FUE-101,Boiler_A_Status,1.0,True,United > Steam Network > Utility Unit [UTI] > Steam Generators & Turbines > UTI HP-2 Fuel Fired BoilerA
UTI HP-2 Fuel Fired BoilerB,Steam Network,Utility Unit [UTI],Steam Generators & Turbines,UTI HP-2 Fuel Fired Boiler,B,UTIL.UTI.FUE-102,Boiler_B_Status,1.0,True,United > Steam Network > Utility Unit [UTI] > Steam Generators & Turbines > UTI HP-2 Fuel Fired BoilerB
UTI HP-2 Fuel Fired BoilerC,Steam Network,Utility Unit [UTI],Steam Generators & Turbines,UTI HP-2 Fuel Fired Boiler,C,UTIL.UTI.FUE-103,Boiler_C_Status,1.0,True,United > Steam Network > Utility Unit [UTI] > Steam Generators & Turbines > UTI HP-2 Fuel Fired BoilerC
UTI HP-2 Fuel Fired BoilerD,Steam Network,Utility Unit [UTI],Steam Generators & Turbines,UTI HP-2 Fuel Fired Boiler,D,UTIL.UTI.FUE-104,Boiler_D_Status,1.0,True,United > Steam Network > Utility Unit [UTI] > Steam Generators & Turbines > UTI HP-2 Fuel Fired BoilerD
UTI HP-2 Fuel Fired BoilerE,Steam Network,Utility Unit [UTI],Steam Generators & Turbines,UTI HP-2 Fuel Fired Boiler,E,UTIL.UTI.FUE-105,Boiler_E_Status,1.0,True,United > Steam Network > Utility Unit [UTI] > Steam Generators & Turbines > UTI HP-2 Fuel Fired BoilerE
UTI VHP Waste Heat BoilerA,Steam Network,Utility Unit [UTI],Steam Generators & Turbines,UTI VHP Waste Heat Boiler,A,UTIL.UTI.WAS-101,ETH_Plant_Status,1.0,True,United > Steam Network > Utility Unit [UTI] > Steam Generators & Turbines > UTI VHP Waste Heat BoilerA
UTI VHP Waste Heat BoilerB,Steam Network,Utility Unit [UTI],Steam Generators & Turbines,UTI VHP Waste Heat Boiler,B,UTIL.UTI.WAS-102,ETH_Plant_Status,1.0,True,United > Steam Network > Utility Unit [UTI] > Steam Generators & Turbines > UTI VHP Waste Heat BoilerB
UTI VHP Waste Heat BoilerC,Steam Network,Utility Unit [UTI],Steam Generators & Turbines,UTI VHP Waste Heat Boiler,C,UTIL.UTI.WAS-103,ETH_Plant_Status,1.0,True,United > Steam Network > Utility Unit [UTI] > Steam Generators & Turbines > UTI VHP Waste Heat BoilerC
UTI VHP Waste Heat BoilerD,Steam Network,Utility Unit [UTI],Steam Generators & Turbines,UTI VHP Waste Heat Boiler,D,UTIL.UTI.WAS-104,ETH_Plant_Status,1.0,True,United > Steam Network > Utility Unit [UTI] > Steam Generators & Turbines > UTI VHP Waste Heat BoilerD
UTI VHP Waste Heat BoilerE,Steam Network,Utility Unit [UTI],Steam Generators & Turbines,UTI VHP Waste Heat Boiler,E,UTIL.UTI.WAS-105,ETH_Plant_Status,1.0,True,United > Steam Network > Utility Unit [UTI] > Steam Generators & Turbines > UTI VHP Waste Heat BoilerE
UTI VHP Waste Heat BoilerF,Steam Network,Utility Unit [UTI],Steam Generators & Turbines,UTI VHP Waste Heat Boiler,F,UTIL.UTI.WAS-106,ETH_Plant_Status,1.0,True,United > Steam Network > Utility Unit [UTI] > Steam Generators & Turbines > UTI VHP Waste Heat BoilerF
UTI VHP Waste Heat BoilerG,Steam Network,Utility Unit [UTI],Steam Generators & Turbines,UTI VHP Waste Heat Boiler,G,UTIL.UTI.WAS-107,ETH_Plant_Status,1.0,True,United > Steam Network > Utility Unit [UTI] > Steam Generators & Turbines > UTI VHP Waste Heat BoilerG
UTI VHP Waste Heat BoilerH,Steam Network,Utility Unit [UTI],Steam Generators & Turbines,UTI VHP Waste Heat Boiler,H,UTIL.UTI.WAS-108,ETH_Plant_Status,1.0,True,United > Steam Network > Utility Unit [UTI] > Steam Generators & Turbines > UTI VHP Waste Heat BoilerH
UTI VHP Waste Heat BoilerI,Steam Network,Utility Unit [UTI],Steam Generators & Turbines,UTI VHP Waste Heat Boiler,I,UTIL.UTI.WAS-109,ETH_Plant_Status,1.0,True,United > Steam Network > Utility Unit [UTI] > Steam Generators & Turbines > UTI VHP Waste Heat BoilerI
UTI HP-2 Steam ExportA,Steam Network,Utility Unit [UTI],Steam Consumers,UTI HP-2 Steam Export,A,UTIL.UTI.STE-101,UO_Plant_Status,1.0,True,United > Steam Network > Utility Unit [UTI] > Steam Consumers > UTI HP-2 Steam ExportA
UTI HP-2 Steam ExportB,Steam Network,Utility Unit [UTI],Steam Consumers,UTI HP-2 Steam Export,B,UTIL.UTI.STE-102,UO_Plant_Status,1.0,True,United > Steam Network > Utility Unit [UTI] > Steam Consumers > UTI HP-2 Steam ExportB
UTI HP-2 Steam ExportC,Steam Network,Utility Unit [UTI],Steam Consumers,UTI HP-2 Steam Export,C,UTIL.UTI.STE-103,UO_Plant_Status,1.0,True,United > Steam Network > Utility Unit [UTI] > Steam Consumers > UTI HP-2 Steam ExportC
UTI HP-2 Steam ExportD,Steam Network,Utility Unit [UTI],Steam Consumers,UTI HP-2 Steam Export,D,UTIL.UTI.STE-104,UO_Plant_Status,1.0,True,United > Steam Network > Utility Unit [UTI] > Steam Consumers > UTI HP-2 Steam ExportD
UTI MP-2 Steam ExportE,Steam Network,Utility Unit [UTI],Steam Consumers,UTI MP-2 Steam Export,E,UTIL.UTI.STE-105,UO_Plant_Status,1.0,True,United > Steam Network > Utility Unit [UTI] > Steam Consumers > UTI MP-2 Steam ExportE
UTI MP-2 Steam ExportF,Steam Network,Utility Unit [UTI],Steam Consumers,UTI MP-2 Steam Export,F,UTIL.UTI.STE-106,UO_Plant_Status,1.0,True,United > Steam Network > Utility Unit [UTI] > Steam Consumers > UTI MP-2 Steam ExportF
UTI MP-2 Steam ExportG,Steam Network,Utility Unit [UTI],Steam Consumers,UTI MP-2 Steam Export,G,UTIL.UTI.STE-107,UO_Plant_Status,1.0,True,United > Steam Network > Utility Unit [UTI] > Steam Consumers > UTI MP-2 Steam ExportG
UTI VHP Steam VentA,Steam Network,Utility Unit [UTI],Steam Consumers,UTI VHP Steam Vent,A,UTIL.UTI.STE-101,UO_Plant_Status,1.0,True,United > Steam Network > Utility Unit [UTI] > Steam Consumers > UTI VHP Steam VentA
UTI HP-2 Steam VentB,Steam Network,Utility Unit [UTI],Steam Consumers,UTI HP-2 Steam Vent,B,UTIL.UTI.STE-102,UO_Plant_Status,1.0,True,United > Steam Network > Utility Unit [UTI] > Steam Consumers > UTI HP-2 Steam VentB
UTI LP-1 Steam VentC,Steam Network,Utility Unit [UTI],Steam Consumers,UTI LP-1 Steam Vent,C,UTIL.UTI.STE-103,UO_Plant_Status,1.0,True,United > Steam Network > Utility Unit [UTI] > Steam Consumers > UTI LP-1 Steam VentC
UTI LP-1 DeaeratorA,Steam Network,Utility Unit [UTI],Steam Consumers,UTI LP-1 Deaerator,A,UTIL.UTI.DEA-101,V_7101A_Status,1.0,True,United > Steam Network > Utility Unit [UTI] > Steam Consumers > UTI LP-1 DeaeratorA
UTI LP-1 DeaeratorB,Steam Network,Utility Unit [UTI],Steam Consumers,UTI LP-1 Deaerator,B,UTIL.UTI.DEA-102,V_7101B_Status,1.0,True,United > Steam Network > Utility Unit [UTI] > Steam Consumers > UTI LP-1 DeaeratorB
UTI HP-2 Backpressure TurbineA,Steam Network,Utility Unit [UTI],Steam Generators & Turbines,UTI HP-2 Backpressure Turbine,A,UTIL.UTI.BAC-101,CW_Turbine_A_Status,0.0,False,United > Steam Network > Utility Unit [UTI] > Steam Generators & Turbines > UTI HP-2 Backpressure TurbineA
UTI HP-2 Backpressure TurbineB,Steam Network,Utility Unit [UTI],Steam Generators & Turbines,UTI HP-2 Backpressure Turbine,B,UTIL.UTI.BAC-102,CW_Turbine_B_Status,0.0,False,United > Steam Network > Utility Unit [UTI] > Steam Generators & Turbines > UTI HP-2 Backpressure TurbineB
UTI HP-2 Backpressure TurbineC,Steam Network,Utility Unit [UTI],Steam Generators & Turbines,UTI HP-2 Backpressure Turbine,C,UTIL.UTI.BAC-103,BFW_B_Turb_Status,1.0,True,United > Steam Network > Utility Unit [UTI] > Steam Generators & Turbines > UTI HP-2 Backpressure TurbineC
UTI HP-2 Backpressure TurbineD,Steam Network,Utility Unit [UTI],Steam Generators & Turbines,UTI HP-2 Backpressure Turbine,D,UTIL.UTI.BAC-104,Air_Compressor_Turbine_A_Status,0.0,False,United > Steam Network > Utility Unit [UTI] > Steam Generators & Turbines > UTI HP-2 Backpressure TurbineD
UTI HP-2 Backpressure TurbineE,Steam Network,Utility Unit [UTI],Steam Generators & Turbines,UTI HP-2 Backpressure Turbine,E,UTIL.UTI.BAC-105,BFW_C_Turb_Status,1.0,True,United > Steam Network > Utility Unit [UTI] > Steam Generators & Turbines > UTI HP-2 Backpressure TurbineE
UTI HP-2 Backpressure TurbineF,Steam Network,Utility Unit [UTI],Steam Generators & Turbines,UTI HP-2 Backpressure Turbine,F,UTIL.UTI.BAC-106,Air_Compressor_Turbine_D_Status,0.0,False,United > Steam Network > Utility Unit [UTI] > Steam Generators & Turbines > UTI HP-2 Backpressure TurbineF
UTI HP-2 Backpressure TurbineG,Steam Network,Utility Unit [UTI],Steam Generators & Turbines,UTI HP-2 Backpressure Turbine,G,UTIL.UTI.BAC-107,CW_Turbine_G_Status,0.0,False,United > Steam Network > Utility Unit [UTI] > Steam Generators & Turbines > UTI HP-2 Backpressure TurbineG
UTI HP-2 Backpressure TurbineH,Steam Network,Utility Unit [UTI],Steam Generators & Turbines,UTI HP-2 Backpressure Turbine,H,UTIL.UTI.BAC-108,BFW_E_Turb_Status,1.0,True,United > Steam Network > Utility Unit [UTI] > Steam Generators & Turbines > UTI HP-2 Backpressure TurbineH
UTI HP-2 Backpressure TurbineI,Steam Network,Utility Unit [UTI],Steam Generators & Turbines,UTI HP-2 Backpressure Turbine,I,UTIL.UTI.BAC-109,DMW_Turbine_A_Status,1.0,True,United > Steam Network > Utility Unit [UTI] > Steam Generators & Turbines > UTI HP-2 Backpressure TurbineI
UTI HP-2 Backpressure TurbineJ,Steam Network,Utility Unit [UTI],Steam Generators & Turbines,UTI HP-2 Backpressure Turbine,J,UTIL.UTI.BAC-110,DMW_Turbine_C_Status,0.0,False,United > Steam Network > Utility Unit [UTI] > Steam Generators & Turbines > UTI HP-2 Backpressure TurbineJ
UTI HP-2 Backpressure TurbineK,Steam Network,Utility Unit [UTI],Steam Generators & Turbines,UTI HP-2 Backpressure Turbine,K,UTIL.UTI.BAC-111,VHP_BFW_A_Motor_Status,0.0,False,United > Steam Network > Utility Unit [UTI] > Steam Generators & Turbines > UTI HP-2 Backpressure TurbineK
UTI HP-2 Backpressure TurbineL,Steam Network,Utility Unit [UTI],Steam Generators & Turbines,UTI HP-2 Backpressure Turbine,L,UTIL.UTI.BAC-112,VHP_BFW_B_Turb_Status,1.0,True,United > Steam Network > Utility Unit [UTI] > Steam Generators & Turbines > UTI HP-2 Backpressure TurbineL
UTI HP-2 Backpressure TurbineM,Steam Network,Utility Unit [UTI],Steam Generators & Turbines,UTI HP-2 Backpressure Turbine,M,UTIL.UTI.BAC-113,VHP_BFW_C_Turb_Status,1.0,True,United > Steam Network > Utility Unit [UTI] > Steam Generators & Turbines > UTI HP-2 Backpressure TurbineM
UTI HP-2 Backpressure TurbineN,Steam Network,Utility Unit [UTI],Steam Generators & Turbines,UTI HP-2 Backpressure Turbine,N,UTIL.UTI.BAC-114,FDF_A_Motor_Status,0.0,False,United > Steam Network > Utility Unit [UTI] > Steam Generators & Turbines > UTI HP-2 Backpressure TurbineN
UTI HP-2 Backpressure TurbineO,Steam Network,Utility Unit [UTI],Steam Generators & Turbines,UTI HP-2 Backpressure Turbine,O,UTIL.UTI.BAC-115,FDF_B_Motor_Status,0.0,False,United > Steam Network > Utility Unit [UTI] > Steam Generators & Turbines > UTI HP-2 Backpressure TurbineO
UTI MP-2 Backpressure TurbineP,Steam Network,Utility Unit [UTI],Steam Generators & Turbines,UTI MP-2 Backpressure Turbine,P,UTIL.UTI.BAC-116,BFW_F_Motor_Status,0.0,False,United > Steam Network > Utility Unit [UTI] > Steam Generators & Turbines > UTI MP-2 Backpressure TurbineP
UTI MP-2 Backpressure TurbineQ,Steam Network,Utility Unit [UTI],Steam Generators & Turbines,UTI MP-2 Backpressure Turbine,Q,UTIL.UTI.BAC-117,UO_Plant_Status,1.0,True,United > Steam Network > Utility Unit [UTI] > Steam Generators & Turbines > UTI MP-2 Backpressure TurbineQ
UTI VHP Extraction-Condensing TurbineA,Steam Network,Utility Unit [UTI],Steam Generators & Turbines,UTI VHP Extraction-Condensing Turbine,A,UTIL.UTI.EXT-101,KT_1200_Status,1.0,True,United > Steam Network > Utility Unit [UTI] > Steam Generators & Turbines > UTI VHP Extraction-Condensing TurbineA
UTI LP-1 Steam ExchangerA,Steam Network,Utility Unit [UTI],Steam Consumers,UTI LP-1 Steam Exchanger,A,UTIL.UTI.SHX-101,UO_Plant_Status,1.0,True,United > Steam Network > Utility Unit [UTI] > Steam Consumers > UTI LP-1 Steam ExchangerA
UTI VHP Letdown Station (PRDS)A,Steam Network,Utility Unit [UTI],Steam Distribution (Headers/PRDS),UTI VHP Letdown Station (PRDS),A,UTIL.UTI.LET-101,UO_Plant_Status,1.0,True,United > Steam Network > Utility Unit [UTI] > Steam Distribution (Headers/PRDS) > UTI VHP Letdown Station (PRDS)A
UTI VHP Letdown Station (PRDS)B,Steam Network,Utility Unit [UTI],Steam Distribution (Headers/PRDS),UTI VHP Letdown Station (PRDS),B,UTIL.UTI.LET-102,UO_Plant_Status,1.0,True,United > Steam Network > Utility Unit [UTI] > Steam Distribution (Headers/PRDS) > UTI VHP Letdown Station (PRDS)B
UTI HP-2 Letdown Station (PRDS)C,Steam Network,Utility Unit [UTI],Steam Distribution (Headers/PRDS),UTI HP-2 Letdown Station (PRDS),C,UTIL.UTI.LET-103,UO_Plant_Status,1.0,True,United > Steam Network > Utility Unit [UTI] > Steam Distribution (Headers/PRDS) > UTI HP-2 Letdown Station (PRDS)C
UTI MP-2 Letdown Station (PRDS)D,Steam Network,Utility Unit [UTI],Steam Distribution (Headers/PRDS),UTI MP-2 Letdown Station (PRDS),D,UTIL.UTI.LET-104,UO_Plant_Status,1.0,True,United > Steam Network > Utility Unit [UTI] > Steam Distribution (Headers/PRDS) > UTI MP-2 Letdown Station (PRDS)D
UTI MP-2 Letdown Station (PRDS)E,Steam Network,Utility Unit [UTI],Steam Distribution (Headers/PRDS),UTI MP-2 Letdown Station (PRDS),E,UTIL.UTI.LET-105,UO_Plant_Status,1.0,True,United > Steam Network > Utility Unit [UTI] > Steam Distribution (Headers/PRDS) > UTI MP-2 Letdown Station (PRDS)E
UTI MP-2 Letdown Station (PRDS)F,Steam Network,Utility Unit [UTI],Steam Distribution (Headers/PRDS),UTI MP-2 Letdown Station (PRDS),F,UTIL.UTI.LET-106,UO_Plant_Status,1.0,True,United > Steam Network > Utility Unit [UTI] > Steam Distribution (Headers/PRDS) > UTI MP-2 Letdown Station (PRDS)F
UTI MP-2 Letdown Station (PRDS)G,Steam Network,Utility Unit [UTI],Steam Distribution (Headers/PRDS),UTI MP-2 Letdown Station (PRDS),G,UTIL.UTI.LET-107,UO_Plant_Status,1.0,True,United > Steam Network > Utility Unit [UTI] > Steam Distribution (Headers/PRDS) > UTI MP-2 Letdown Station (PRDS)G
