seu_suggestions_mapping_id,seu_id,operation_decision_support_id,solution_source,active,expression
1,114,4795,external,0,NULL
4,90,100,internal,0,NULL
5,91,101,internal,0,NULL
6,62,4798,external,1,"if([EG1_MP_to_E_2531_actual]==[EG1_MP_to_E_2531_optimum],0,1)"
7,62,4804,external,1,"if([EG1_MP_to_E_2531_actual]==[EG1_MP_to_E_2531_optimum],0,1)"
8,62,9275,external,0,"if([EG1_MP_to_E_2531_actual]==[EG1_MP_to_E_2531_optimum],0,1)"
9,62,4793,external,0,NULL
10,62,4805,external,0,NULL
11,62,7600,external,0,NULL
12,112,4527,external,1,"if(([EG1_LP_to_C_2220_actual]+[EG1_LP_to_E_2220_actual])==([EG1_LP_to_C_2220_optimum]+[EG1_LP_to_E_2220_optimum]),0,1)"
13,112,9282,external,1,"if(([EG1_LP_to_C_2220_actual]+[EG1_LP_to_E_2220_actual])==([EG1_LP_to_C_2220_optimum]+[EG1_LP_to_E_2220_optimum]),0,1)"
14,110,4795,external,1,"if(([EG1_LP_to_C_2310_actual]+[EG1_LP_to_E_2310_actual])==([EG1_LP_to_C_2310_optimum]+[EG1_LP_to_E_2310_optimum]),0,1)"
15,61,4806,external,1,"if([EG1_LP_to_E_2523_actual]==[EG1_LP_to_E_2523_optimum],0,1)"
16,67,1558,external,1,"if([EG2_MP_to_E_4531_actual]==[EG2_MP_to_E_4531_optimum],0,1)"
17,67,1564,external,1,"if([EG2_MP_to_E_4531_actual]==[EG2_MP_to_E_4531_optimum],0,1)"
18,67,2032,external,0,NULL
19,113,3261,external,1,"if(([EG2_LP_to_C_4220_actual]+[EG2_LP_to_E_4220_actual])==([EG2_LP_to_C_4220_optimum]+[EG2_LP_to_E_4220_optimum]),0,1)"
20,113,10350,external,1,"if(([EG2_LP_to_C_4220_actual]+[EG2_LP_to_E_4220_actual])==([EG2_LP_to_C_4220_optimum]+[EG2_LP_to_E_4220_optimum]),0,1)"
21,111,1556,external,1,"if(([EG2_LP_to_C_4310_actual]+[EG2_LP_to_E_4310_actual])==([EG2_LP_to_C_4310_optimum]+[EG2_LP_to_E_4310_optimum]),0,1)"
22,66,1566,external,1,"if([EG2_LP_to_E_4523_actual]==[EG2_LP_to_E_4523_optimum],0,1)"
23,70,6897,external,0,NULL
24,70,6909,external,0,NULL
25,70,6908,external,1,"if([EG3_MP_to_E_6531_actual]==[EG3_MP_to_E_6531_optimum],0,1)"
26,114,6946,external,1,"if([EG3_LP_to_E_6220_actual]==[EG3_LP_to_E_6220_optimum],0,1)"
27,114,10345,external,1,"if([EG3_LP_to_C_6220_actual]==[EG3_LP_to_C_6220_optimum],0,1)"
28,86,5759,external,1,"if([Total_specific_Power_actual]>[Total_specific_Power_optimum],1,0)"
29,86,7030,external,1,"if([Total_specific_Power_actual]>[Total_specific_Power_optimum],1,0)"
30,86,5760,external,1,"if([Total_specific_Power_actual]>[Total_specific_Power_optimum],1,0)"
31,86,9279,external,1,"if([Total_specific_Power_actual]>[Total_specific_Power_optimum],1,0)"
32,87,5803,external,1,"if([Ethane_feed_saturator_inlet_steam_flow_actual]==[Ethane_feed_saturator_inlet_steam_flow_optimum],0,1)"
33,87,5804,external,1,"if([Ethane_feed_saturator_inlet_steam_flow_actual]==[Ethane_feed_saturator_inlet_steam_flow_optimum],0,1)"
34,87,5805,external,1,"if([Ethane_feed_saturator_inlet_steam_flow_actual]==[Ethane_feed_saturator_inlet_steam_flow_optimum],0,1)"
35,87,5806,external,1,"if([Ethane_feed_saturator_inlet_steam_flow_actual]==[Ethane_feed_saturator_inlet_steam_flow_optimum],0,1)"
36,63,237,internal,1,1
37,64,238,internal,1,1
38,68,239,internal,1,1
39,69,240,internal,1,1
40,71,241,internal,1,1
41,62,4802,external,1,"if([EG1_MP_to_E_2531_actual]==[EG1_MP_to_E_2531_optimum],0,1)"
42,62,4807,external,1,"if([EG1_MP_to_E_2531_actual]==[EG1_MP_to_E_2531_optimum],0,1)"
43,62,4799,external,1,"if([EG1_MP_to_E_2531_actual]==[EG1_MP_to_E_2531_optimum],0,1)"
44,62,4800,external,1,"if([EG1_MP_to_E_2531_actual]==[EG1_MP_to_E_2531_optimum],0,1)"
45,62,4801,external,1,"if([EG1_MP_to_E_2531_actual]==[EG1_MP_to_E_2531_optimum],0,1)"
46,67,1567,external,1,"if([EG2_MP_to_E_4531_actual]==[EG2_MP_to_E_4531_optimum],0,1)"
47,67,1559,external,1,"if([EG2_MP_to_E_4531_actual]==[EG2_MP_to_E_4531_optimum],0,1)"
48,67,1560,external,1,"if([EG2_MP_to_E_4531_actual]==[EG2_MP_to_E_4531_optimum],0,1)"
49,67,1561,external,1,"if([EG2_MP_to_E_4531_actual]==[EG2_MP_to_E_4531_optimum],0,1)"
50,67,1562,external,1,"if([EG2_MP_to_E_4531_actual]==[EG2_MP_to_E_4531_optimum],0,1)"
51,67,10666,external,1,"if([EG2_MP_to_E_4531_actual]==[EG2_MP_to_E_4531_optimum],0,1)"
52,67,10667,external,1,"if([EG2_MP_to_E_4531_actual]==[EG2_MP_to_E_4531_optimum],0,1)"
53,67,10668,external,1,"if([EG2_MP_to_E_4531_actual]==[EG2_MP_to_E_4531_optimum],0,1)"
54,67,10669,external,1,"if([EG2_MP_to_E_4531_actual]==[EG2_MP_to_E_4531_optimum],0,1)"
55,67,10670,external,1,"if([EG2_MP_to_E_4531_actual]==[EG2_MP_to_E_4531_optimum],0,1)"
56,70,6911,external,1,"if([EG3_MP_to_E_6531_actual]==[EG3_MP_to_E_6531_optimum],0,1)"
57,70,6914,external,1,"if([EG3_MP_to_E_6531_actual]==[EG3_MP_to_E_6531_optimum],0,1)"
58,70,6913,external,1,"if([EG3_MP_to_E_6531_actual]==[EG3_MP_to_E_6531_optimum],0,1)"
59,70,6906,external,1,"if([EG3_MP_to_E_6531_actual]==[EG3_MP_to_E_6531_optimum],0,1)"
60,70,6905,external,1,"if([EG3_MP_to_E_6531_actual]==[EG3_MP_to_E_6531_optimum],0,1)"
61,70,6904,external,1,"if([EG3_MP_to_E_6531_actual]==[EG3_MP_to_E_6531_optimum],0,1)"
62,70,6903,external,1,"if([EG3_MP_to_E_6531_actual]==[EG3_MP_to_E_6531_optimum],0,1)"
63,70,6902,external,1,"if([EG3_MP_to_E_6531_actual]==[EG3_MP_to_E_6531_optimum],0,1)"
64,86,6606,external,0,1
65,86,6629,external,0,1
66,86,6630,external,0,1
67,86,6062,external,0,1
68,86,6063,external,0,1
69,86,6064,external,0,1
70,86,6066,external,0,1
71,86,6632,external,0,1
72,86,6633,external,0,1
73,86,6634,external,0,1
74,86,6635,external,0,1
75,86,6636,external,0,1
76,121,6606,external,1,"if([Specific_energy_consumption_in_C2R_actual]>[Specific_energy_consumption_in_C2R_optimum],1,0)"
77,121,6629,external,1,"if([Specific_energy_consumption_in_C2R_actual]>[Specific_energy_consumption_in_C2R_optimum],1,0)"
78,121,6630,external,1,"if([Specific_energy_consumption_in_C2R_actual]>[Specific_energy_consumption_in_C2R_optimum],1,0)"
79,121,6062,external,1,"if([Specific_energy_consumption_in_C2R_actual]>[Specific_energy_consumption_in_C2R_optimum],1,0)"
80,121,6063,external,1,"if([Specific_energy_consumption_in_C2R_actual]>[Specific_energy_consumption_in_C2R_optimum],1,0)"
81,121,6064,external,1,"if([Specific_energy_consumption_in_C2R_actual]>[Specific_energy_consumption_in_C2R_optimum],1,0)"
82,121,6066,external,1,"if([Specific_energy_consumption_in_C2R_actual]>[Specific_energy_consumption_in_C2R_optimum],1,0)"
83,121,6632,external,1,"if([Specific_energy_consumption_in_C2R_actual]>[Specific_energy_consumption_in_C2R_optimum],1,0)"
84,121,6633,external,0,1
85,121,6634,external,0,1
86,121,6635,external,0,1
87,121,6636,external,0,1
88,122,6633,external,1,"if([Specific_energy_consumption_in_C3R_actual]>[Specific_energy_consumption_in_C3R_optimum],1,0)"
89,122,6634,external,1,"if([Specific_energy_consumption_in_C3R_actual]>[Specific_energy_consumption_in_C3R_optimum],1,0)"
90,122,6635,external,1,"if([Specific_energy_consumption_in_C3R_actual]>[Specific_energy_consumption_in_C3R_optimum],1,0)"
91,122,6636,external,1,"if([Specific_energy_consumption_in_C3R_actual]>[Specific_energy_consumption_in_C3R_optimum],1,0)"
92,86,5758,external,1,"if([Total_specific_Power_actual]>[Total_specific_Power_optimum],1,0)"
93,86,5378,external,1,"if([Total_specific_Power_actual]>[Total_specific_Power_optimum],1,0)"
94,86,9277,external,1,"if([Total_specific_Power_actual]>[Total_specific_Power_optimum],1,0)"
95,86,5379,external,1,"if([Total_specific_Power_actual]>[Total_specific_Power_optimum],1,0)"
96,86,9278,external,1,"if([Total_specific_Power_actual]>[Total_specific_Power_optimum],1,0)"
97,86,5380,external,1,"if([Total_specific_Power_actual]>[Total_specific_Power_optimum],1,0)"
98,86,7020,external,1,"if([Total_specific_Power_actual]>[Total_specific_Power_optimum],1,0)"
99,86,5381,external,1,"if([Total_specific_Power_actual]>[Total_specific_Power_optimum],1,0)"
100,86,7021,external,1,"if([Total_specific_Power_actual]>[Total_specific_Power_optimum],1,0)"
101,86,5382,external,1,"if([Total_specific_Power_actual]>[Total_specific_Power_optimum],1,0)"
102,86,7022,external,1,"if([Total_specific_Power_actual]>[Total_specific_Power_optimum],1,0)"
103,86,5383,external,1,"if([Total_specific_Power_actual]>[Total_specific_Power_optimum],1,0)"
104,86,7023,external,1,"if([Total_specific_Power_actual]>[Total_specific_Power_optimum],1,0)"
105,86,5384,external,1,"if([Total_specific_Power_actual]>[Total_specific_Power_optimum],1,0)"
106,86,7024,external,1,"if([Total_specific_Power_actual]>[Total_specific_Power_optimum],1,0)"
107,86,5385,external,1,"if([Total_specific_Power_actual]>[Total_specific_Power_optimum],1,0)"
108,86,7025,external,1,"if([Total_specific_Power_actual]>[Total_specific_Power_optimum],1,0)"
109,86,5752,external,1,"if([Total_specific_Power_actual]>[Total_specific_Power_optimum],1,0)"
110,86,7016,external,1,"if([Total_specific_Power_actual]>[Total_specific_Power_optimum],1,0)"
111,86,5753,external,1,"if([Total_specific_Power_actual]>[Total_specific_Power_optimum],1,0)"
112,86,7017,external,1,"if([Total_specific_Power_actual]>[Total_specific_Power_optimum],1,0)"
113,86,5754,external,1,"if([Total_specific_Power_actual]>[Total_specific_Power_optimum],1,0)"
114,86,7018,external,1,"if([Total_specific_Power_actual]>[Total_specific_Power_optimum],1,0)"
115,86,5755,external,1,"if([Total_specific_Power_actual]>[Total_specific_Power_optimum],1,0)"
116,86,7019,external,1,"if([Total_specific_Power_actual]>[Total_specific_Power_optimum],1,0)"
117,86,6958,external,1,"if([Total_specific_Power_actual]>[Total_specific_Power_optimum],1,0)"
118,62,10660,external,1,"if([EG1_MP_to_E_2531_actual]==[EG1_MP_to_E_2531_optimum],0,1)"
119,62,10661,external,1,"if([EG1_MP_to_E_2531_actual]==[EG1_MP_to_E_2531_optimum],0,1)"
120,62,10662,external,1,"if([EG1_MP_to_E_2531_actual]==[EG1_MP_to_E_2531_optimum],0,1)"
121,62,10663,external,1,"if([EG1_MP_to_E_2531_actual]==[EG1_MP_to_E_2531_optimum],0,1)"
122,62,10664,external,1,"if([EG1_MP_to_E_2531_actual]==[EG1_MP_to_E_2531_optimum],0,1)"
123,121,5309,external,1,"if([Specific_energy_consumption_in_C2R_actual]>[Specific_energy_consumption_in_C2R_optimum],1,0)"
124,121,6048,external,1,"if([Specific_energy_consumption_in_C2R_actual]>[Specific_energy_consumption_in_C2R_optimum],1,0)"
125,121,6624,external,1,"if([Specific_energy_consumption_in_C2R_actual]>[Specific_energy_consumption_in_C2R_optimum],1,0)"
126,121,5293,external,1,"if([Specific_energy_consumption_in_C2R_actual]>[Specific_energy_consumption_in_C2R_optimum],1,0)"
127,121,6050,external,1,"if([Specific_energy_consumption_in_C2R_actual]>[Specific_energy_consumption_in_C2R_optimum],1,0)"
128,121,6626,external,1,"if([Specific_energy_consumption_in_C2R_actual]>[Specific_energy_consumption_in_C2R_optimum],1,0)"
129,81,8192,external,1,"if([Boiler_peeo_mesg_taking_actual]==1,1,0)"
130,81,8193,external,1,"if([Boiler_peeo_mesg_taking_actual]==1,1,0)"
131,81,8194,external,1,"if([Boiler_peeo_mesg_taking_actual]==1,1,0)"
132,81,8195,external,1,"if([Boiler_peeo_mesg_taking_actual]==1,1,0)"
133,81,8196,external,1,"if([Boiler_peeo_mesg_taking_actual]==1,1,0)"
134,81,8327,external,1,"if([Boiler_peeo_mesg_taking_actual]==1,1,0)"
135,81,8329,external,1,"if([Boiler_peeo_mesg_taking_actual]==1,1,0)"
136,81,8331,external,1,"if([Boiler_peeo_mesg_taking_actual]==1,1,0)"
137,81,8590,external,1,"if([Boiler_peeo_mesg_taking_actual]==1,1,0)"
138,81,8592,external,1,"if([Boiler_peeo_mesg_taking_actual]==1,1,0)"
139,81,8594,external,1,"if([Boiler_peeo_mesg_taking_actual]==1,1,0)"
140,81,9611,external,0,"if([Boiler_peeo_mesg_taking_actual]==1,1,0)"
141,81,9613,external,0,"if([Boiler_peeo_mesg_taking_actual]==1,1,0)"
142,81,9615,external,0,"if([Boiler_peeo_mesg_taking_actual]==1,1,0)"
143,81,9663,external,1,"if([Boiler_peeo_mesg_taking_actual]==1,1,0)"
144,81,9665,external,1,"if([Boiler_peeo_mesg_taking_actual]==1,1,0)"
145,81,9667,external,1,"if([Boiler_peeo_mesg_taking_actual]==1,1,0)"
146,81,9669,external,1,"if([Boiler_peeo_mesg_taking_actual]==1,1,0)"
147,81,9671,external,0,"if([Boiler_peeo_mesg_taking_actual]==1,1,0)"
148,81,9673,external,0,"if([Boiler_peeo_mesg_taking_actual]==1,1,0)"
149,72,4379,external,1,1
150,72,4382,external,1,1
151,72,4385,external,1,1
152,72,8118,external,0,1
153,72,8121,external,0,1
154,72,8124,external,0,1
155,72,8149,external,0,1
156,72,8152,external,0,1
157,72,8155,external,0,1
158,72,8180,external,0,1
159,72,8183,external,0,1
160,72,8186,external,0,1
161,72,8211,external,0,1
162,72,8214,external,0,1
163,72,8217,external,0,1
164,72,8242,external,0,1
165,72,8245,external,0,1
166,72,8248,external,0,1
167,72,8273,external,0,1
168,72,8276,external,0,1
169,72,8279,external,0,1
170,72,8304,external,0,1
171,72,8307,external,0,1
172,72,8310,external,0,1
173,72,8335,external,0,1
174,72,8338,external,0,1
175,72,8341,external,0,1
176,73,8118,external,1,1
177,73,8121,external,1,1
178,73,8124,external,1,1
179,74,8149,external,1,1
180,74,8152,external,1,1
181,74,8155,external,1,1
182,75,8180,external,1,1
183,75,8183,external,1,1
184,75,8186,external,1,1
185,76,8211,external,1,1
186,76,8214,external,1,1
187,76,8217,external,1,1
188,77,8242,external,1,1
189,77,8245,external,1,1
190,77,8248,external,1,1
191,78,8273,external,1,1
192,78,8276,external,1,1
193,78,8279,external,1,1
194,79,8304,external,1,1
195,79,8307,external,1,1
196,79,8310,external,1,1
197,80,8335,external,1,1
198,80,8338,external,1,1
199,80,8341,external,1,1
